{"type":"FeatureCollection","features":[{"type":"Feature","geometry":null,"properties":{"kind":"trail","id":"220","name":"SNOWSTORM RIDGE","bmp":0,"emp":7.3,"mvum_symbol_name":"Trails open to motorcycles, Yearlong","seasonal":"yearlong","motorcycle_datesopen":"01/01-12/31","districtname":"Plains/Thompson Falls Ranger District","trailclass":"TC2 - MODERATELY DEVELOPED","e_bike_class1":"open","e_bike_class1_dur":"01/01-12/31","e_bike_class2":"open","e_bike_class2_dur":"01/01-12/31","e_bike_class3":"open","e_bike_class3_dur":"01/01-12/31"}},{"type":"Feature","geometry":null,"properties":{"kind":"trail","id":"6.01","name":"BLUE MTN MOTORCYCLE/ ATV","bmp":0,"emp":3.8200000000000003,"mvum_symbol_name":"Trails open to vehicles 50\" or less in width, Seasonal","seasonal":"seasonal","atv_datesopen":"05/02-11/30","motorcycle_datesopen":"05/02-11/30","otherwheeled_ohv_datesopen":"05/02-11/30","tracked_ohv_lt50_datesopen":"05/02-11/30","other_ohv_lt50_datesopen":"05/02-11/30","districtname":"Missoula Ranger District","trailclass":"TC4 - HIGHLY DEVELOPED","e_bike_class1":"open","e_bike_class1_dur":"05/02-11/30","e_bike_class2":"open","e_bike_class2_dur":"05/02-11/30","e_bike_class3":"open","e_bike_class3_dur":"05/02-11/30"}},{"type":"Feature","geometry":null,"properties":{"kind":"trail","id":"1225","name":"KEITH CREEK","bmp":0,"emp":4.5,"mvum_symbol_name":"Trails open to motorcycles, Yearlong","seasonal":"yearlong","motorcycle_datesopen":"01/01-12/31","districtname":"Superior Ranger District","trailclass":"TC3 - DEVELOPED","e_bike_class1":"open","e_bike_class1_dur":"01/01-12/31","e_bike_class2":"open","e_bike_class2_dur":"01/01-12/31","e_bike_class3":"open","e_bike_class3_dur":"01/01-12/31"}},{"type":"Feature","geometry":{"type":"LineString","coordinates":[[-115.550711,47.612439],[-115.551255,47.612433],[-115.551639,47.612509],[-115.551997,47.612507],[-115.552406,47.612442],[-115.552755,47.612434],[-115.553097,47.612456],[-115.55336,47.612476],[-115.553609,47.612456],[-115.553933,47.612453],[-115.554318,47.612447],[-115.555094,47.61238],[-115.555302,47.612346],[-115.55546,47.612337],[-115.555626,47.612336],[-115.555798,47.612389],[-115.555947,47.612395],[-115.556052,47.61239],[-115.556245,47.61238],[-115.556367,47.612361],[-115.556477,47.612308],[-115.556498,47.612245],[-115.556451,47.612113],[-115.55644,47.612016],[-115.556526,47.611904],[-115.55662,47.611796],[-115.556769,47.611715],[-115.556923,47.611637],[-115.557097,47.611585],[-115.557347,47.611548],[-115.557784,47.611506],[-115.558291,47.611492],[-115.558654,47.611518],[-115.559047,47.611555],[-115.559597,47.611612],[-115.560272,47.611679],[-115.56052,47.611742],[-115.560761,47.611842],[-115.560996,47.611892],[-115.561213,47.611902],[-115.561364,47.611894],[-115.561566,47.611843],[-115.561733,47.611755],[-115.561853,47.611666],[-115.561974,47.611642],[-115.562948,47.611484],[-115.56325,47.61147],[-115.563493,47.6114],[-115.563695,47.611378],[-115.563856,47.611371],[-115.56443,47.611358],[-115.564799,47.61135],[-115.565219,47.61134],[-115.565413,47.611376],[-115.565951,47.611616],[-115.566191,47.611697],[-115.566877,47.611869],[-115.567538,47.612004],[-115.567952,47.612066],[-115.568276,47.612068],[-115.568771,47.612052],[-115.569621,47.611966],[-115.569943,47.611977],[-115.570429,47.611952],[-115.570812,47.611978],[-115.571015,47.612002],[-115.571498,47.612058],[-115.572336,47.612194],[-115.572742,47.612263],[-115.573168,47.612389],[-115.573388,47.612491],[-115.573715,47.612594],[-115.5739,47.612668],[-115.574164,47.612726],[-115.57434,47.612727],[-115.574525,47.612715],[-115.574997,47.61278],[-115.575644,47.612854],[-115.5761,47.612934],[-115.576666,47.613044],[-115.57717,47.613147],[-115.577729,47.613263],[-115.57795,47.613312],[-115.578418,47.613351],[-115.578752,47.613322],[-115.578944,47.613295],[-115.579424,47.613256],[-115.579667,47.613246],[-115.579902,47.613313],[-115.580091,47.613361],[-115.58056,47.613477],[-115.58103,47.613642],[-115.581152,47.613679],[-115.581502,47.613752],[-115.581761,47.613774],[-115.582157,47.613789],[-115.582667,47.613839],[-115.583334,47.613947],[-115.583829,47.614069],[-115.584234,47.614232],[-115.584624,47.614371],[-115.584844,47.614408],[-115.585271,47.614413],[-115.585889,47.614408],[-115.586294,47.614288],[-115.586439,47.614173],[-115.586578,47.614105],[-115.586764,47.614095],[-115.586925,47.614117],[-115.58713,47.614205],[-115.587346,47.614309],[-115.58759,47.614308],[-115.588022,47.61432],[-115.588677,47.614319],[-115.589568,47.614357],[-115.590203,47.614362],[-115.590811,47.614341],[-115.59132,47.614314],[-115.591825,47.614323],[-115.592423,47.614424],[-115.593047,47.614586],[-115.593299,47.614649],[-115.593537,47.614741],[-115.594134,47.614982],[-115.594582,47.615228],[-115.595043,47.615493],[-115.595337,47.615601],[-115.595655,47.615677],[-115.596204,47.615714],[-115.59661,47.615715],[-115.596781,47.615714],[-115.597062,47.615749],[-115.597242,47.615797],[-115.597671,47.615951],[-115.5981,47.616181],[-115.59849,47.616493],[-115.598961,47.616773],[-115.599304,47.616992],[-115.599775,47.617195],[-115.599869,47.617239],[-115.600193,47.617404],[-115.600381,47.617479],[-115.60081,47.617676],[-115.601218,47.617863],[-115.60171,47.618],[-115.601913,47.618027],[-115.602457,47.618092],[-115.603194,47.618135],[-115.603666,47.618245],[-115.604151,47.618357],[-115.604679,47.61853],[-115.605733,47.618853],[-115.606692,47.61916],[-115.607779,47.619556],[-115.608766,47.619894],[-115.609693,47.620238],[-115.610074,47.620441],[-115.610381,47.620628],[-115.61057,47.620755],[-115.610877,47.621009],[-115.61118,47.621342],[-115.611544,47.621669],[-115.611764,47.621883],[-115.612204,47.622196],[-115.612625,47.622493],[-115.612887,47.622675],[-115.613421,47.622962],[-115.613975,47.623226],[-115.614424,47.623335],[-115.615409,47.623532],[-115.616602,47.623692],[-115.617264,47.623739],[-115.617818,47.623766],[-115.618368,47.623697],[-115.618896,47.623614],[-115.619306,47.623556],[-115.620069,47.623399],[-115.62019,47.623393],[-115.620346,47.623351],[-115.62039,47.62331],[-115.620549,47.623176],[-115.620711,47.623137],[-115.621074,47.623123],[-115.621174,47.623086],[-115.621768,47.623011],[-115.62232,47.622955],[-115.622967,47.622992],[-115.62339,47.623077],[-115.623876,47.623199],[-115.624528,47.623387],[-115.624925,47.623502],[-115.625543,47.62367],[-115.626087,47.62387],[-115.626314,47.623939],[-115.626754,47.624068],[-115.627225,47.624262],[-115.62834,47.62452],[-115.628895,47.624626],[-115.629372,47.624653],[-115.629486,47.624653],[-115.630164,47.624625],[-115.630905,47.624572],[-115.631419,47.624561],[-115.632273,47.624516],[-115.632607,47.624474],[-115.632842,47.624392],[-115.633314,47.624187],[-115.633716,47.624016],[-115.634372,47.623766],[-115.634873,47.623573],[-115.635403,47.623475],[-115.635777,47.623485],[-115.635965,47.623508],[-115.636361,47.623629],[-115.637235,47.623972],[-115.637448,47.623999],[-115.637775,47.623962],[-115.637888,47.623945],[-115.638181,47.623902],[-115.638424,47.62383],[-115.638774,47.623778],[-115.638993,47.623736],[-115.639272,47.623504],[-115.639369,47.623309],[-115.639427,47.623108],[-115.639528,47.622794],[-115.639544,47.622611],[-115.639802,47.622322],[-115.640036,47.622195],[-115.640349,47.622128],[-115.64075,47.622096],[-115.641326,47.621985],[-115.641526,47.621874],[-115.641748,47.621693],[-115.641983,47.621405],[-115.642439,47.621172],[-115.642745,47.621084],[-115.643015,47.621031],[-115.643354,47.621002],[-115.643998,47.621015],[-115.644273,47.620881],[-115.644336,47.620756],[-115.644758,47.620545],[-115.645181,47.62042],[-115.645631,47.62026],[-115.646234,47.620061],[-115.646486,47.619968],[-115.646716,47.619825],[-115.64686,47.619715],[-115.647226,47.619549],[-115.647547,47.619497],[-115.647672,47.619509],[-115.647795,47.619563],[-115.648003,47.619579],[-115.648206,47.619545],[-115.648483,47.619442],[-115.648659,47.619359],[-115.648818,47.619248],[-115.649033,47.618971],[-115.649079,47.618652],[-115.649048,47.618445],[-115.648777,47.617892],[-115.648645,47.617648],[-115.648485,47.617335],[-115.648338,47.617134],[-115.648137,47.61694],[-115.647936,47.616695],[-115.647856,47.616596],[-115.647853,47.616513],[-115.647967,47.616488],[-115.648165,47.616473],[-115.648347,47.616445],[-115.648617,47.616359],[-115.648662,47.616357],[-115.648754,47.616345],[-115.648856,47.61635],[-115.649054,47.616391],[-115.649358,47.616445],[-115.649742,47.616477],[-115.650018,47.616487],[-115.650322,47.616469],[-115.650734,47.616414],[-115.651466,47.616282],[-115.652394,47.616184],[-115.65279,47.616161],[-115.653237,47.616128],[-115.65374,47.61611],[-115.654349,47.616124],[-115.65488,47.616144],[-115.655669,47.616222],[-115.65653,47.616235],[-115.657026,47.616235],[-115.657448,47.616217],[-115.658032,47.61616],[-115.658679,47.616083],[-115.659024,47.616014],[-115.65932,47.615923],[-115.659534,47.615828],[-115.659729,47.615679],[-115.659899,47.615515],[-115.660331,47.61519],[-115.660533,47.61502],[-115.66069,47.614798],[-115.660953,47.614479],[-115.661059,47.614403],[-115.661158,47.614391],[-115.661287,47.614402],[-115.6614,47.614444],[-115.661458,47.614523],[-115.661583,47.614754],[-115.661686,47.615001],[-115.661847,47.615341],[-115.662155,47.615942],[-115.662323,47.616205],[-115.662524,47.616446],[-115.662702,47.616681],[-115.662881,47.616817],[-115.663206,47.617085],[-115.663403,47.617235],[-115.663479,47.617328],[-115.663612,47.617544],[-115.663753,47.617715],[-115.663861,47.617833],[-115.664071,47.617983],[-115.664534,47.618261],[-115.664825,47.618425],[-115.664886,47.618381],[-115.664969,47.618366],[-115.665088,47.618363],[-115.665324,47.618386],[-115.665528,47.618408],[-115.665866,47.618413],[-115.666336,47.61842],[-115.666413,47.618418],[-115.666524,47.618392],[-115.666648,47.618386],[-115.666896,47.618401],[-115.667305,47.618405],[-115.668177,47.618271],[-115.668825,47.618215],[-115.669642,47.618154],[-115.669889,47.618167],[-115.670154,47.61821],[-115.670335,47.618209],[-115.67063,47.618184],[-115.671309,47.618109],[-115.671762,47.618049],[-115.6722,47.617969],[-115.672925,47.617963],[-115.673354,47.617872],[-115.673989,47.617593],[-115.674499,47.617296],[-115.674929,47.617007],[-115.675212,47.616813],[-115.675726,47.616436],[-115.675999,47.616237],[-115.676279,47.61619],[-115.676878,47.616199],[-115.677365,47.616288],[-115.677876,47.616476],[-115.678281,47.6166],[-115.678446,47.616654],[-115.679012,47.616687],[-115.679492,47.616689],[-115.680164,47.616689],[-115.680668,47.61669],[-115.681261,47.616715],[-115.681932,47.616748],[-115.682648,47.616748],[-115.68309,47.616777],[-115.683579,47.616814],[-115.683785,47.616858],[-115.684255,47.616958],[-115.684762,47.617089],[-115.685316,47.61716],[-115.685453,47.617189],[-115.685614,47.617183],[-115.686051,47.617217],[-115.686253,47.617215],[-115.686772,47.61717],[-115.687332,47.617121],[-115.68791,47.617052],[-115.688529,47.616889],[-115.689111,47.616787],[-115.689931,47.616803],[-115.690254,47.616865],[-115.690376,47.616888],[-115.690991,47.617002],[-115.69182,47.617131],[-115.692268,47.617203],[-115.693047,47.617189],[-115.693363,47.617144],[-115.693846,47.617066],[-115.694467,47.616811],[-115.694867,47.616447],[-115.695155,47.616124],[-115.695185,47.616068]]},"properties":{"kind":"trail","id":"627","name":"CLEAR CREEK","bmp":0,"emp":8.4,"mvum_symbol_name":"Trails open to motorcycles, Yearlong","seasonal":"yearlong","motorcycle_datesopen":"01/01-12/31","districtname":"Plains/Thompson Falls Ranger District","trailclass":"TC3 - DEVELOPED"}},{"type":"Feature","geometry":null,"properties":{"kind":"trail","id":"557","name":"CAMP CREEK","bmp":0,"emp":3.3297,"mvum_symbol_name":"Trails open to motorcycles, Yearlong","seasonal":"yearlong","motorcycle_datesopen":"01/01-12/31","districtname":"Plains/Thompson Falls Ranger District","trailclass":"TC2 - MODERATELY DEVELOPED","e_bike_class1":"open","e_bike_class1_dur":"01/01-12/31","e_bike_class2":"open","e_bike_class2_dur":"01/01-12/31","e_bike_class3":"open","e_bike_class3_dur":"01/01-12/31"}},{"type":"Feature","geometry":null,"properties":{"kind":"trail","id":"1220","name":"WAGON MOUNTAIN","bmp":0,"emp":4,"mvum_symbol_name":"Trails open to motorcycles, Yearlong","seasonal":"yearlong","motorcycle_datesopen":"01/01-12/31","districtname":"Ninemile Ranger District","trailclass":"TC2 - MODERATELY DEVELOPED","e_bike_class1":"open","e_bike_class1_dur":"01/01-12/31","e_bike_class2":"open","e_bike_class2_dur":"01/01-12/31","e_bike_class3":"open","e_bike_class3_dur":"01/01-12/31"}},{"type":"Feature","geometry":null,"properties":{"kind":"trail","id":"696","name":"EVANS GULCH","bmp":0,"emp":2.3,"mvum_symbol_name":"Trails open to motorcycles, Yearlong","seasonal":"yearlong","motorcycle_datesopen":"01/01-12/31","districtname":"Plains/Thompson Falls Ranger District","trailclass":"TC3 - DEVELOPED"}},{"type":"Feature","geometry":null,"properties":{"kind":"trail","id":"144","name":"PETTY CREEK-FISH CREEK DIVIDE","bmp":0,"emp":3.5,"mvum_symbol_name":"Special Designation, Yearlong","seasonal":"yearlong","atv_datesopen":"01/01-12/31","districtname":"Ninemile Ranger District","trailclass":"TC2 - MODERATELY DEVELOPED"}},{"type":"Feature","geometry":null,"properties":{"kind":"trail","id":"6.03","name":"BLUE MTN MC (TRHD TO ATV)","bmp":0,"emp":1.47,"mvum_symbol_name":"Trails open to motorcycles, Seasonal","seasonal":"seasonal","motorcycle_datesopen":"05/01-11/30","districtname":"Missoula Ranger District","trailclass":"TC4 - HIGHLY DEVELOPED"}},{"type":"Feature","geometry":null,"properties":{"kind":"trail","id":"64","name":"RIVER POINT ATV","bmp":0,"emp":0.0352,"mvum_symbol_name":"Trails open to vehicles 50\" or less in width, Seasonal","seasonal":"seasonal","atv_datesopen":"12/01-04/01","motorcycle_datesopen":"12/01-04/01","otherwheeled_ohv_datesopen":"12/01-04/01","tracked_ohv_lt50_datesopen":"12/01-04/01","other_ohv_lt50_datesopen":"12/01-04/01","districtname":"Seeley Lake Ranger District","trailclass":"TC4 - HIGHLY DEVELOPED"}},{"type":"Feature","geometry":null,"properties":{"kind":"trail","id":"445.1","name":"KOO KOO SINT RIDGE","bmp":0,"emp":3.5678,"mvum_symbol_name":"Trails open to motorcycles, Yearlong","seasonal":"yearlong","motorcycle_datesopen":"01/01-12/31","districtname":"Plains/Thompson Falls Ranger District","trailclass":"TC2 - MODERATELY DEVELOPED"}},{"type":"Feature","geometry":null,"properties":{"kind":"trail","id":"21","name":"JOHN LONG","bmp":0,"emp":2.818,"mvum_symbol_name":"Trails open to motorcycles, Seasonal","seasonal":"seasonal","motorcycle_datesopen":"05/16-10/14","districtname":"Missoula Ranger District","trailclass":"TC3 - DEVELOPED"}},{"type":"Feature","geometry":null,"properties":{"kind":"trail","id":"604","name":"DAISY CREEK","bmp":0.9,"emp":5.9017,"mvum_symbol_name":"Trails open to motorcycles, Yearlong","seasonal":"yearlong","motorcycle_datesopen":"01/01-12/31","districtname":"Plains/Thompson Falls Ranger District","trailclass":"TC2 - MODERATELY DEVELOPED"}},{"type":"Feature","geometry":null,"properties":{"kind":"trail","id":"688","name":"CHIPMUNK CREEK","bmp":0.91,"emp":2.8,"mvum_symbol_name":"Trails open to motorcycles, Yearlong","seasonal":"yearlong","motorcycle_datesopen":"01/01-12/31","districtname":"Plains/Thompson Falls Ranger District","trailclass":"TC2 - MODERATELY DEVELOPED"}},{"type":"Feature","geometry":null,"properties":{"kind":"trail","id":"584","name":"WILKES CREEK","bmp":0,"emp":7.2,"mvum_symbol_name":"Trails open to motorcycles, Yearlong","seasonal":"yearlong","motorcycle_datesopen":"01/01-12/31","districtname":"Plains/Thompson Falls Ranger District","trailclass":"TC2 - MODERATELY DEVELOPED","e_bike_class1":"open","e_bike_class1_dur":"01/01-12/31","e_bike_class2":"open","e_bike_class2_dur":"01/01-12/31","e_bike_class3":"open","e_bike_class3_dur":"01/01-12/31"}},{"type":"Feature","geometry":null,"properties":{"kind":"trail","id":"21","name":"JOHN LONG","bmp":2.818,"emp":4.1,"mvum_symbol_name":"Trails open to motorcycles, Yearlong","seasonal":"yearlong","motorcycle_datesopen":"01/01-12/31","districtname":"Missoula Ranger District","trailclass":"TC3 - DEVELOPED"}},{"type":"Feature","geometry":null,"properties":{"kind":"trail","id":"310","name":"NORTH FORK LITTLE THOMPSON","bmp":0,"emp":0.9,"mvum_symbol_name":"Trails open to motorcycles, Yearlong","seasonal":"yearlong","motorcycle_datesopen":"01/01-12/31","districtname":"Plains/Thompson Falls Ranger District","trailclass":"TC2 - MODERATELY DEVELOPED","e_bike_class1":"open","e_bike_class1_dur":"01/01-12/31","e_bike_class2":"open","e_bike_class2_dur":"01/01-12/31","e_bike_class3":"open","e_bike_class3_dur":"01/01-12/31"}},{"type":"Feature","geometry":null,"properties":{"kind":"trail","id":"505","name":"UPPER TWIN CREEK","bmp":0,"emp":1.104,"mvum_symbol_name":"Trails open to vehicles 50\" or less in width, Yearlong","seasonal":"yearlong","atv_datesopen":"01/01-12/31","motorcycle_datesopen":"01/01-12/31","otherwheeled_ohv_datesopen":"01/01-12/31","tracked_ohv_lt50_datesopen":"01/01-12/31","other_ohv_lt50_datesopen":"01/01-12/31","districtname":"Missoula Ranger District","trailclass":"TC2 - MODERATELY DEVELOPED","e_bike_class1":"open","e_bike_class1_dur":"01/01-12/31","e_bike_class2":"open","e_bike_class2_dur":"01/01-12/31","e_bike_class3":"open","e_bike_class3_dur":"01/01-12/31"}},{"type":"Feature","geometry":null,"properties":{"kind":"trail","id":"201","name":"NORTH FORK LITTLE JOE RIDGE","bmp":0,"emp":2.7,"mvum_symbol_name":"Special Designation, Seasonal","seasonal":"seasonal","fourwd_gt50_datesopen":"01/01-12/31","twowd_gt50_datesopen":"01/01-12/31","tracked_ohv_gt50_datesopen":"01/01-12/31","other_ohv_gt50_datesopen":"01/01-12/31","atv_datesopen":"01/01-12/31","motorcycle_datesopen":"05/16-10/14","districtname":"Superior Ranger District","trailclass":"TC2 - MODERATELY DEVELOPED","e_bike_class1":"open","e_bike_class1_dur":"05/16-10/14","e_bike_class2":"open","e_bike_class2_dur":"05/16-10/14","e_bike_class3":"open","e_bike_class3_dur":"05/16-10/14"}},{"type":"Feature","geometry":null,"properties":{"kind":"trail","id":"144","name":"PETTY CREEK-FISH CREEK DIVIDE","bmp":0,"emp":3.5,"mvum_symbol_name":"Special Designation, Yearlong","seasonal":"yearlong","atv_datesopen":"01/01-12/31","districtname":"Ninemile Ranger District","trailclass":"TC2 - MODERATELY DEVELOPED"}},{"type":"Feature","geometry":null,"properties":{"kind":"trail","id":"64","name":"RIVER POINT ATV","bmp":0,"emp":0.0352,"mvum_symbol_name":"Trails open to vehicles 50\" or less in width, Seasonal","seasonal":"seasonal","atv_datesopen":"12/01-04/01","motorcycle_datesopen":"12/01-04/01","otherwheeled_ohv_datesopen":"12/01-04/01","tracked_ohv_lt50_datesopen":"12/01-04/01","other_ohv_lt50_datesopen":"12/01-04/01","districtname":"Seeley Lake Ranger District","trailclass":"TC4 - HIGHLY DEVELOPED"}},{"type":"Feature","geometry":null,"properties":{"kind":"trail","id":"570","name":"JOAN CREEK","bmp":0,"emp":4.1,"mvum_symbol_name":"Trails open to motorcycles, Yearlong","seasonal":"yearlong","motorcycle_datesopen":"01/01-12/31","districtname":"Plains/Thompson Falls Ranger District","trailclass":"TC2 - MODERATELY DEVELOPED","e_bike_class1":"open","e_bike_class1_dur":"01/01-12/31","e_bike_class2":"open","e_bike_class2_dur":"01/01-12/31","e_bike_class3":"open","e_bike_class3_dur":"01/01-12/31"}},{"type":"Feature","geometry":null,"properties":{"kind":"trail","id":"21","name":"JOHN LONG","bmp":0,"emp":2.818,"mvum_symbol_name":"Trails open to motorcycles, Seasonal","seasonal":"seasonal","motorcycle_datesopen":"05/16-10/14","districtname":"Missoula Ranger District","trailclass":"TC3 - DEVELOPED"}},{"type":"Feature","geometry":null,"properties":{"kind":"trail","id":"1309","name":"TEPEE CREEK","bmp":0,"emp":5.9,"mvum_symbol_name":"Trails open to motorcycles, Yearlong","seasonal":"yearlong","motorcycle_datesopen":"01/01-12/31","districtname":"Plains/Thompson Falls Ranger District","trailclass":"TC2 - MODERATELY DEVELOPED","e_bike_class1":"open","e_bike_class1_dur":"01/01-12/31","e_bike_class2":"open","e_bike_class2_dur":"01/01-12/31","e_bike_class3":"open","e_bike_class3_dur":"01/01-12/31"}},{"type":"Feature","geometry":null,"properties":{"kind":"trail","id":"404","name":"CC DIVIDE","bmp":0,"emp":21.5,"mvum_symbol_name":"Trails open to motorcycles, Yearlong","seasonal":"yearlong","motorcycle_datesopen":"01/01-12/31","districtname":"Superior Ranger District","trailclass":"TC3 - DEVELOPED"}},{"type":"Feature","geometry":null,"properties":{"kind":"trail","id":"445.1","name":"KOO KOO SINT RIDGE","bmp":0,"emp":3.5678,"mvum_symbol_name":"Trails open to motorcycles, Yearlong","seasonal":"yearlong","motorcycle_datesopen":"01/01-12/31","districtname":"Plains/Thompson Falls Ranger District","trailclass":"TC2 - MODERATELY DEVELOPED"}},{"type":"Feature","geometry":null,"properties":{"kind":"trail","id":"404","name":"CC DIVIDE","bmp":0,"emp":21.5,"mvum_symbol_name":"Trails open to motorcycles, Yearlong","seasonal":"yearlong","motorcycle_datesopen":"01/01-12/31","districtname":"Superior Ranger District","trailclass":"TC3 - DEVELOPED"}},{"type":"Feature","geometry":null,"properties":{"kind":"trail","id":"604","name":"DAISY CREEK","bmp":0.9,"emp":5.9017,"mvum_symbol_name":"Trails open to motorcycles, Yearlong","seasonal":"yearlong","motorcycle_datesopen":"01/01-12/31","districtname":"Plains/Thompson Falls Ranger District","trailclass":"TC2 - MODERATELY DEVELOPED"}},{"type":"Feature","geometry":null,"properties":{"kind":"trail","id":"688","name":"CHIPMUNK CREEK","bmp":0.91,"emp":2.8,"mvum_symbol_name":"Trails open to motorcycles, Yearlong","seasonal":"yearlong","motorcycle_datesopen":"01/01-12/31","districtname":"Plains/Thompson Falls Ranger District","trailclass":"TC2 - MODERATELY DEVELOPED"}},{"type":"Feature","geometry":null,"properties":{"kind":"trail","id":"21","name":"JOHN LONG","bmp":2.818,"emp":4.1,"mvum_symbol_name":"Trails open to motorcycles, Yearlong","seasonal":"yearlong","motorcycle_datesopen":"01/01-12/31","districtname":"Missoula Ranger District","trailclass":"TC3 - DEVELOPED"}},{"type":"Feature","geometry":null,"properties":{"kind":"trail","id":"696","name":"EVANS GULCH","bmp":0,"emp":2.3,"mvum_symbol_name":"Trails open to motorcycles, Yearlong","seasonal":"yearlong","motorcycle_datesopen":"01/01-12/31","districtname":"Plains/Thompson Falls Ranger District","trailclass":"TC3 - DEVELOPED"}},{"type":"Feature","geometry":null,"properties":{"kind":"trail","id":"6.03","name":"BLUE MTN MC (TRHD TO ATV)","bmp":0,"emp":1.47,"mvum_symbol_name":"Trails open to motorcycles, Seasonal","seasonal":"seasonal","motorcycle_datesopen":"05/01-11/30","districtname":"Missoula Ranger District","trailclass":"TC4 - HIGHLY DEVELOPED"}},{"type":"Feature","geometry":null,"properties":{"kind":"trail","id":"808","name":"DOMINION PEAK","bmp":0.1,"emp":5.3,"mvum_symbol_name":"Trails open to motorcycles, Yearlong","seasonal":"yearlong","motorcycle_datesopen":"01/01-12/31","districtname":"Superior Ranger District","trailclass":"TC3 - DEVELOPED"}},{"type":"Feature","geometry":null,"properties":{"kind":"trail","id":"1215","name":"SNOWSTORM-ROCK CREEK","bmp":0,"emp":1.609,"mvum_symbol_name":"Trails open to motorcycles, Yearlong","seasonal":"yearlong","motorcycle_datesopen":"01/01-12/31","districtname":"Plains/Thompson Falls Ranger District","trailclass":"TC2 - MODERATELY DEVELOPED"}},{"type":"Feature","geometry":null,"properties":{"kind":"trail","id":"1203","name":"VALACH","bmp":0,"emp":2.84,"mvum_symbol_name":"Trails open to motorcycles, Yearlong","seasonal":"yearlong","motorcycle_datesopen":"01/01-12/31","districtname":"Superior Ranger District","trailclass":"TC3 - DEVELOPED"}},{"type":"Feature","geometry":null,"properties":{"kind":"trail","id":"42","name":"EDITH PEAK","bmp":0,"emp":3.251,"mvum_symbol_name":"Trails open to vehicles 50\" or less in width, Yearlong","seasonal":"yearlong","atv_datesopen":"01/01-12/31","motorcycle_datesopen":"01/01-12/31","otherwheeled_ohv_datesopen":"01/01-12/31","tracked_ohv_lt50_datesopen":"01/01-12/31","other_ohv_lt50_datesopen":"01/01-12/31","districtname":"Ninemile Ranger District","trailclass":"TC2 - MODERATELY DEVELOPED"}},{"type":"Feature","geometry":null,"properties":{"kind":"trail","id":"512","name":"MILLER DIVIDE","bmp":0,"emp":3.9568000000000003,"mvum_symbol_name":"Trails open to motorcycles, Seasonal","seasonal":"seasonal","motorcycle_datesopen":"04/01-11/30","districtname":"Missoula Ranger District","trailclass":"TC2 - MODERATELY DEVELOPED"}},{"type":"Feature","geometry":null,"properties":{"kind":"trail","id":"522","name":"BLOSSOM LAKE","bmp":0,"emp":0.8553000000000001,"mvum_symbol_name":"Trails open to motorcycles, Yearlong","seasonal":"yearlong","motorcycle_datesopen":"01/01-12/31","districtname":"Plains/Thompson Falls Ranger District","trailclass":"TC3 - DEVELOPED"}},{"type":"Feature","geometry":null,"properties":{"kind":"trail","id":"255","name":"STORM PEAK","bmp":0,"emp":9.8,"mvum_symbol_name":"Trails open to motorcycles, Yearlong","seasonal":"yearlong","motorcycle_datesopen":"01/01-12/31","districtname":"Superior Ranger District","trailclass":"TC3 - DEVELOPED"}},{"type":"Feature","geometry":null,"properties":{"kind":"trail","id":"604","name":"DAISY CREEK","bmp":0,"emp":0.9,"mvum_symbol_name":"Trails open to vehicles 50\" or less in width, Yearlong","seasonal":"yearlong","atv_datesopen":"01/01-12/31","motorcycle_datesopen":"01/01-12/31","otherwheeled_ohv_datesopen":"01/01-12/31","tracked_ohv_lt50_datesopen":"01/01-12/31","other_ohv_lt50_datesopen":"01/01-12/31","districtname":"Plains/Thompson Falls Ranger District","trailclass":"TC2 - MODERATELY DEVELOPED"}},{"type":"Feature","geometry":null,"properties":{"kind":"trail","id":"6.05","name":"BLUE MOUNTAIN LOOKOUT MC","bmp":0,"emp":3.89,"mvum_symbol_name":"Trails open to motorcycles, Seasonal","seasonal":"seasonal","motorcycle_datesopen":"05/01-11/30","districtname":"Missoula Ranger District","trailclass":"TC4 - HIGHLY DEVELOPED"}},{"type":"Feature","geometry":null,"properties":{"kind":"trail","id":"709","name":"OLSON PEAK","bmp":0.9630000000000001,"emp":4.5,"mvum_symbol_name":"Trails open to motorcycles, Yearlong","seasonal":"yearlong","motorcycle_datesopen":"01/01-12/31","districtname":"Superior Ranger District","trailclass":"TC3 - DEVELOPED"}},{"type":"Feature","geometry":null,"properties":{"kind":"trail","id":"250","name":"UP UP RIDGE","bmp":0,"emp":8.314,"mvum_symbol_name":"Trails open to motorcycles, Yearlong","seasonal":"yearlong","motorcycle_datesopen":"01/01-12/31","districtname":"Superior Ranger District","trailclass":"TC3 - DEVELOPED"}},{"type":"Feature","geometry":null,"properties":{"kind":"trail","id":"311.0","name":"SOUTH FORK LOLO","bmp":4.8,"emp":11.8768,"mvum_symbol_name":"Wheeled OHV <50\", Seasonal","districtname":"Missoula Ranger District","trailclass":"TC2 - MODERATELY DEVELOPED"}},{"type":"Feature","geometry":null,"properties":{"kind":"trail","id":"118","name":"PINE HILL","bmp":0,"emp":0.595,"mvum_symbol_name":"Trails open to motorcycles, Yearlong","seasonal":"yearlong","motorcycle_datesopen":"01/01-12/31","districtname":"Plains/Thompson Falls Ranger District","trailclass":"TC2 - MODERATELY DEVELOPED"}},{"type":"Feature","geometry":null,"properties":{"kind":"trail","id":"404","name":"CC DIVIDE","bmp":32.8,"emp":55.484,"mvum_symbol_name":"Trails open to motorcycles, Seasonal","seasonal":"seasonal","motorcycle_datesopen":"05/16-10/14","districtname":"Superior Ranger District","trailclass":"TC3 - DEVELOPED"}},{"type":"Feature","geometry":null,"properties":{"kind":"trail","id":"17.1-A","name":"BEAR CREEK/ PENNEY LAKE","bmp":0,"emp":0.5,"mvum_symbol_name":"Trails open to motorcycles, Seasonal","seasonal":"seasonal","motorcycle_datesopen":"05/01-11/30","districtname":"Seeley Lake Ranger District","trailclass":"TC1 - MINIMALLY DEVELOPED"}},{"type":"Feature","geometry":null,"properties":{"kind":"trail","id":"498","name":"CHERRY CREEK","bmp":0.6345000000000001,"emp":3.0212,"mvum_symbol_name":"Trails open to motorcycles, Yearlong","seasonal":"yearlong","motorcycle_datesopen":"01/01-12/31","districtname":"Plains/Thompson Falls Ranger District","trailclass":"TC2 - MODERATELY DEVELOPED"}},{"type":"Feature","geometry":null,"properties":{"kind":"trail","id":"118","name":"PINE HILL","bmp":0.869,"emp":1.5464,"mvum_symbol_name":"Trails open to motorcycles, Yearlong","seasonal":"yearlong","motorcycle_datesopen":"01/01-12/31","districtname":"Plains/Thompson Falls Ranger District","trailclass":"TC2 - MODERATELY DEVELOPED"}},{"type":"Feature","geometry":null,"properties":{"kind":"trail","id":"311.0","name":"SOUTH FORK LOLO","bmp":4.8,"emp":11.8768,"mvum_symbol_name":"Wheeled OHV <50\", Seasonal","districtname":"Missoula Ranger District","trailclass":"TC2 - MODERATELY DEVELOPED"}},{"type":"Feature","geometry":null,"properties":{"kind":"trail","id":"250","name":"UP UP RIDGE","bmp":0,"emp":8.314,"mvum_symbol_name":"Trails open to motorcycles, Yearlong","seasonal":"yearlong","motorcycle_datesopen":"01/01-12/31","districtname":"Superior Ranger District","trailclass":"TC3 - DEVELOPED"}},{"type":"Feature","geometry":null,"properties":{"kind":"trail","id":"311.0","name":"SOUTH FORK LOLO","bmp":0,"emp":4.8,"mvum_symbol_name":"Wheeled OHV <50\", Seasonal","districtname":"Missoula Ranger District","trailclass":"TC3 - DEVELOPED"}},{"type":"Feature","geometry":null,"properties":{"kind":"trail","id":"311.0","name":"SOUTH FORK LOLO","bmp":0,"emp":4.8,"mvum_symbol_name":"Wheeled OHV <50\", Seasonal","districtname":"Missoula Ranger District","trailclass":"TC3 - DEVELOPED"}},{"type":"Feature","geometry":null,"properties":{"kind":"trail","id":"404","name":"CC DIVIDE","bmp":32.8,"emp":55.484,"mvum_symbol_name":"Trails open to motorcycles, Seasonal","seasonal":"seasonal","motorcycle_datesopen":"05/16-10/14","districtname":"Superior Ranger District","trailclass":"TC3 - DEVELOPED"}},{"type":"Feature","geometry":null,"properties":{"kind":"trail","id":"17.1-A","name":"BEAR CREEK/ PENNEY LAKE","bmp":0,"emp":0.5,"mvum_symbol_name":"Trails open to motorcycles, Seasonal","seasonal":"seasonal","motorcycle_datesopen":"05/01-11/30","districtname":"Seeley Lake Ranger District","trailclass":"TC1 - MINIMALLY DEVELOPED"}},{"type":"Feature","geometry":null,"properties":{"kind":"trail","id":"498","name":"CHERRY CREEK","bmp":0.6345000000000001,"emp":3.0212,"mvum_symbol_name":"Trails open to motorcycles, Yearlong","seasonal":"yearlong","motorcycle_datesopen":"01/01-12/31","districtname":"Plains/Thompson Falls Ranger District","trailclass":"TC2 - MODERATELY DEVELOPED"}},{"type":"Feature","geometry":null,"properties":{"kind":"trail","id":"604","name":"DAISY CREEK","bmp":0,"emp":0.9,"mvum_symbol_name":"Trails open to vehicles 50\" or less in width, Yearlong","seasonal":"yearlong","atv_datesopen":"01/01-12/31","motorcycle_datesopen":"01/01-12/31","otherwheeled_ohv_datesopen":"01/01-12/31","tracked_ohv_lt50_datesopen":"01/01-12/31","other_ohv_lt50_datesopen":"01/01-12/31","districtname":"Plains/Thompson Falls Ranger District","trailclass":"TC2 - MODERATELY DEVELOPED"}},{"type":"Feature","geometry":null,"properties":{"kind":"trail","id":"688","name":"CHIPMUNK CREEK","bmp":0,"emp":0.91,"mvum_symbol_name":"Trails open to vehicles 50\" or less in width, Yearlong","seasonal":"yearlong","atv_datesopen":"01/01-12/31","motorcycle_datesopen":"01/01-12/31","otherwheeled_ohv_datesopen":"01/01-12/31","tracked_ohv_lt50_datesopen":"01/01-12/31","other_ohv_lt50_datesopen":"01/01-12/31","districtname":"Plains/Thompson Falls Ranger District","trailclass":"TC2 - MODERATELY DEVELOPED"}},{"type":"Feature","geometry":null,"properties":{"kind":"trail","id":"720","name":"WILD HORSE POINT","bmp":0.52,"emp":7.5,"mvum_symbol_name":"Trails open to motorcycles, Yearlong","seasonal":"yearlong","motorcycle_datesopen":"01/01-12/31","districtname":"Ninemile Ranger District","trailclass":"TC2 - MODERATELY DEVELOPED"}},{"type":"Feature","geometry":null,"properties":{"kind":"trail","id":"291","name":"COOK MOUNTAIN","bmp":0.8240000000000001,"emp":5,"mvum_symbol_name":"Trails open to motorcycles, Yearlong","seasonal":"yearlong","motorcycle_datesopen":"01/01-12/31","districtname":"Plains/Thompson Falls Ranger District","trailclass":"TC2 - MODERATELY DEVELOPED"}},{"type":"Feature","geometry":null,"properties":{"kind":"trail","id":"6.01","name":"BLUE MTN MOTORCYCLE/ ATV","bmp":0,"emp":3.8200000000000003,"mvum_symbol_name":"Trails open to vehicles 50\" or less in width, Seasonal","seasonal":"seasonal","atv_datesopen":"05/02-11/30","motorcycle_datesopen":"05/02-11/30","otherwheeled_ohv_datesopen":"05/02-11/30","tracked_ohv_lt50_datesopen":"05/02-11/30","other_ohv_lt50_datesopen":"05/02-11/30","districtname":"Missoula Ranger District","trailclass":"TC4 - HIGHLY DEVELOPED"}},{"type":"Feature","geometry":null,"properties":{"kind":"trail","id":"284","name":"WEST FORK KNOX CREEK","bmp":0,"emp":1.7519,"mvum_symbol_name":"Trails open to motorcycles, Yearlong","seasonal":"yearlong","motorcycle_datesopen":"01/01-12/31","districtname":"Plains/Thompson Falls Ranger District","trailclass":"TC2 - MODERATELY DEVELOPED"}},{"type":"Feature","geometry":null,"properties":{"kind":"trail","id":"404","name":"CC DIVIDE","bmp":27.614,"emp":32.8,"mvum_symbol_name":"Trails open to vehicles 50\" or less in width, Seasonal","seasonal":"seasonal","atv_datesopen":"05/16-10/14","motorcycle_datesopen":"05/16-10/14","otherwheeled_ohv_datesopen":"05/16-10/14","tracked_ohv_lt50_datesopen":"05/16-10/14","other_ohv_lt50_datesopen":"05/16-10/14","districtname":"Superior Ranger District","trailclass":"TC3 - DEVELOPED"}},{"type":"Feature","geometry":null,"properties":{"kind":"trail","id":"701","name":"GLIDDEN CREEK","bmp":0,"emp":0.75,"mvum_symbol_name":"Trails open to vehicles 50\" or less in width, Yearlong","seasonal":"yearlong","atv_datesopen":"01/01-12/31","motorcycle_datesopen":"01/01-12/31","otherwheeled_ohv_datesopen":"01/01-12/31","tracked_ohv_lt50_datesopen":"01/01-12/31","other_ohv_lt50_datesopen":"01/01-12/31","districtname":"Plains/Thompson Falls Ranger District","trailclass":"TC3 - DEVELOPED"}},{"type":"Feature","geometry":null,"properties":{"kind":"trail","id":"398","name":"DEE CREEK","bmp":0,"emp":1.8,"mvum_symbol_name":"Trails open to motorcycles, Yearlong","seasonal":"yearlong","motorcycle_datesopen":"01/01-12/31","districtname":"Plains/Thompson Falls Ranger District","trailclass":"TC2 - MODERATELY DEVELOPED"}},{"type":"Feature","geometry":null,"properties":{"kind":"trail","id":"17.1","name":"BEAR CREEK","bmp":1.663,"emp":2.642,"mvum_symbol_name":"Trails open to motorcycles, Seasonal","seasonal":"seasonal","motorcycle_datesopen":"05/01-11/30","districtname":"Seeley Lake Ranger District","trailclass":"TC3 - DEVELOPED"}},{"type":"Feature","geometry":null,"properties":{"kind":"trail","id":"263","name":"SAVENAC CREEK","bmp":0,"emp":6.2,"mvum_symbol_name":"Trails open to motorcycles, Yearlong","seasonal":"yearlong","motorcycle_datesopen":"01/01-12/31","districtname":"Superior Ranger District","trailclass":"TC3 - DEVELOPED"}},{"type":"Feature","geometry":null,"properties":{"kind":"trail","id":"6.02","name":"BLUE MTN M/C DEADMAN RIDGE","bmp":0,"emp":2.614,"mvum_symbol_name":"Trails open to motorcycles, Seasonal","seasonal":"seasonal","motorcycle_datesopen":"05/01-11/30","districtname":"Missoula Ranger District","trailclass":"TC4 - HIGHLY DEVELOPED"}},{"type":"Feature","geometry":null,"properties":{"kind":"trail","id":"1310","name":"MILL CREEK","bmp":0,"emp":4,"mvum_symbol_name":"Trails open to motorcycles, Yearlong","seasonal":"yearlong","motorcycle_datesopen":"01/01-12/31","districtname":"Missoula Ranger District","trailclass":"TC2 - MODERATELY DEVELOPED"}},{"type":"Feature","geometry":null,"properties":{"kind":"trail","id":"274","name":"DRY CREEK-HILL 7","bmp":0,"emp":2.3112,"mvum_symbol_name":"Trails open to motorcycles, Seasonal","seasonal":"seasonal","motorcycle_datesopen":"05/15-10/15","districtname":"Plains/Thompson Falls Ranger District","trailclass":"TC2 - MODERATELY DEVELOPED"}},{"type":"Feature","geometry":null,"properties":{"kind":"trail","id":"372","name":"MUNSON CREEK","bmp":0,"emp":4.9,"mvum_symbol_name":"Trails open to motorcycles, Yearlong","seasonal":"yearlong","motorcycle_datesopen":"01/01-12/31","districtname":"Plains/Thompson Falls Ranger District","trailclass":"TC2 - MODERATELY DEVELOPED"}},{"type":"Feature","geometry":null,"properties":{"kind":"trail","id":"42","name":"EDITH PEAK","bmp":0,"emp":3.251,"mvum_symbol_name":"Trails open to vehicles 50\" or less in width, Yearlong","seasonal":"yearlong","atv_datesopen":"01/01-12/31","motorcycle_datesopen":"01/01-12/31","otherwheeled_ohv_datesopen":"01/01-12/31","tracked_ohv_lt50_datesopen":"01/01-12/31","other_ohv_lt50_datesopen":"01/01-12/31","districtname":"Ninemile Ranger District","trailclass":"TC2 - MODERATELY DEVELOPED"}},{"type":"Feature","geometry":null,"properties":{"kind":"trail","id":"562","name":"GOLD RUSH CREEK","bmp":0,"emp":4.6,"mvum_symbol_name":"Trails open to motorcycles, Yearlong","seasonal":"yearlong","motorcycle_datesopen":"01/01-12/31","districtname":"Plains/Thompson Falls Ranger District","trailclass":"TC2 - MODERATELY DEVELOPED"}},{"type":"Feature","geometry":null,"properties":{"kind":"trail","id":"26","name":"TEEPEE RIDGE","bmp":0,"emp":1.8,"mvum_symbol_name":"Trails open to vehicles 50\" or less in width, Seasonal","seasonal":"seasonal","atv_datesopen":"06/16-10/14","motorcycle_datesopen":"06/16-10/14","otherwheeled_ohv_datesopen":"06/16-10/14","tracked_ohv_lt50_datesopen":"06/16-10/14","other_ohv_lt50_datesopen":"06/16-10/14","districtname":"Missoula Ranger District","trailclass":"TC2 - MODERATELY DEVELOPED"}},{"type":"Feature","geometry":null,"properties":{"kind":"trail","id":"1203","name":"VALACH","bmp":0,"emp":2.84,"mvum_symbol_name":"Trails open to motorcycles, Yearlong","seasonal":"yearlong","motorcycle_datesopen":"01/01-12/31","districtname":"Superior Ranger District","trailclass":"TC3 - DEVELOPED"}},{"type":"Feature","geometry":null,"properties":{"kind":"trail","id":"584","name":"WILKES CREEK","bmp":0,"emp":7.2,"mvum_symbol_name":"Trails open to motorcycles, Yearlong","seasonal":"yearlong","motorcycle_datesopen":"01/01-12/31","districtname":"Plains/Thompson Falls Ranger District","trailclass":"TC2 - MODERATELY DEVELOPED"}},{"type":"Feature","geometry":null,"properties":{"kind":"trail","id":"579","name":"SOUTH FORK WILKES CREEK","bmp":0,"emp":3.6,"mvum_symbol_name":"Trails open to motorcycles, Yearlong","seasonal":"yearlong","motorcycle_datesopen":"01/01-12/31","districtname":"Plains/Thompson Falls Ranger District","trailclass":"TC2 - MODERATELY DEVELOPED"}},{"type":"Feature","geometry":null,"properties":{"kind":"trail","id":"290","name":"RESERVATION DIVIDE","bmp":0,"emp":8.238,"mvum_symbol_name":"Trails open to motorcycles, Yearlong","seasonal":"yearlong","motorcycle_datesopen":"01/01-12/31","districtname":"Plains/Thompson Falls Ranger District","trailclass":"TC2 - MODERATELY DEVELOPED"}},{"type":"Feature","geometry":null,"properties":{"kind":"trail","id":"253","name":"FLAT ROCK CREEK","bmp":0,"emp":5.48,"mvum_symbol_name":"Trails open to motorcycles, Yearlong","seasonal":"yearlong","motorcycle_datesopen":"01/01-12/31","districtname":"Superior Ranger District","trailclass":"TC3 - DEVELOPED"}},{"type":"Feature","geometry":null,"properties":{"kind":"trail","id":"217","name":"HENDRICKSON GULCH","bmp":0,"emp":2.3,"mvum_symbol_name":"Trails open to motorcycles, Yearlong","seasonal":"yearlong","motorcycle_datesopen":"01/01-12/31","districtname":"Superior Ranger District","trailclass":"TC3 - DEVELOPED"}},{"type":"Feature","geometry":null,"properties":{"kind":"trail","id":"6.07","name":"LOOKOUT SPUR","bmp":0,"emp":0.5471,"mvum_symbol_name":"Trails open to motorcycles, Seasonal","seasonal":"seasonal","motorcycle_datesopen":"05/01-11/30","districtname":"Missoula Ranger District","trailclass":"TC4 - HIGHLY DEVELOPED"}},{"type":"Feature","geometry":null,"properties":{"kind":"trail","id":"194","name":"MARBLE POINT","bmp":0,"emp":4.9555,"mvum_symbol_name":"Trails open to motorcycles, Yearlong","seasonal":"yearlong","motorcycle_datesopen":"01/01-12/31","districtname":"Superior Ranger District","trailclass":"TC3 - DEVELOPED"}},{"type":"Feature","geometry":null,"properties":{"kind":"trail","id":"340.1","name":"CORONA DIVIDE","bmp":0,"emp":2.5299,"mvum_symbol_name":"Trails open to motorcycles, Yearlong","seasonal":"yearlong","motorcycle_datesopen":"01/01-12/31","districtname":"Plains/Thompson Falls Ranger District","trailclass":"TC2 - MODERATELY DEVELOPED"}},{"type":"Feature","geometry":null,"properties":{"kind":"trail","id":"380","name":"BEAVER LAKE","bmp":0,"emp":0.921,"mvum_symbol_name":"Wheeled OHV <50\", Yearlong","seasonal":"yearlong","atv_datesopen":"01/01-12/31","motorcycle_datesopen":"01/01-12/31","otherwheeled_ohv_datesopen":"01/01-12/31","districtname":"Seeley Lake Ranger District","trailclass":"TC3 - DEVELOPED"}},{"type":"Feature","geometry":null,"properties":{"kind":"trail","id":"289","name":"GRANITE RIDGE","bmp":0,"emp":5.7780000000000005,"mvum_symbol_name":"Trails open to motorcycles, Seasonal","seasonal":"seasonal","motorcycle_datesopen":"04/01-11/30","districtname":"Missoula Ranger District","trailclass":"TC2 - MODERATELY DEVELOPED"}},{"type":"Feature","geometry":null,"properties":{"kind":"trail","id":"157","name":"IDAHO GULCH","bmp":0,"emp":3.3,"mvum_symbol_name":"Trails open to motorcycles, Yearlong","seasonal":"yearlong","motorcycle_datesopen":"01/01-12/31","districtname":"Superior Ranger District","trailclass":"TC3 - DEVELOPED"}},{"type":"Feature","geometry":null,"properties":{"kind":"trail","id":"512","name":"MILLER DIVIDE","bmp":0,"emp":3.9568000000000003,"mvum_symbol_name":"Trails open to motorcycles, Seasonal","seasonal":"seasonal","motorcycle_datesopen":"04/01-11/30","districtname":"Missoula Ranger District","trailclass":"TC2 - MODERATELY DEVELOPED"}},{"type":"Feature","geometry":null,"properties":{"kind":"trail","id":"248","name":"DOMINION CREEK","bmp":0,"emp":2.4,"mvum_symbol_name":"Trails open to motorcycles, Yearlong","seasonal":"yearlong","motorcycle_datesopen":"01/01-12/31","districtname":"Superior Ranger District","trailclass":"TC3 - DEVELOPED"}},{"type":"Feature","geometry":null,"properties":{"kind":"trail","id":"51","name":"NINEMILE DIVIDE","bmp":0,"emp":17.822400000000002,"mvum_symbol_name":"Trails open to motorcycles, Yearlong","seasonal":"yearlong","motorcycle_datesopen":"01/01-12/31","districtname":"Superior Ranger District","trailclass":"TC3 - DEVELOPED"}},{"type":"Feature","geometry":null,"properties":{"kind":"trail","id":"498","name":"CHERRY CREEK","bmp":0,"emp":0.6345000000000001,"mvum_symbol_name":"Trails open to motorcycles, Yearlong","seasonal":"yearlong","motorcycle_datesopen":"01/01-12/31","districtname":"Plains/Thompson Falls Ranger District","trailclass":"TC2 - MODERATELY DEVELOPED"}},{"type":"Feature","geometry":null,"properties":{"kind":"trail","id":"6.06","name":"BLUE MTN LOOKOUT MC EAST LOOP","bmp":0,"emp":1.4361000000000002,"mvum_symbol_name":"Trails open to motorcycles, Seasonal","seasonal":"seasonal","motorcycle_datesopen":"05/01-11/30","districtname":"Missoula Ranger District","trailclass":"TC4 - HIGHLY DEVELOPED"}},{"type":"Feature","geometry":null,"properties":{"kind":"trail","id":"265","name":"COPPER LAKE","bmp":0,"emp":0.9800000000000001,"mvum_symbol_name":"Wheeled OHV <50\", Seasonal","seasonal":"seasonal","atv_datesopen":"12/02-10/14","motorcycle_datesopen":"12/02-10/14","otherwheeled_ohv_datesopen":"12/02-10/14","districtname":"Superior Ranger District","trailclass":"TC3 - DEVELOPED"}},{"type":"Feature","geometry":null,"properties":{"kind":"trail","id":"557","name":"CAMP CREEK","bmp":0,"emp":3.3297,"mvum_symbol_name":"Trails open to motorcycles, Yearlong","seasonal":"yearlong","motorcycle_datesopen":"01/01-12/31","districtname":"Plains/Thompson Falls Ranger District","trailclass":"TC2 - MODERATELY DEVELOPED"}},{"type":"Feature","geometry":null,"properties":{"kind":"trail","id":"812","name":"CAMERON PEAK","bmp":0,"emp":5,"mvum_symbol_name":"Trails open to motorcycles, Yearlong","seasonal":"yearlong","motorcycle_datesopen":"01/01-12/31","districtname":"Superior Ranger District","trailclass":"TC3 - DEVELOPED"}},{"type":"Feature","geometry":null,"properties":{"kind":"trail","id":"572","name":"WEST FORK DRY CREEK","bmp":0,"emp":3.9,"mvum_symbol_name":"Trails open to motorcycles, Yearlong","seasonal":"yearlong","motorcycle_datesopen":"01/01-12/31","districtname":"Plains/Thompson Falls Ranger District","trailclass":"TC3 - DEVELOPED"}},{"type":"Feature","geometry":null,"properties":{"kind":"trail","id":"1707","name":"TWENTY FOUR MILE CREEK","bmp":0,"emp":4.7629,"mvum_symbol_name":"Trails open to motorcycles, Yearlong","seasonal":"yearlong","motorcycle_datesopen":"01/01-12/31","districtname":"Plains/Thompson Falls Ranger District","trailclass":"TC2 - MODERATELY DEVELOPED"}},{"type":"Feature","geometry":null,"properties":{"kind":"trail","id":"311.0","name":"SOUTH FORK LOLO","bmp":4.8,"emp":11.8768,"mvum_symbol_name":"Wheeled OHV <50\", Seasonal","districtname":"Missoula Ranger District","trailclass":"TC2 - MODERATELY DEVELOPED"}},{"type":"Feature","geometry":null,"properties":{"kind":"trail","id":"1400","name":"WEST FORK SWAMP CREEK","bmp":0,"emp":5.6659,"mvum_symbol_name":"Trails open to motorcycles, Yearlong","seasonal":"yearlong","motorcycle_datesopen":"01/01-12/31","districtname":"Plains/Thompson Falls Ranger District","trailclass":"TC3 - DEVELOPED"}},{"type":"Feature","geometry":null,"properties":{"kind":"trail","id":"370","name":"SPRING CREEK","bmp":0,"emp":7,"mvum_symbol_name":"Trails open to motorcycles, Yearlong","seasonal":"yearlong","motorcycle_datesopen":"01/01-12/31","districtname":"Plains/Thompson Falls Ranger District","trailclass":"TC2 - MODERATELY DEVELOPED"}},{"type":"Feature","geometry":null,"properties":{"kind":"trail","id":"571","name":"KNOX CREEK","bmp":0,"emp":4.3,"mvum_symbol_name":"Trails open to vehicles 50\" or less in width, Seasonal","seasonal":"seasonal","atv_datesopen":"05/15-12/01","motorcycle_datesopen":"05/15-12/01","otherwheeled_ohv_datesopen":"05/15-12/01","tracked_ohv_lt50_datesopen":"05/15-12/01","other_ohv_lt50_datesopen":"05/15-12/01","districtname":"Plains/Thompson Falls Ranger District","trailclass":"TC3 - DEVELOPED"}},{"type":"Feature","geometry":null,"properties":{"kind":"trail","id":"310","name":"NORTH FORK LITTLE THOMPSON","bmp":0,"emp":0.9,"mvum_symbol_name":"Trails open to motorcycles, Yearlong","seasonal":"yearlong","motorcycle_datesopen":"01/01-12/31","districtname":"Plains/Thompson Falls Ranger District","trailclass":"TC2 - MODERATELY DEVELOPED"}},{"type":"Feature","geometry":null,"properties":{"kind":"trail","id":"1309","name":"TEPEE CREEK","bmp":0,"emp":5.9,"mvum_symbol_name":"Trails open to motorcycles, Yearlong","seasonal":"yearlong","motorcycle_datesopen":"01/01-12/31","districtname":"Plains/Thompson Falls Ranger District","trailclass":"TC2 - MODERATELY DEVELOPED"}},{"type":"Feature","geometry":null,"properties":{"kind":"trail","id":"1104","name":"FISHTRAP LAKE","bmp":0,"emp":2.078,"mvum_symbol_name":"Trails open to motorcycles, Yearlong","seasonal":"yearlong","motorcycle_datesopen":"01/01-12/31","districtname":"Plains/Thompson Falls Ranger District","trailclass":"TC2 - MODERATELY DEVELOPED"}},{"type":"Feature","geometry":null,"properties":{"kind":"trail","id":"295","name":"LEE RIDGE","bmp":0,"emp":6.5,"mvum_symbol_name":"Trails open to motorcycles, Seasonal","seasonal":"seasonal","motorcycle_datesopen":"05/16-11/30","districtname":"Missoula Ranger District","trailclass":"TC2 - MODERATELY DEVELOPED"}},{"type":"Feature","geometry":null,"properties":{"kind":"trail","id":"201","name":"NORTH FORK LITTLE JOE RIDGE","bmp":0,"emp":2.7,"mvum_symbol_name":"Trails open to motorcycles, Yearlong","seasonal":"yearlong","motorcycle_datesopen":"01/01-12/31","districtname":"Superior Ranger District","trailclass":"TC3 - DEVELOPED"}},{"type":"Feature","geometry":null,"properties":{"kind":"trail","id":"570","name":"JOAN CREEK","bmp":0,"emp":4.1,"mvum_symbol_name":"Trails open to motorcycles, Yearlong","seasonal":"yearlong","motorcycle_datesopen":"01/01-12/31","districtname":"Plains/Thompson Falls Ranger District","trailclass":"TC2 - MODERATELY DEVELOPED"}},{"type":"Feature","geometry":null,"properties":{"kind":"trail","id":"627","name":"CLEAR CREEK","bmp":0,"emp":5.4646,"mvum_symbol_name":"Trails open to motorcycles, Yearlong","seasonal":"yearlong","motorcycle_datesopen":"01/01-12/31","districtname":"Plains/Thompson Falls Ranger District","trailclass":"TC3 - DEVELOPED"}},{"type":"Feature","geometry":null,"properties":{"kind":"trail","id":"322","name":"NORTH FORK HOWARD CREEK","bmp":0,"emp":3.472,"mvum_symbol_name":"Trails open to motorcycles, Seasonal","seasonal":"seasonal","motorcycle_datesopen":"05/02-11/30","districtname":"Missoula Ranger District","trailclass":"TC2 - MODERATELY DEVELOPED"}},{"type":"Feature","geometry":null,"properties":{"kind":"trail","id":"811","name":"HAWK MOUNTAIN","bmp":0,"emp":4.5,"mvum_symbol_name":"Trails open to motorcycles, Yearlong","seasonal":"yearlong","motorcycle_datesopen":"01/01-12/31","districtname":"Superior Ranger District","trailclass":"TC3 - DEVELOPED"}},{"type":"Feature","geometry":null,"properties":{"kind":"trail","id":"234","name":"SUNSET CREEK","bmp":0,"emp":3.2,"mvum_symbol_name":"Trails open to motorcycles, Yearlong","seasonal":"yearlong","motorcycle_datesopen":"01/01-12/31","districtname":"Superior Ranger District","trailclass":"TC3 - DEVELOPED"}},{"type":"Feature","geometry":null,"properties":{"kind":"trail","id":"384","name":"COOPERS LAKE","bmp":0,"emp":3.45,"mvum_symbol_name":"Trails open to motorcycles, Seasonal","seasonal":"seasonal","motorcycle_datesopen":"05/01-11/30","districtname":"Seeley Lake Ranger District","trailclass":"TC1 - MINIMALLY DEVELOPED"}},{"type":"Feature","geometry":null,"properties":{"kind":"trail","id":"266","name":"PACKER CREEK","bmp":0,"emp":3.1,"mvum_symbol_name":"Trails open to motorcycles, Yearlong","seasonal":"yearlong","motorcycle_datesopen":"01/01-12/31","districtname":"Superior Ranger District","trailclass":"TC3 - DEVELOPED"}},{"type":"Feature","geometry":null,"properties":{"kind":"trail","id":"223","name":"RIVER TRAIL","bmp":0,"emp":8.6099,"mvum_symbol_name":"Trails open to motorcycles, Yearlong","seasonal":"yearlong","motorcycle_datesopen":"01/01-12/31","districtname":"Superior Ranger District","trailclass":"TC3 - DEVELOPED"}},{"type":"Feature","geometry":null,"properties":{"kind":"trail","id":"535","name":"SHEEP CAMP","bmp":0,"emp":1.221,"mvum_symbol_name":"Trails open to motorcycles, Yearlong","seasonal":"yearlong","motorcycle_datesopen":"01/01-12/31","districtname":"Plains/Thompson Falls Ranger District","trailclass":"TC2 - MODERATELY DEVELOPED"}},{"type":"Feature","geometry":null,"properties":{"kind":"trail","id":"220","name":"SNOWSTORM RIDGE","bmp":0,"emp":7.3,"mvum_symbol_name":"Trails open to motorcycles, Yearlong","seasonal":"yearlong","motorcycle_datesopen":"01/01-12/31","districtname":"Plains/Thompson Falls Ranger District","trailclass":"TC2 - MODERATELY DEVELOPED"}},{"type":"Feature","geometry":null,"properties":{"kind":"trail","id":"245","name":"TEEPEE MOUNTAIN","bmp":0,"emp":4.7,"mvum_symbol_name":"Trails open to motorcycles, Yearlong","seasonal":"yearlong","motorcycle_datesopen":"01/01-12/31","districtname":"Plains/Thompson Falls Ranger District","trailclass":"TC2 - MODERATELY DEVELOPED"}},{"type":"Feature","geometry":null,"properties":{"kind":"trail","id":"6.04","name":"BLUE MTN MC/ATV BYPASS","bmp":0,"emp":0.9400000000000001,"mvum_symbol_name":"Trails open to motorcycles, Seasonal","seasonal":"seasonal","motorcycle_datesopen":"05/01-11/30","districtname":"Missoula Ranger District","trailclass":"TC4 - HIGHLY DEVELOPED"}},{"type":"Feature","geometry":null,"properties":{"kind":"trail","id":"522-A","name":"BLOSSOM LAKE HORSE CUTOFF","bmp":0,"emp":0.39790000000000003,"mvum_symbol_name":"Trails open to motorcycles, Yearlong","seasonal":"yearlong","motorcycle_datesopen":"01/01-12/31","districtname":"Plains/Thompson Falls Ranger District","trailclass":"TC3 - DEVELOPED"}},{"type":"Feature","geometry":null,"properties":{"kind":"trail","id":"445","name":"KOO KOO SINT (E)","bmp":0,"emp":4.2,"mvum_symbol_name":"Trails open to motorcycles, Yearlong","seasonal":"yearlong","motorcycle_datesopen":"01/01-12/31","districtname":"Plains/Thompson Falls Ranger District","trailclass":"TC2 - MODERATELY DEVELOPED"}},{"type":"Feature","geometry":null,"properties":{"kind":"trail","id":"578","name":"DRY-WILKES DIVIDE","bmp":0,"emp":10.4,"mvum_symbol_name":"Trails open to motorcycles, Seasonal","seasonal":"seasonal","motorcycle_datesopen":"05/15-10/15","districtname":"Plains/Thompson Falls Ranger District","trailclass":"TC2 - MODERATELY DEVELOPED"}},{"type":"Feature","geometry":null,"properties":{"kind":"trail","id":"6.02-A","name":"DEADMAN RIDGE BYPASS","bmp":0,"emp":0.78,"mvum_symbol_name":"Trails open to motorcycles, Seasonal","seasonal":"seasonal","motorcycle_datesopen":"05/01-11/30","districtname":"Missoula Ranger District","trailclass":"TC4 - HIGHLY DEVELOPED"}},{"type":"Feature","geometry":null,"properties":{"kind":"trail","id":"1104-A","name":"FISHTRAP LAKE CUTOFF","bmp":0,"emp":0.149,"mvum_symbol_name":"Trails open to motorcycles, Yearlong","seasonal":"yearlong","motorcycle_datesopen":"01/01-12/31","districtname":"Plains/Thompson Falls Ranger District","trailclass":"TC2 - MODERATELY DEVELOPED"}},{"type":"Feature","geometry":null,"properties":{"kind":"trail","id":"1225","name":"KEITH CREEK","bmp":0,"emp":4.5,"mvum_symbol_name":"Trails open to motorcycles, Yearlong","seasonal":"yearlong","motorcycle_datesopen":"01/01-12/31","districtname":"Superior Ranger District","trailclass":"TC3 - DEVELOPED"}},{"type":"Feature","geometry":null,"properties":{"kind":"trail","id":"311.0","name":"SOUTH FORK LOLO","bmp":0,"emp":4.8,"mvum_symbol_name":"Wheeled OHV <50\", Seasonal","districtname":"Missoula Ranger District","trailclass":"TC3 - DEVELOPED"}},{"type":"Feature","geometry":null,"properties":{"kind":"trail","id":"590","name":"TABLE TOP MOUNTAIN","bmp":0,"emp":8.2,"mvum_symbol_name":"Trails open to motorcycles, Seasonal","seasonal":"seasonal","motorcycle_datesopen":"12/01-10/15","districtname":"Plains/Thompson Falls Ranger District","trailclass":"TC2 - MODERATELY DEVELOPED"}},{"type":"Feature","geometry":null,"properties":{"kind":"trail","id":"505","name":"UPPER TWIN CREEK","bmp":0,"emp":1.104,"mvum_symbol_name":"Trails open to vehicles 50\" or less in width, Yearlong","seasonal":"yearlong","atv_datesopen":"01/01-12/31","motorcycle_datesopen":"01/01-12/31","otherwheeled_ohv_datesopen":"01/01-12/31","tracked_ohv_lt50_datesopen":"01/01-12/31","other_ohv_lt50_datesopen":"01/01-12/31","districtname":"Missoula Ranger District","trailclass":"TC2 - MODERATELY DEVELOPED"}},{"type":"Feature","geometry":null,"properties":{"kind":"trail","id":"202","name":"BOYD MOUNTAIN","bmp":0,"emp":5.05,"mvum_symbol_name":"Trails open to motorcycles, Yearlong","seasonal":"yearlong","motorcycle_datesopen":"01/01-12/31","districtname":"Superior Ranger District","trailclass":"TC3 - DEVELOPED"}},{"type":"Feature","geometry":null,"properties":{"kind":"trail","id":"240","name":"BURNT FLAT DIVIDE","bmp":0,"emp":2.7,"mvum_symbol_name":"Trails open to motorcycles, Yearlong","seasonal":"yearlong","motorcycle_datesopen":"01/01-12/31","districtname":"Superior Ranger District","trailclass":"TC3 - DEVELOPED"}},{"type":"Feature","geometry":null,"properties":{"kind":"trail","id":"1718.1","name":"MILL CREEK","bmp":0.10300000000000001,"emp":2.545,"mvum_symbol_name":"Trails open to motorcycles, Yearlong","seasonal":"yearlong","motorcycle_datesopen":"01/01-12/31","districtname":"Superior Ranger District","trailclass":"TC3 - DEVELOPED"}},{"type":"Feature","geometry":null,"properties":{"kind":"trail","id":"680","name":"WEST FORK CROW CREEK","bmp":0,"emp":2.3,"mvum_symbol_name":"Trails open to motorcycles, Yearlong","seasonal":"yearlong","motorcycle_datesopen":"01/01-12/31","districtname":"Plains/Thompson Falls Ranger District","trailclass":"TC2 - MODERATELY DEVELOPED"}},{"type":"Feature","geometry":null,"properties":{"kind":"trail","id":"255","name":"STORM PEAK","bmp":0,"emp":9.8,"mvum_symbol_name":"Trails open to motorcycles, Yearlong","seasonal":"yearlong","motorcycle_datesopen":"01/01-12/31","districtname":"Superior Ranger District","trailclass":"TC3 - DEVELOPED"}},{"type":"Feature","geometry":null,"properties":{"kind":"trail","id":"709","name":"OLSON PEAK","bmp":0.9630000000000001,"emp":4.5,"mvum_symbol_name":"Trails open to motorcycles, Yearlong","seasonal":"yearlong","motorcycle_datesopen":"01/01-12/31","districtname":"Superior Ranger District","trailclass":"TC3 - DEVELOPED"}},{"type":"Feature","geometry":null,"properties":{"kind":"trail","id":"1220","name":"WAGON MOUNTAIN","bmp":0,"emp":4,"mvum_symbol_name":"Trails open to motorcycles, Yearlong","seasonal":"yearlong","motorcycle_datesopen":"01/01-12/31","districtname":"Ninemile Ranger District","trailclass":"TC2 - MODERATELY DEVELOPED"}},{"type":"Feature","geometry":null,"properties":{"kind":"trail","id":"1718.1","name":"MILL CREEK","bmp":2.545,"emp":6.2,"mvum_symbol_name":"Trails open to motorcycles, Yearlong","seasonal":"yearlong","motorcycle_datesopen":"01/01-12/31","districtname":"Superior Ranger District","trailclass":"TC3 - DEVELOPED"}},{"type":"Feature","geometry":null,"properties":{"kind":"trail","id":"1215","name":"SNOWSTORM-ROCK CREEK","bmp":0,"emp":1.609,"mvum_symbol_name":"Trails open to motorcycles, Yearlong","seasonal":"yearlong","motorcycle_datesopen":"01/01-12/31","districtname":"Plains/Thompson Falls Ranger District","trailclass":"TC2 - MODERATELY DEVELOPED"}},{"type":"Feature","geometry":null,"properties":{"kind":"trail","id":"17.1","name":"BEAR CREEK","bmp":1.663,"emp":2.642,"mvum_symbol_name":"Trails open to motorcycles, Seasonal","seasonal":"seasonal","motorcycle_datesopen":"05/01-11/30","districtname":"Seeley Lake Ranger District","trailclass":"TC3 - DEVELOPED"}},{"type":"Feature","geometry":null,"properties":{"kind":"trail","id":"6.01","name":"BLUE MTN MOTORCYCLE/ ATV","bmp":0,"emp":3.8200000000000003,"mvum_symbol_name":"Trails open to vehicles 50\" or less in width, Seasonal","seasonal":"seasonal","atv_datesopen":"05/02-11/30","motorcycle_datesopen":"05/02-11/30","otherwheeled_ohv_datesopen":"05/02-11/30","tracked_ohv_lt50_datesopen":"05/02-11/30","other_ohv_lt50_datesopen":"05/02-11/30","districtname":"Missoula Ranger District","trailclass":"TC4 - HIGHLY DEVELOPED"}},{"type":"Feature","geometry":null,"properties":{"kind":"trail","id":"118","name":"PINE HILL","bmp":0,"emp":0.595,"mvum_symbol_name":"Trails open to motorcycles, Yearlong","seasonal":"yearlong","motorcycle_datesopen":"01/01-12/31","districtname":"Plains/Thompson Falls Ranger District","trailclass":"TC2 - MODERATELY DEVELOPED"}},{"type":"Feature","geometry":null,"properties":{"kind":"trail","id":"118","name":"PINE HILL","bmp":0.869,"emp":1.5464,"mvum_symbol_name":"Trails open to motorcycles, Yearlong","seasonal":"yearlong","motorcycle_datesopen":"01/01-12/31","districtname":"Plains/Thompson Falls Ranger District","trailclass":"TC2 - MODERATELY DEVELOPED"}},{"type":"Feature","geometry":null,"properties":{"kind":"trail","id":"720","name":"WILD HORSE POINT","bmp":0.52,"emp":7.5,"mvum_symbol_name":"Trails open to motorcycles, Yearlong","seasonal":"yearlong","motorcycle_datesopen":"01/01-12/31","districtname":"Ninemile Ranger District","trailclass":"TC2 - MODERATELY DEVELOPED"}},{"type":"Feature","geometry":null,"properties":{"kind":"trail","id":"6.05","name":"BLUE MOUNTAIN LOOKOUT MC","bmp":0,"emp":3.89,"mvum_symbol_name":"Trails open to motorcycles, Seasonal","seasonal":"seasonal","motorcycle_datesopen":"05/01-11/30","districtname":"Missoula Ranger District","trailclass":"TC4 - HIGHLY DEVELOPED"}},{"type":"Feature","geometry":null,"properties":{"kind":"trail","id":"522","name":"BLOSSOM LAKE","bmp":0,"emp":0.8553000000000001,"mvum_symbol_name":"Trails open to motorcycles, Yearlong","seasonal":"yearlong","motorcycle_datesopen":"01/01-12/31","districtname":"Plains/Thompson Falls Ranger District","trailclass":"TC3 - DEVELOPED"}},{"type":"Feature","geometry":null,"properties":{"kind":"trail","id":"284","name":"WEST FORK KNOX CREEK","bmp":0,"emp":1.7519,"mvum_symbol_name":"Trails open to motorcycles, Yearlong","seasonal":"yearlong","motorcycle_datesopen":"01/01-12/31","districtname":"Plains/Thompson Falls Ranger District","trailclass":"TC2 - MODERATELY DEVELOPED"}},{"type":"Feature","geometry":null,"properties":{"kind":"trail","id":"398","name":"DEE CREEK","bmp":0,"emp":1.8,"mvum_symbol_name":"Trails open to motorcycles, Yearlong","seasonal":"yearlong","motorcycle_datesopen":"01/01-12/31","districtname":"Plains/Thompson Falls Ranger District","trailclass":"TC2 - MODERATELY DEVELOPED"}},{"type":"Feature","geometry":null,"properties":{"kind":"trail","id":"404","name":"CC DIVIDE","bmp":27.614,"emp":32.8,"mvum_symbol_name":"Trails open to vehicles 50\" or less in width, Seasonal","seasonal":"seasonal","atv_datesopen":"05/16-10/14","motorcycle_datesopen":"05/16-10/14","otherwheeled_ohv_datesopen":"05/16-10/14","tracked_ohv_lt50_datesopen":"05/16-10/14","other_ohv_lt50_datesopen":"05/16-10/14","districtname":"Superior Ranger District","trailclass":"TC3 - DEVELOPED"}},{"type":"Feature","geometry":null,"properties":{"kind":"trail","id":"808","name":"DOMINION PEAK","bmp":0.1,"emp":5.3,"mvum_symbol_name":"Trails open to motorcycles, Yearlong","seasonal":"yearlong","motorcycle_datesopen":"01/01-12/31","districtname":"Superior Ranger District","trailclass":"TC3 - DEVELOPED"}},{"type":"Feature","geometry":null,"properties":{"kind":"trail","id":"701","name":"GLIDDEN CREEK","bmp":0,"emp":0.75,"mvum_symbol_name":"Trails open to vehicles 50\" or less in width, Yearlong","seasonal":"yearlong","atv_datesopen":"01/01-12/31","motorcycle_datesopen":"01/01-12/31","otherwheeled_ohv_datesopen":"01/01-12/31","tracked_ohv_lt50_datesopen":"01/01-12/31","other_ohv_lt50_datesopen":"01/01-12/31","districtname":"Plains/Thompson Falls Ranger District","trailclass":"TC3 - DEVELOPED"}},{"type":"Feature","geometry":null,"properties":{"kind":"trail","id":"263","name":"SAVENAC CREEK","bmp":0,"emp":6.2,"mvum_symbol_name":"Trails open to motorcycles, Yearlong","seasonal":"yearlong","motorcycle_datesopen":"01/01-12/31","districtname":"Superior Ranger District","trailclass":"TC3 - DEVELOPED"}},{"type":"Feature","geometry":null,"properties":{"kind":"trail","id":"688","name":"CHIPMUNK CREEK","bmp":0,"emp":0.91,"mvum_symbol_name":"Trails open to vehicles 50\" or less in width, Yearlong","seasonal":"yearlong","atv_datesopen":"01/01-12/31","motorcycle_datesopen":"01/01-12/31","otherwheeled_ohv_datesopen":"01/01-12/31","tracked_ohv_lt50_datesopen":"01/01-12/31","other_ohv_lt50_datesopen":"01/01-12/31","districtname":"Plains/Thompson Falls Ranger District","trailclass":"TC2 - MODERATELY DEVELOPED"}},{"type":"Feature","geometry":null,"properties":{"kind":"trail","id":"291","name":"COOK MOUNTAIN","bmp":0.8240000000000001,"emp":5,"mvum_symbol_name":"Trails open to motorcycles, Yearlong","seasonal":"yearlong","motorcycle_datesopen":"01/01-12/31","districtname":"Plains/Thompson Falls Ranger District","trailclass":"TC2 - MODERATELY DEVELOPED"}},{"type":"Feature","geometry":null,"properties":{"kind":"trail","id":"498","name":"CHERRY CREEK","bmp":0,"emp":0.6345000000000001,"mvum_symbol_name":"Trails open to motorcycles, Yearlong","seasonal":"yearlong","motorcycle_datesopen":"01/01-12/31","districtname":"Plains/Thompson Falls Ranger District","trailclass":"TC2 - MODERATELY DEVELOPED"}},{"type":"Feature","geometry":null,"properties":{"kind":"trail","id":"812","name":"CAMERON PEAK","bmp":0,"emp":5,"mvum_symbol_name":"Trails open to motorcycles, Yearlong","seasonal":"yearlong","motorcycle_datesopen":"01/01-12/31","districtname":"Superior Ranger District","trailclass":"TC3 - DEVELOPED"}},{"type":"Feature","geometry":null,"properties":{"kind":"trail","id":"1707","name":"TWENTY FOUR MILE CREEK","bmp":0,"emp":4.7629,"mvum_symbol_name":"Trails open to motorcycles, Yearlong","seasonal":"yearlong","motorcycle_datesopen":"01/01-12/31","districtname":"Plains/Thompson Falls Ranger District","trailclass":"TC2 - MODERATELY DEVELOPED"}},{"type":"Feature","geometry":null,"properties":{"kind":"trail","id":"1718.1","name":"MILL CREEK","bmp":2.545,"emp":6.2,"mvum_symbol_name":"Trails open to motorcycles, Yearlong","seasonal":"yearlong","motorcycle_datesopen":"01/01-12/31","districtname":"Superior Ranger District","trailclass":"TC3 - DEVELOPED"}},{"type":"Feature","geometry":null,"properties":{"kind":"trail","id":"1718.1","name":"MILL CREEK","bmp":0.10300000000000001,"emp":2.545,"mvum_symbol_name":"Trails open to motorcycles, Yearlong","seasonal":"yearlong","motorcycle_datesopen":"01/01-12/31","districtname":"Superior Ranger District","trailclass":"TC3 - DEVELOPED"}},{"type":"Feature","geometry":null,"properties":{"kind":"trail","id":"372","name":"MUNSON CREEK","bmp":0,"emp":4.9,"mvum_symbol_name":"Trails open to motorcycles, Yearlong","seasonal":"yearlong","motorcycle_datesopen":"01/01-12/31","districtname":"Plains/Thompson Falls Ranger District","trailclass":"TC2 - MODERATELY DEVELOPED"}},{"type":"Feature","geometry":null,"properties":{"kind":"trail","id":"253","name":"FLAT ROCK CREEK","bmp":0,"emp":5.48,"mvum_symbol_name":"Trails open to motorcycles, Yearlong","seasonal":"yearlong","motorcycle_datesopen":"01/01-12/31","districtname":"Superior Ranger District","trailclass":"TC3 - DEVELOPED"}},{"type":"Feature","geometry":null,"properties":{"kind":"trail","id":"322","name":"NORTH FORK HOWARD CREEK","bmp":0,"emp":3.472,"mvum_symbol_name":"Trails open to motorcycles, Seasonal","seasonal":"seasonal","motorcycle_datesopen":"05/02-11/30","districtname":"Missoula Ranger District","trailclass":"TC2 - MODERATELY DEVELOPED"}},{"type":"Feature","geometry":null,"properties":{"kind":"trail","id":"562","name":"GOLD RUSH CREEK","bmp":0,"emp":4.6,"mvum_symbol_name":"Trails open to motorcycles, Yearlong","seasonal":"yearlong","motorcycle_datesopen":"01/01-12/31","districtname":"Plains/Thompson Falls Ranger District","trailclass":"TC2 - MODERATELY DEVELOPED"}},{"type":"Feature","geometry":null,"properties":{"kind":"trail","id":"584","name":"WILKES CREEK","bmp":0,"emp":7.2,"mvum_symbol_name":"Trails open to motorcycles, Yearlong","seasonal":"yearlong","motorcycle_datesopen":"01/01-12/31","districtname":"Plains/Thompson Falls Ranger District","trailclass":"TC2 - MODERATELY DEVELOPED"}},{"type":"Feature","geometry":null,"properties":{"kind":"trail","id":"370","name":"SPRING CREEK","bmp":0,"emp":7,"mvum_symbol_name":"Trails open to motorcycles, Yearlong","seasonal":"yearlong","motorcycle_datesopen":"01/01-12/31","districtname":"Plains/Thompson Falls Ranger District","trailclass":"TC2 - MODERATELY DEVELOPED"}},{"type":"Feature","geometry":null,"properties":{"kind":"trail","id":"571","name":"KNOX CREEK","bmp":0,"emp":4.3,"mvum_symbol_name":"Trails open to vehicles 50\" or less in width, Seasonal","seasonal":"seasonal","atv_datesopen":"05/15-12/01","motorcycle_datesopen":"05/15-12/01","otherwheeled_ohv_datesopen":"05/15-12/01","tracked_ohv_lt50_datesopen":"05/15-12/01","other_ohv_lt50_datesopen":"05/15-12/01","districtname":"Plains/Thompson Falls Ranger District","trailclass":"TC3 - DEVELOPED"}},{"type":"Feature","geometry":null,"properties":{"kind":"trail","id":"579","name":"SOUTH FORK WILKES CREEK","bmp":0,"emp":3.6,"mvum_symbol_name":"Trails open to motorcycles, Yearlong","seasonal":"yearlong","motorcycle_datesopen":"01/01-12/31","districtname":"Plains/Thompson Falls Ranger District","trailclass":"TC2 - MODERATELY DEVELOPED"}},{"type":"Feature","geometry":null,"properties":{"kind":"trail","id":"290","name":"RESERVATION DIVIDE","bmp":0,"emp":8.238,"mvum_symbol_name":"Trails open to motorcycles, Yearlong","seasonal":"yearlong","motorcycle_datesopen":"01/01-12/31","districtname":"Plains/Thompson Falls Ranger District","trailclass":"TC2 - MODERATELY DEVELOPED"}},{"type":"Feature","geometry":null,"properties":{"kind":"trail","id":"217","name":"HENDRICKSON GULCH","bmp":0,"emp":2.3,"mvum_symbol_name":"Trails open to motorcycles, Yearlong","seasonal":"yearlong","motorcycle_datesopen":"01/01-12/31","districtname":"Superior Ranger District","trailclass":"TC3 - DEVELOPED"}},{"type":"Feature","geometry":null,"properties":{"kind":"trail","id":"6.07","name":"LOOKOUT SPUR","bmp":0,"emp":0.5471,"mvum_symbol_name":"Trails open to motorcycles, Seasonal","seasonal":"seasonal","motorcycle_datesopen":"05/01-11/30","districtname":"Missoula Ranger District","trailclass":"TC4 - HIGHLY DEVELOPED"}},{"type":"Feature","geometry":null,"properties":{"kind":"trail","id":"194","name":"MARBLE POINT","bmp":0,"emp":4.9555,"mvum_symbol_name":"Trails open to motorcycles, Yearlong","seasonal":"yearlong","motorcycle_datesopen":"01/01-12/31","districtname":"Superior Ranger District","trailclass":"TC3 - DEVELOPED"}},{"type":"Feature","geometry":null,"properties":{"kind":"trail","id":"289","name":"GRANITE RIDGE","bmp":0,"emp":5.7780000000000005,"mvum_symbol_name":"Trails open to motorcycles, Seasonal","seasonal":"seasonal","motorcycle_datesopen":"04/01-11/30","districtname":"Missoula Ranger District","trailclass":"TC2 - MODERATELY DEVELOPED"}},{"type":"Feature","geometry":null,"properties":{"kind":"trail","id":"340.1","name":"CORONA DIVIDE","bmp":0,"emp":2.5299,"mvum_symbol_name":"Trails open to motorcycles, Yearlong","seasonal":"yearlong","motorcycle_datesopen":"01/01-12/31","districtname":"Plains/Thompson Falls Ranger District","trailclass":"TC2 - MODERATELY DEVELOPED"}},{"type":"Feature","geometry":null,"properties":{"kind":"trail","id":"380","name":"BEAVER LAKE","bmp":0,"emp":0.921,"mvum_symbol_name":"Wheeled OHV <50\", Yearlong","seasonal":"yearlong","atv_datesopen":"01/01-12/31","motorcycle_datesopen":"01/01-12/31","otherwheeled_ohv_datesopen":"01/01-12/31","districtname":"Seeley Lake Ranger District","trailclass":"TC3 - DEVELOPED"}},{"type":"Feature","geometry":null,"properties":{"kind":"trail","id":"157","name":"IDAHO GULCH","bmp":0,"emp":3.3,"mvum_symbol_name":"Trails open to motorcycles, Yearlong","seasonal":"yearlong","motorcycle_datesopen":"01/01-12/31","districtname":"Superior Ranger District","trailclass":"TC3 - DEVELOPED"}},{"type":"Feature","geometry":null,"properties":{"kind":"trail","id":"248","name":"DOMINION CREEK","bmp":0,"emp":2.4,"mvum_symbol_name":"Trails open to motorcycles, Yearlong","seasonal":"yearlong","motorcycle_datesopen":"01/01-12/31","districtname":"Superior Ranger District","trailclass":"TC3 - DEVELOPED"}},{"type":"Feature","geometry":null,"properties":{"kind":"trail","id":"51","name":"NINEMILE DIVIDE","bmp":0,"emp":17.822400000000002,"mvum_symbol_name":"Trails open to motorcycles, Yearlong","seasonal":"yearlong","motorcycle_datesopen":"01/01-12/31","districtname":"Superior Ranger District","trailclass":"TC3 - DEVELOPED"}},{"type":"Feature","geometry":null,"properties":{"kind":"trail","id":"274","name":"DRY CREEK-HILL 7","bmp":0,"emp":2.3112,"mvum_symbol_name":"Trails open to motorcycles, Seasonal","seasonal":"seasonal","motorcycle_datesopen":"05/15-10/15","districtname":"Plains/Thompson Falls Ranger District","trailclass":"TC2 - MODERATELY DEVELOPED"}},{"type":"Feature","geometry":null,"properties":{"kind":"trail","id":"6.06","name":"BLUE MTN LOOKOUT MC EAST LOOP","bmp":0,"emp":1.4361000000000002,"mvum_symbol_name":"Trails open to motorcycles, Seasonal","seasonal":"seasonal","motorcycle_datesopen":"05/01-11/30","districtname":"Missoula Ranger District","trailclass":"TC4 - HIGHLY DEVELOPED"}},{"type":"Feature","geometry":null,"properties":{"kind":"trail","id":"265","name":"COPPER LAKE","bmp":0,"emp":0.9800000000000001,"mvum_symbol_name":"Wheeled OHV <50\", Seasonal","seasonal":"seasonal","atv_datesopen":"12/02-10/14","motorcycle_datesopen":"12/02-10/14","otherwheeled_ohv_datesopen":"12/02-10/14","districtname":"Superior Ranger District","trailclass":"TC3 - DEVELOPED"}},{"type":"Feature","geometry":null,"properties":{"kind":"trail","id":"557","name":"CAMP CREEK","bmp":0,"emp":3.3297,"mvum_symbol_name":"Trails open to motorcycles, Yearlong","seasonal":"yearlong","motorcycle_datesopen":"01/01-12/31","districtname":"Plains/Thompson Falls Ranger District","trailclass":"TC2 - MODERATELY DEVELOPED"}},{"type":"Feature","geometry":null,"properties":{"kind":"trail","id":"26","name":"TEEPEE RIDGE","bmp":0,"emp":1.8,"mvum_symbol_name":"Trails open to vehicles 50\" or less in width, Seasonal","seasonal":"seasonal","atv_datesopen":"06/16-10/14","motorcycle_datesopen":"06/16-10/14","otherwheeled_ohv_datesopen":"06/16-10/14","tracked_ohv_lt50_datesopen":"06/16-10/14","other_ohv_lt50_datesopen":"06/16-10/14","districtname":"Missoula Ranger District","trailclass":"TC2 - MODERATELY DEVELOPED"}},{"type":"Feature","geometry":null,"properties":{"kind":"trail","id":"572","name":"WEST FORK DRY CREEK","bmp":0,"emp":3.9,"mvum_symbol_name":"Trails open to motorcycles, Yearlong","seasonal":"yearlong","motorcycle_datesopen":"01/01-12/31","districtname":"Plains/Thompson Falls Ranger District","trailclass":"TC3 - DEVELOPED"}},{"type":"Feature","geometry":null,"properties":{"kind":"trail","id":"1310","name":"MILL CREEK","bmp":0,"emp":4,"mvum_symbol_name":"Trails open to motorcycles, Yearlong","seasonal":"yearlong","motorcycle_datesopen":"01/01-12/31","districtname":"Missoula Ranger District","trailclass":"TC2 - MODERATELY DEVELOPED"}},{"type":"Feature","geometry":null,"properties":{"kind":"trail","id":"6.02","name":"BLUE MTN M/C DEADMAN RIDGE","bmp":0,"emp":2.614,"mvum_symbol_name":"Trails open to motorcycles, Seasonal","seasonal":"seasonal","motorcycle_datesopen":"05/01-11/30","districtname":"Missoula Ranger District","trailclass":"TC4 - HIGHLY DEVELOPED"}},{"type":"Feature","geometry":null,"properties":{"kind":"trail","id":"522","name":"BLOSSOM LAKE","bmp":0,"emp":0.8553000000000001,"mvum_symbol_name":"Trails open to motorcycles, Yearlong","seasonal":"yearlong","motorcycle_datesopen":"01/01-12/31","districtname":"Plains/Thompson Falls Ranger District","trailclass":"TC3 - DEVELOPED"}},{"type":"Feature","geometry":null,"properties":{"kind":"trail","id":"144","name":"PETTY CREEK-FISH CREEK DIVIDE","bmp":0,"emp":3.5,"mvum_symbol_name":"Special Designation, Yearlong","seasonal":"yearlong","atv_datesopen":"01/01-12/31","districtname":"Ninemile Ranger District","trailclass":"TC2 - MODERATELY DEVELOPED"}},{"type":"Feature","geometry":null,"properties":{"kind":"trail","id":"709","name":"OLSON PEAK","bmp":0.9630000000000001,"emp":4.5,"mvum_symbol_name":"Trails open to motorcycles, Yearlong","seasonal":"yearlong","motorcycle_datesopen":"01/01-12/31","districtname":"Superior Ranger District","trailclass":"TC3 - DEVELOPED"}},{"type":"Feature","geometry":null,"properties":{"kind":"trail","id":"64","name":"RIVER POINT ATV","bmp":0,"emp":0.0352,"mvum_symbol_name":"Trails open to vehicles 50\" or less in width, Seasonal","seasonal":"seasonal","atv_datesopen":"12/01-04/01","motorcycle_datesopen":"12/01-04/01","otherwheeled_ohv_datesopen":"12/01-04/01","tracked_ohv_lt50_datesopen":"12/01-04/01","other_ohv_lt50_datesopen":"12/01-04/01","districtname":"Seeley Lake Ranger District","trailclass":"TC4 - HIGHLY DEVELOPED"}},{"type":"Feature","geometry":null,"properties":{"kind":"trail","id":"6.03","name":"BLUE MTN MC (TRHD TO ATV)","bmp":0,"emp":1.47,"mvum_symbol_name":"Trails open to motorcycles, Seasonal","seasonal":"seasonal","motorcycle_datesopen":"05/01-11/30","districtname":"Missoula Ranger District","trailclass":"TC4 - HIGHLY DEVELOPED"}},{"type":"Feature","geometry":null,"properties":{"kind":"trail","id":"404","name":"CC DIVIDE","bmp":0,"emp":21.5,"mvum_symbol_name":"Trails open to motorcycles, Yearlong","seasonal":"yearlong","motorcycle_datesopen":"01/01-12/31","districtname":"Superior Ranger District","trailclass":"TC3 - DEVELOPED"}},{"type":"Feature","geometry":null,"properties":{"kind":"trail","id":"604","name":"DAISY CREEK","bmp":0,"emp":0.9,"mvum_symbol_name":"Trails open to vehicles 50\" or less in width, Yearlong","seasonal":"yearlong","atv_datesopen":"01/01-12/31","motorcycle_datesopen":"01/01-12/31","otherwheeled_ohv_datesopen":"01/01-12/31","tracked_ohv_lt50_datesopen":"01/01-12/31","other_ohv_lt50_datesopen":"01/01-12/31","districtname":"Plains/Thompson Falls Ranger District","trailclass":"TC2 - MODERATELY DEVELOPED"}},{"type":"Feature","geometry":null,"properties":{"kind":"trail","id":"118","name":"PINE HILL","bmp":0,"emp":0.595,"mvum_symbol_name":"Trails open to motorcycles, Yearlong","seasonal":"yearlong","motorcycle_datesopen":"01/01-12/31","districtname":"Plains/Thompson Falls Ranger District","trailclass":"TC2 - MODERATELY DEVELOPED"}},{"type":"Feature","geometry":null,"properties":{"kind":"trail","id":"118","name":"PINE HILL","bmp":0.869,"emp":1.5464,"mvum_symbol_name":"Trails open to motorcycles, Yearlong","seasonal":"yearlong","motorcycle_datesopen":"01/01-12/31","districtname":"Plains/Thompson Falls Ranger District","trailclass":"TC2 - MODERATELY DEVELOPED"}},{"type":"Feature","geometry":null,"properties":{"kind":"trail","id":"21","name":"JOHN LONG","bmp":0,"emp":2.818,"mvum_symbol_name":"Trails open to motorcycles, Seasonal","seasonal":"seasonal","motorcycle_datesopen":"05/16-10/14","districtname":"Missoula Ranger District","trailclass":"TC3 - DEVELOPED"}},{"type":"Feature","geometry":null,"properties":{"kind":"trail","id":"688","name":"CHIPMUNK CREEK","bmp":0.91,"emp":2.8,"mvum_symbol_name":"Trails open to motorcycles, Yearlong","seasonal":"yearlong","motorcycle_datesopen":"01/01-12/31","districtname":"Plains/Thompson Falls Ranger District","trailclass":"TC2 - MODERATELY DEVELOPED"}},{"type":"Feature","geometry":null,"properties":{"kind":"trail","id":"6.05","name":"BLUE MOUNTAIN LOOKOUT MC","bmp":0,"emp":3.89,"mvum_symbol_name":"Trails open to motorcycles, Seasonal","seasonal":"seasonal","motorcycle_datesopen":"05/01-11/30","districtname":"Missoula Ranger District","trailclass":"TC4 - HIGHLY DEVELOPED"}},{"type":"Feature","geometry":null,"properties":{"kind":"trail","id":"17.1-A","name":"BEAR CREEK/ PENNEY LAKE","bmp":0,"emp":0.5,"mvum_symbol_name":"Trails open to motorcycles, Seasonal","seasonal":"seasonal","motorcycle_datesopen":"05/01-11/30","districtname":"Seeley Lake Ranger District","trailclass":"TC1 - MINIMALLY DEVELOPED"}},{"type":"Feature","geometry":null,"properties":{"kind":"trail","id":"250","name":"UP UP RIDGE","bmp":0,"emp":8.314,"mvum_symbol_name":"Trails open to motorcycles, Yearlong","seasonal":"yearlong","motorcycle_datesopen":"01/01-12/31","districtname":"Superior Ranger District","trailclass":"TC3 - DEVELOPED"}},{"type":"Feature","geometry":null,"properties":{"kind":"trail","id":"808","name":"DOMINION PEAK","bmp":0.1,"emp":5.3,"mvum_symbol_name":"Trails open to motorcycles, Yearlong","seasonal":"yearlong","motorcycle_datesopen":"01/01-12/31","districtname":"Superior Ranger District","trailclass":"TC3 - DEVELOPED"}},{"type":"Feature","geometry":null,"properties":{"kind":"trail","id":"21","name":"JOHN LONG","bmp":2.818,"emp":4.1,"mvum_symbol_name":"Trails open to motorcycles, Yearlong","seasonal":"yearlong","motorcycle_datesopen":"01/01-12/31","districtname":"Missoula Ranger District","trailclass":"TC3 - DEVELOPED"}},{"type":"Feature","geometry":null,"properties":{"kind":"trail","id":"1203","name":"VALACH","bmp":0,"emp":2.84,"mvum_symbol_name":"Trails open to motorcycles, Yearlong","seasonal":"yearlong","motorcycle_datesopen":"01/01-12/31","districtname":"Superior Ranger District","trailclass":"TC3 - DEVELOPED"}},{"type":"Feature","geometry":null,"properties":{"kind":"trail","id":"42","name":"EDITH PEAK","bmp":0,"emp":3.251,"mvum_symbol_name":"Trails open to vehicles 50\" or less in width, Yearlong","seasonal":"yearlong","atv_datesopen":"01/01-12/31","motorcycle_datesopen":"01/01-12/31","otherwheeled_ohv_datesopen":"01/01-12/31","tracked_ohv_lt50_datesopen":"01/01-12/31","other_ohv_lt50_datesopen":"01/01-12/31","districtname":"Ninemile Ranger District","trailclass":"TC2 - MODERATELY DEVELOPED"}},{"type":"Feature","geometry":null,"properties":{"kind":"trail","id":"1215","name":"SNOWSTORM-ROCK CREEK","bmp":0,"emp":1.609,"mvum_symbol_name":"Trails open to motorcycles, Yearlong","seasonal":"yearlong","motorcycle_datesopen":"01/01-12/31","districtname":"Plains/Thompson Falls Ranger District","trailclass":"TC2 - MODERATELY DEVELOPED"}},{"type":"Feature","geometry":null,"properties":{"kind":"trail","id":"696","name":"EVANS GULCH","bmp":0,"emp":2.3,"mvum_symbol_name":"Trails open to motorcycles, Yearlong","seasonal":"yearlong","motorcycle_datesopen":"01/01-12/31","districtname":"Plains/Thompson Falls Ranger District","trailclass":"TC3 - DEVELOPED"}},{"type":"Feature","geometry":null,"properties":{"kind":"trail","id":"404","name":"CC DIVIDE","bmp":32.8,"emp":55.484,"mvum_symbol_name":"Trails open to motorcycles, Seasonal","seasonal":"seasonal","motorcycle_datesopen":"05/16-10/14","districtname":"Superior Ranger District","trailclass":"TC3 - DEVELOPED"}},{"type":"Feature","geometry":null,"properties":{"kind":"trail","id":"512","name":"MILLER DIVIDE","bmp":0,"emp":3.9568000000000003,"mvum_symbol_name":"Trails open to motorcycles, Seasonal","seasonal":"seasonal","motorcycle_datesopen":"04/01-11/30","districtname":"Missoula Ranger District","trailclass":"TC2 - MODERATELY DEVELOPED"}},{"type":"Feature","geometry":null,"properties":{"kind":"trail","id":"445.1","name":"KOO KOO SINT RIDGE","bmp":0,"emp":3.5678,"mvum_symbol_name":"Trails open to motorcycles, Yearlong","seasonal":"yearlong","motorcycle_datesopen":"01/01-12/31","districtname":"Plains/Thompson Falls Ranger District","trailclass":"TC2 - MODERATELY DEVELOPED"}},{"type":"Feature","geometry":null,"properties":{"kind":"trail","id":"498","name":"CHERRY CREEK","bmp":0.6345000000000001,"emp":3.0212,"mvum_symbol_name":"Trails open to motorcycles, Yearlong","seasonal":"yearlong","motorcycle_datesopen":"01/01-12/31","districtname":"Plains/Thompson Falls Ranger District","trailclass":"TC2 - MODERATELY DEVELOPED"}},{"type":"Feature","geometry":null,"properties":{"kind":"trail","id":"255","name":"STORM PEAK","bmp":0,"emp":9.8,"mvum_symbol_name":"Trails open to motorcycles, Yearlong","seasonal":"yearlong","motorcycle_datesopen":"01/01-12/31","districtname":"Superior Ranger District","trailclass":"TC3 - DEVELOPED"}},{"type":"Feature","geometry":null,"properties":{"kind":"trail","id":"604","name":"DAISY CREEK","bmp":0.9,"emp":5.9017,"mvum_symbol_name":"Trails open to motorcycles, Yearlong","seasonal":"yearlong","motorcycle_datesopen":"01/01-12/31","districtname":"Plains/Thompson Falls Ranger District","trailclass":"TC2 - MODERATELY DEVELOPED"}},{"type":"Feature","geometry":null,"properties":{"kind":"trail","id":"372","name":"MUNSON CREEK","bmp":0,"emp":4.9,"mvum_symbol_name":"Trails open to motorcycles, Yearlong","seasonal":"yearlong","motorcycle_datesopen":"01/01-12/31","districtname":"Plains/Thompson Falls Ranger District","trailclass":"TC2 - MODERATELY DEVELOPED"}},{"type":"Feature","geometry":null,"properties":{"kind":"trail","id":"6.02","name":"BLUE MTN M/C DEADMAN RIDGE","bmp":0,"emp":2.614,"mvum_symbol_name":"Trails open to motorcycles, Seasonal","seasonal":"seasonal","motorcycle_datesopen":"05/01-11/30","districtname":"Missoula Ranger District","trailclass":"TC4 - HIGHLY DEVELOPED"}},{"type":"Feature","geometry":null,"properties":{"kind":"trail","id":"6.01","name":"BLUE MTN MOTORCYCLE/ ATV","bmp":0,"emp":3.8200000000000003,"mvum_symbol_name":"Trails open to vehicles 50\" or less in width, Seasonal","seasonal":"seasonal","atv_datesopen":"05/02-11/30","motorcycle_datesopen":"05/02-11/30","otherwheeled_ohv_datesopen":"05/02-11/30","tracked_ohv_lt50_datesopen":"05/02-11/30","other_ohv_lt50_datesopen":"05/02-11/30","districtname":"Missoula Ranger District","trailclass":"TC4 - HIGHLY DEVELOPED"}},{"type":"Feature","geometry":null,"properties":{"kind":"trail","id":"584","name":"WILKES CREEK","bmp":0,"emp":7.2,"mvum_symbol_name":"Trails open to motorcycles, Yearlong","seasonal":"yearlong","motorcycle_datesopen":"01/01-12/31","districtname":"Plains/Thompson Falls Ranger District","trailclass":"TC2 - MODERATELY DEVELOPED"}},{"type":"Feature","geometry":null,"properties":{"kind":"trail","id":"579","name":"SOUTH FORK WILKES CREEK","bmp":0,"emp":3.6,"mvum_symbol_name":"Trails open to motorcycles, Yearlong","seasonal":"yearlong","motorcycle_datesopen":"01/01-12/31","districtname":"Plains/Thompson Falls Ranger District","trailclass":"TC2 - MODERATELY DEVELOPED"}},{"type":"Feature","geometry":null,"properties":{"kind":"trail","id":"290","name":"RESERVATION DIVIDE","bmp":0,"emp":8.238,"mvum_symbol_name":"Trails open to motorcycles, Yearlong","seasonal":"yearlong","motorcycle_datesopen":"01/01-12/31","districtname":"Plains/Thompson Falls Ranger District","trailclass":"TC2 - MODERATELY DEVELOPED"}},{"type":"Feature","geometry":null,"properties":{"kind":"trail","id":"562","name":"GOLD RUSH CREEK","bmp":0,"emp":4.6,"mvum_symbol_name":"Trails open to motorcycles, Yearlong","seasonal":"yearlong","motorcycle_datesopen":"01/01-12/31","districtname":"Plains/Thompson Falls Ranger District","trailclass":"TC2 - MODERATELY DEVELOPED"}},{"type":"Feature","geometry":null,"properties":{"kind":"trail","id":"217","name":"HENDRICKSON GULCH","bmp":0,"emp":2.3,"mvum_symbol_name":"Trails open to motorcycles, Yearlong","seasonal":"yearlong","motorcycle_datesopen":"01/01-12/31","districtname":"Superior Ranger District","trailclass":"TC3 - DEVELOPED"}},{"type":"Feature","geometry":null,"properties":{"kind":"trail","id":"289","name":"GRANITE RIDGE","bmp":0,"emp":5.7780000000000005,"mvum_symbol_name":"Trails open to motorcycles, Seasonal","seasonal":"seasonal","motorcycle_datesopen":"04/01-11/30","districtname":"Missoula Ranger District","trailclass":"TC2 - MODERATELY DEVELOPED"}},{"type":"Feature","geometry":null,"properties":{"kind":"trail","id":"263","name":"SAVENAC CREEK","bmp":0,"emp":6.2,"mvum_symbol_name":"Trails open to motorcycles, Yearlong","seasonal":"yearlong","motorcycle_datesopen":"01/01-12/31","districtname":"Superior Ranger District","trailclass":"TC3 - DEVELOPED"}},{"type":"Feature","geometry":null,"properties":{"kind":"trail","id":"340.1","name":"CORONA DIVIDE","bmp":0,"emp":2.5299,"mvum_symbol_name":"Trails open to motorcycles, Yearlong","seasonal":"yearlong","motorcycle_datesopen":"01/01-12/31","districtname":"Plains/Thompson Falls Ranger District","trailclass":"TC2 - MODERATELY DEVELOPED"}},{"type":"Feature","geometry":null,"properties":{"kind":"trail","id":"380","name":"BEAVER LAKE","bmp":0,"emp":0.921,"mvum_symbol_name":"Wheeled OHV <50\", Yearlong","seasonal":"yearlong","atv_datesopen":"01/01-12/31","motorcycle_datesopen":"01/01-12/31","otherwheeled_ohv_datesopen":"01/01-12/31","districtname":"Seeley Lake Ranger District","trailclass":"TC3 - DEVELOPED"}},{"type":"Feature","geometry":null,"properties":{"kind":"trail","id":"248","name":"DOMINION CREEK","bmp":0,"emp":2.4,"mvum_symbol_name":"Trails open to motorcycles, Yearlong","seasonal":"yearlong","motorcycle_datesopen":"01/01-12/31","districtname":"Superior Ranger District","trailclass":"TC3 - DEVELOPED"}},{"type":"Feature","geometry":null,"properties":{"kind":"trail","id":"688","name":"CHIPMUNK CREEK","bmp":0,"emp":0.91,"mvum_symbol_name":"Trails open to vehicles 50\" or less in width, Yearlong","seasonal":"yearlong","atv_datesopen":"01/01-12/31","motorcycle_datesopen":"01/01-12/31","otherwheeled_ohv_datesopen":"01/01-12/31","tracked_ohv_lt50_datesopen":"01/01-12/31","other_ohv_lt50_datesopen":"01/01-12/31","districtname":"Plains/Thompson Falls Ranger District","trailclass":"TC2 - MODERATELY DEVELOPED"}},{"type":"Feature","geometry":null,"properties":{"kind":"trail","id":"157","name":"IDAHO GULCH","bmp":0,"emp":3.3,"mvum_symbol_name":"Trails open to motorcycles, Yearlong","seasonal":"yearlong","motorcycle_datesopen":"01/01-12/31","districtname":"Superior Ranger District","trailclass":"TC3 - DEVELOPED"}},{"type":"Feature","geometry":null,"properties":{"kind":"trail","id":"284","name":"WEST FORK KNOX CREEK","bmp":0,"emp":1.7519,"mvum_symbol_name":"Trails open to motorcycles, Yearlong","seasonal":"yearlong","motorcycle_datesopen":"01/01-12/31","districtname":"Plains/Thompson Falls Ranger District","trailclass":"TC2 - MODERATELY DEVELOPED"}},{"type":"Feature","geometry":null,"properties":{"kind":"trail","id":"398","name":"DEE CREEK","bmp":0,"emp":1.8,"mvum_symbol_name":"Trails open to motorcycles, Yearlong","seasonal":"yearlong","motorcycle_datesopen":"01/01-12/31","districtname":"Plains/Thompson Falls Ranger District","trailclass":"TC2 - MODERATELY DEVELOPED"}},{"type":"Feature","geometry":null,"properties":{"kind":"trail","id":"404","name":"CC DIVIDE","bmp":27.614,"emp":32.8,"mvum_symbol_name":"Trails open to vehicles 50\" or less in width, Seasonal","seasonal":"seasonal","atv_datesopen":"05/16-10/14","motorcycle_datesopen":"05/16-10/14","otherwheeled_ohv_datesopen":"05/16-10/14","tracked_ohv_lt50_datesopen":"05/16-10/14","other_ohv_lt50_datesopen":"05/16-10/14","districtname":"Superior Ranger District","trailclass":"TC3 - DEVELOPED"}},{"type":"Feature","geometry":null,"properties":{"kind":"trail","id":"701","name":"GLIDDEN CREEK","bmp":0,"emp":0.75,"mvum_symbol_name":"Trails open to vehicles 50\" or less in width, Yearlong","seasonal":"yearlong","atv_datesopen":"01/01-12/31","motorcycle_datesopen":"01/01-12/31","otherwheeled_ohv_datesopen":"01/01-12/31","tracked_ohv_lt50_datesopen":"01/01-12/31","other_ohv_lt50_datesopen":"01/01-12/31","districtname":"Plains/Thompson Falls Ranger District","trailclass":"TC3 - DEVELOPED"}},{"type":"Feature","geometry":null,"properties":{"kind":"trail","id":"17.1","name":"BEAR CREEK","bmp":1.663,"emp":2.642,"mvum_symbol_name":"Trails open to motorcycles, Seasonal","seasonal":"seasonal","motorcycle_datesopen":"05/01-11/30","districtname":"Seeley Lake Ranger District","trailclass":"TC3 - DEVELOPED"}},{"type":"Feature","geometry":null,"properties":{"kind":"trail","id":"291","name":"COOK MOUNTAIN","bmp":0.8240000000000001,"emp":5,"mvum_symbol_name":"Trails open to motorcycles, Yearlong","seasonal":"yearlong","motorcycle_datesopen":"01/01-12/31","districtname":"Plains/Thompson Falls Ranger District","trailclass":"TC2 - MODERATELY DEVELOPED"}},{"type":"Feature","geometry":null,"properties":{"kind":"trail","id":"265","name":"COPPER LAKE","bmp":0,"emp":0.9800000000000001,"mvum_symbol_name":"Wheeled OHV <50\", Seasonal","seasonal":"seasonal","atv_datesopen":"12/02-10/14","motorcycle_datesopen":"12/02-10/14","otherwheeled_ohv_datesopen":"12/02-10/14","districtname":"Superior Ranger District","trailclass":"TC3 - DEVELOPED"}},{"type":"Feature","geometry":null,"properties":{"kind":"trail","id":"572","name":"WEST FORK DRY CREEK","bmp":0,"emp":3.9,"mvum_symbol_name":"Trails open to motorcycles, Yearlong","seasonal":"yearlong","motorcycle_datesopen":"01/01-12/31","districtname":"Plains/Thompson Falls Ranger District","trailclass":"TC3 - DEVELOPED"}},{"type":"Feature","geometry":null,"properties":{"kind":"trail","id":"498","name":"CHERRY CREEK","bmp":0,"emp":0.6345000000000001,"mvum_symbol_name":"Trails open to motorcycles, Yearlong","seasonal":"yearlong","motorcycle_datesopen":"01/01-12/31","districtname":"Plains/Thompson Falls Ranger District","trailclass":"TC2 - MODERATELY DEVELOPED"}},{"type":"Feature","geometry":null,"properties":{"kind":"trail","id":"1310","name":"MILL CREEK","bmp":0,"emp":4,"mvum_symbol_name":"Trails open to motorcycles, Yearlong","seasonal":"yearlong","motorcycle_datesopen":"01/01-12/31","districtname":"Missoula Ranger District","trailclass":"TC2 - MODERATELY DEVELOPED"}},{"type":"Feature","geometry":null,"properties":{"kind":"trail","id":"812","name":"CAMERON PEAK","bmp":0,"emp":5,"mvum_symbol_name":"Trails open to motorcycles, Yearlong","seasonal":"yearlong","motorcycle_datesopen":"01/01-12/31","districtname":"Superior Ranger District","trailclass":"TC3 - DEVELOPED"}},{"type":"Feature","geometry":null,"properties":{"kind":"trail","id":"720","name":"WILD HORSE POINT","bmp":0.52,"emp":7.5,"mvum_symbol_name":"Trails open to motorcycles, Yearlong","seasonal":"yearlong","motorcycle_datesopen":"01/01-12/31","districtname":"Ninemile Ranger District","trailclass":"TC2 - MODERATELY DEVELOPED"}},{"type":"Feature","geometry":null,"properties":{"kind":"trail","id":"1707","name":"TWENTY FOUR MILE CREEK","bmp":0,"emp":4.7629,"mvum_symbol_name":"Trails open to motorcycles, Yearlong","seasonal":"yearlong","motorcycle_datesopen":"01/01-12/31","districtname":"Plains/Thompson Falls Ranger District","trailclass":"TC2 - MODERATELY DEVELOPED"}},{"type":"Feature","geometry":null,"properties":{"kind":"trail","id":"557","name":"CAMP CREEK","bmp":0,"emp":3.3297,"mvum_symbol_name":"Trails open to motorcycles, Yearlong","seasonal":"yearlong","motorcycle_datesopen":"01/01-12/31","districtname":"Plains/Thompson Falls Ranger District","trailclass":"TC2 - MODERATELY DEVELOPED"}},{"type":"Feature","geometry":null,"properties":{"kind":"trail","id":"322","name":"NORTH FORK HOWARD CREEK","bmp":0,"emp":3.472,"mvum_symbol_name":"Trails open to motorcycles, Seasonal","seasonal":"seasonal","motorcycle_datesopen":"05/02-11/30","districtname":"Missoula Ranger District","trailclass":"TC2 - MODERATELY DEVELOPED"}},{"type":"Feature","geometry":null,"properties":{"kind":"trail","id":"811","name":"HAWK MOUNTAIN","bmp":0,"emp":4.5,"mvum_symbol_name":"Trails open to motorcycles, Yearlong","seasonal":"yearlong","motorcycle_datesopen":"01/01-12/31","districtname":"Superior Ranger District","trailclass":"TC3 - DEVELOPED"}},{"type":"Feature","geometry":null,"properties":{"kind":"trail","id":"370","name":"SPRING CREEK","bmp":0,"emp":7,"mvum_symbol_name":"Trails open to motorcycles, Yearlong","seasonal":"yearlong","motorcycle_datesopen":"01/01-12/31","districtname":"Plains/Thompson Falls Ranger District","trailclass":"TC2 - MODERATELY DEVELOPED"}},{"type":"Feature","geometry":null,"properties":{"kind":"trail","id":"253","name":"FLAT ROCK CREEK","bmp":0,"emp":5.48,"mvum_symbol_name":"Trails open to motorcycles, Yearlong","seasonal":"yearlong","motorcycle_datesopen":"01/01-12/31","districtname":"Superior Ranger District","trailclass":"TC3 - DEVELOPED"}},{"type":"Feature","geometry":null,"properties":{"kind":"trail","id":"571","name":"KNOX CREEK","bmp":0,"emp":4.3,"mvum_symbol_name":"Trails open to vehicles 50\" or less in width, Seasonal","seasonal":"seasonal","atv_datesopen":"05/15-12/01","motorcycle_datesopen":"05/15-12/01","otherwheeled_ohv_datesopen":"05/15-12/01","tracked_ohv_lt50_datesopen":"05/15-12/01","other_ohv_lt50_datesopen":"05/15-12/01","districtname":"Plains/Thompson Falls Ranger District","trailclass":"TC3 - DEVELOPED"}},{"type":"Feature","geometry":null,"properties":{"kind":"trail","id":"1400","name":"WEST FORK SWAMP CREEK","bmp":0,"emp":5.6659,"mvum_symbol_name":"Trails open to motorcycles, Yearlong","seasonal":"yearlong","motorcycle_datesopen":"01/01-12/31","districtname":"Plains/Thompson Falls Ranger District","trailclass":"TC3 - DEVELOPED"}},{"type":"Feature","geometry":null,"properties":{"kind":"trail","id":"310","name":"NORTH FORK LITTLE THOMPSON","bmp":0,"emp":0.9,"mvum_symbol_name":"Trails open to motorcycles, Yearlong","seasonal":"yearlong","motorcycle_datesopen":"01/01-12/31","districtname":"Plains/Thompson Falls Ranger District","trailclass":"TC2 - MODERATELY DEVELOPED"}},{"type":"Feature","geometry":null,"properties":{"kind":"trail","id":"295","name":"LEE RIDGE","bmp":0,"emp":6.5,"mvum_symbol_name":"Trails open to motorcycles, Seasonal","seasonal":"seasonal","motorcycle_datesopen":"05/16-11/30","districtname":"Missoula Ranger District","trailclass":"TC2 - MODERATELY DEVELOPED"}},{"type":"Feature","geometry":null,"properties":{"kind":"trail","id":"6.07","name":"LOOKOUT SPUR","bmp":0,"emp":0.5471,"mvum_symbol_name":"Trails open to motorcycles, Seasonal","seasonal":"seasonal","motorcycle_datesopen":"05/01-11/30","districtname":"Missoula Ranger District","trailclass":"TC4 - HIGHLY DEVELOPED"}},{"type":"Feature","geometry":null,"properties":{"kind":"trail","id":"194","name":"MARBLE POINT","bmp":0,"emp":4.9555,"mvum_symbol_name":"Trails open to motorcycles, Yearlong","seasonal":"yearlong","motorcycle_datesopen":"01/01-12/31","districtname":"Superior Ranger District","trailclass":"TC3 - DEVELOPED"}},{"type":"Feature","geometry":null,"properties":{"kind":"trail","id":"1309","name":"TEPEE CREEK","bmp":0,"emp":5.9,"mvum_symbol_name":"Trails open to motorcycles, Yearlong","seasonal":"yearlong","motorcycle_datesopen":"01/01-12/31","districtname":"Plains/Thompson Falls Ranger District","trailclass":"TC2 - MODERATELY DEVELOPED"}},{"type":"Feature","geometry":null,"properties":{"kind":"trail","id":"1104","name":"FISHTRAP LAKE","bmp":0,"emp":2.078,"mvum_symbol_name":"Trails open to motorcycles, Yearlong","seasonal":"yearlong","motorcycle_datesopen":"01/01-12/31","districtname":"Plains/Thompson Falls Ranger District","trailclass":"TC2 - MODERATELY DEVELOPED"}},{"type":"Feature","geometry":null,"properties":{"kind":"trail","id":"627","name":"CLEAR CREEK","bmp":0,"emp":5.4646,"mvum_symbol_name":"Trails open to motorcycles, Yearlong","seasonal":"yearlong","motorcycle_datesopen":"01/01-12/31","districtname":"Plains/Thompson Falls Ranger District","trailclass":"TC3 - DEVELOPED"}},{"type":"Feature","geometry":null,"properties":{"kind":"trail","id":"274","name":"DRY CREEK-HILL 7","bmp":0,"emp":2.3112,"mvum_symbol_name":"Trails open to motorcycles, Seasonal","seasonal":"seasonal","motorcycle_datesopen":"05/15-10/15","districtname":"Plains/Thompson Falls Ranger District","trailclass":"TC2 - MODERATELY DEVELOPED"}},{"type":"Feature","geometry":null,"properties":{"kind":"trail","id":"570","name":"JOAN CREEK","bmp":0,"emp":4.1,"mvum_symbol_name":"Trails open to motorcycles, Yearlong","seasonal":"yearlong","motorcycle_datesopen":"01/01-12/31","districtname":"Plains/Thompson Falls Ranger District","trailclass":"TC2 - MODERATELY DEVELOPED"}},{"type":"Feature","geometry":null,"properties":{"kind":"trail","id":"201","name":"NORTH FORK LITTLE JOE RIDGE","bmp":0,"emp":2.7,"mvum_symbol_name":"Trails open to motorcycles, Yearlong","seasonal":"yearlong","motorcycle_datesopen":"01/01-12/31","districtname":"Superior Ranger District","trailclass":"TC3 - DEVELOPED"}},{"type":"Feature","geometry":null,"properties":{"kind":"trail","id":"26","name":"TEEPEE RIDGE","bmp":0,"emp":1.8,"mvum_symbol_name":"Trails open to vehicles 50\" or less in width, Seasonal","seasonal":"seasonal","atv_datesopen":"06/16-10/14","motorcycle_datesopen":"06/16-10/14","otherwheeled_ohv_datesopen":"06/16-10/14","tracked_ohv_lt50_datesopen":"06/16-10/14","other_ohv_lt50_datesopen":"06/16-10/14","districtname":"Missoula Ranger District","trailclass":"TC2 - MODERATELY DEVELOPED"}},{"type":"Feature","geometry":null,"properties":{"kind":"trail","id":"51","name":"NINEMILE DIVIDE","bmp":0,"emp":17.822400000000002,"mvum_symbol_name":"Trails open to motorcycles, Yearlong","seasonal":"yearlong","motorcycle_datesopen":"01/01-12/31","districtname":"Superior Ranger District","trailclass":"TC3 - DEVELOPED"}},{"type":"Feature","geometry":null,"properties":{"kind":"trail","id":"6.06","name":"BLUE MTN LOOKOUT MC EAST LOOP","bmp":0,"emp":1.4361000000000002,"mvum_symbol_name":"Trails open to motorcycles, Seasonal","seasonal":"seasonal","motorcycle_datesopen":"05/01-11/30","districtname":"Missoula Ranger District","trailclass":"TC4 - HIGHLY DEVELOPED"}},{"type":"Feature","geometry":null,"properties":{"kind":"trail","id":"1220","name":"WAGON MOUNTAIN","bmp":0,"emp":4,"mvum_symbol_name":"Trails open to motorcycles, Yearlong","seasonal":"yearlong","motorcycle_datesopen":"01/01-12/31","districtname":"Ninemile Ranger District","trailclass":"TC2 - MODERATELY DEVELOPED"}},{"type":"Feature","geometry":null,"properties":{"kind":"trail","id":"590","name":"TABLE TOP MOUNTAIN","bmp":0,"emp":8.2,"mvum_symbol_name":"Trails open to motorcycles, Seasonal","seasonal":"seasonal","motorcycle_datesopen":"12/01-10/15","districtname":"Plains/Thompson Falls Ranger District","trailclass":"TC2 - MODERATELY DEVELOPED"}},{"type":"Feature","geometry":null,"properties":{"kind":"trail","id":"505","name":"UPPER TWIN CREEK","bmp":0,"emp":1.104,"mvum_symbol_name":"Trails open to vehicles 50\" or less in width, Yearlong","seasonal":"yearlong","atv_datesopen":"01/01-12/31","motorcycle_datesopen":"01/01-12/31","otherwheeled_ohv_datesopen":"01/01-12/31","tracked_ohv_lt50_datesopen":"01/01-12/31","other_ohv_lt50_datesopen":"01/01-12/31","districtname":"Missoula Ranger District","trailclass":"TC2 - MODERATELY DEVELOPED"}},{"type":"Feature","geometry":null,"properties":{"kind":"trail","id":"384","name":"COOPERS LAKE","bmp":0,"emp":3.45,"mvum_symbol_name":"Trails open to motorcycles, Seasonal","seasonal":"seasonal","motorcycle_datesopen":"05/01-11/30","districtname":"Seeley Lake Ranger District","trailclass":"TC1 - MINIMALLY DEVELOPED"}},{"type":"Feature","geometry":null,"properties":{"kind":"trail","id":"202","name":"BOYD MOUNTAIN","bmp":0,"emp":5.05,"mvum_symbol_name":"Trails open to motorcycles, Yearlong","seasonal":"yearlong","motorcycle_datesopen":"01/01-12/31","districtname":"Superior Ranger District","trailclass":"TC3 - DEVELOPED"}},{"type":"Feature","geometry":null,"properties":{"kind":"trail","id":"240","name":"BURNT FLAT DIVIDE","bmp":0,"emp":2.7,"mvum_symbol_name":"Trails open to motorcycles, Yearlong","seasonal":"yearlong","motorcycle_datesopen":"01/01-12/31","districtname":"Superior Ranger District","trailclass":"TC3 - DEVELOPED"}},{"type":"Feature","geometry":null,"properties":{"kind":"trail","id":"223","name":"RIVER TRAIL","bmp":0,"emp":8.6099,"mvum_symbol_name":"Trails open to motorcycles, Yearlong","seasonal":"yearlong","motorcycle_datesopen":"01/01-12/31","districtname":"Superior Ranger District","trailclass":"TC3 - DEVELOPED"}},{"type":"Feature","geometry":null,"properties":{"kind":"trail","id":"680","name":"WEST FORK CROW CREEK","bmp":0,"emp":2.3,"mvum_symbol_name":"Trails open to motorcycles, Yearlong","seasonal":"yearlong","motorcycle_datesopen":"01/01-12/31","districtname":"Plains/Thompson Falls Ranger District","trailclass":"TC2 - MODERATELY DEVELOPED"}},{"type":"Feature","geometry":null,"properties":{"kind":"trail","id":"6.04","name":"BLUE MTN MC/ATV BYPASS","bmp":0,"emp":0.9400000000000001,"mvum_symbol_name":"Trails open to motorcycles, Seasonal","seasonal":"seasonal","motorcycle_datesopen":"05/01-11/30","districtname":"Missoula Ranger District","trailclass":"TC4 - HIGHLY DEVELOPED"}},{"type":"Feature","geometry":null,"properties":{"kind":"trail","id":"680","name":"WEST FORK CROW CREEK","bmp":0,"emp":2.3,"mvum_symbol_name":"Trails open to motorcycles, Yearlong","seasonal":"yearlong","motorcycle_datesopen":"01/01-12/31","districtname":"Plains/Thompson Falls Ranger District","trailclass":"TC2 - MODERATELY DEVELOPED"}},{"type":"Feature","geometry":null,"properties":{"kind":"trail","id":"234","name":"SUNSET CREEK","bmp":0,"emp":3.2,"mvum_symbol_name":"Trails open to motorcycles, Yearlong","seasonal":"yearlong","motorcycle_datesopen":"01/01-12/31","districtname":"Superior Ranger District","trailclass":"TC3 - DEVELOPED"}},{"type":"Feature","geometry":null,"properties":{"kind":"trail","id":"223","name":"RIVER TRAIL","bmp":0,"emp":8.6099,"mvum_symbol_name":"Trails open to motorcycles, Yearlong","seasonal":"yearlong","motorcycle_datesopen":"01/01-12/31","districtname":"Superior Ranger District","trailclass":"TC3 - DEVELOPED"}},{"type":"Feature","geometry":null,"properties":{"kind":"trail","id":"6.04","name":"BLUE MTN MC/ATV BYPASS","bmp":0,"emp":0.9400000000000001,"mvum_symbol_name":"Trails open to motorcycles, Seasonal","seasonal":"seasonal","motorcycle_datesopen":"05/01-11/30","districtname":"Missoula Ranger District","trailclass":"TC4 - HIGHLY DEVELOPED"}},{"type":"Feature","geometry":null,"properties":{"kind":"trail","id":"266","name":"PACKER CREEK","bmp":0,"emp":3.1,"mvum_symbol_name":"Trails open to motorcycles, Yearlong","seasonal":"yearlong","motorcycle_datesopen":"01/01-12/31","districtname":"Superior Ranger District","trailclass":"TC3 - DEVELOPED"}},{"type":"Feature","geometry":null,"properties":{"kind":"trail","id":"245","name":"TEEPEE MOUNTAIN","bmp":0,"emp":4.7,"mvum_symbol_name":"Trails open to motorcycles, Yearlong","seasonal":"yearlong","motorcycle_datesopen":"01/01-12/31","districtname":"Plains/Thompson Falls Ranger District","trailclass":"TC2 - MODERATELY DEVELOPED"}},{"type":"Feature","geometry":null,"properties":{"kind":"trail","id":"535","name":"SHEEP CAMP","bmp":0,"emp":1.221,"mvum_symbol_name":"Trails open to motorcycles, Yearlong","seasonal":"yearlong","motorcycle_datesopen":"01/01-12/31","districtname":"Plains/Thompson Falls Ranger District","trailclass":"TC2 - MODERATELY DEVELOPED"}},{"type":"Feature","geometry":null,"properties":{"kind":"trail","id":"578","name":"DRY-WILKES DIVIDE","bmp":0,"emp":10.4,"mvum_symbol_name":"Trails open to motorcycles, Seasonal","seasonal":"seasonal","motorcycle_datesopen":"05/15-10/15","districtname":"Plains/Thompson Falls Ranger District","trailclass":"TC2 - MODERATELY DEVELOPED"}},{"type":"Feature","geometry":null,"properties":{"kind":"trail","id":"1220","name":"WAGON MOUNTAIN","bmp":0,"emp":4,"mvum_symbol_name":"Trails open to motorcycles, Yearlong","seasonal":"yearlong","motorcycle_datesopen":"01/01-12/31","districtname":"Ninemile Ranger District","trailclass":"TC2 - MODERATELY DEVELOPED"}},{"type":"Feature","geometry":null,"properties":{"kind":"trail","id":"220","name":"SNOWSTORM RIDGE","bmp":0,"emp":7.3,"mvum_symbol_name":"Trails open to motorcycles, Yearlong","seasonal":"yearlong","motorcycle_datesopen":"01/01-12/31","districtname":"Plains/Thompson Falls Ranger District","trailclass":"TC2 - MODERATELY DEVELOPED"}},{"type":"Feature","geometry":null,"properties":{"kind":"trail","id":"6.02-A","name":"DEADMAN RIDGE BYPASS","bmp":0,"emp":0.78,"mvum_symbol_name":"Trails open to motorcycles, Seasonal","seasonal":"seasonal","motorcycle_datesopen":"05/01-11/30","districtname":"Missoula Ranger District","trailclass":"TC4 - HIGHLY DEVELOPED"}},{"type":"Feature","geometry":null,"properties":{"kind":"trail","id":"1225","name":"KEITH CREEK","bmp":0,"emp":4.5,"mvum_symbol_name":"Trails open to motorcycles, Yearlong","seasonal":"yearlong","motorcycle_datesopen":"01/01-12/31","districtname":"Superior Ranger District","trailclass":"TC3 - DEVELOPED"}},{"type":"Feature","geometry":null,"properties":{"kind":"trail","id":"522-A","name":"BLOSSOM LAKE HORSE CUTOFF","bmp":0,"emp":0.39790000000000003,"mvum_symbol_name":"Trails open to motorcycles, Yearlong","seasonal":"yearlong","motorcycle_datesopen":"01/01-12/31","districtname":"Plains/Thompson Falls Ranger District","trailclass":"TC3 - DEVELOPED"}},{"type":"Feature","geometry":null,"properties":{"kind":"trail","id":"590","name":"TABLE TOP MOUNTAIN","bmp":0,"emp":8.2,"mvum_symbol_name":"Trails open to motorcycles, Seasonal","seasonal":"seasonal","motorcycle_datesopen":"12/01-10/15","districtname":"Plains/Thompson Falls Ranger District","trailclass":"TC2 - MODERATELY DEVELOPED"}},{"type":"Feature","geometry":null,"properties":{"kind":"trail","id":"445","name":"KOO KOO SINT (E)","bmp":0,"emp":4.2,"mvum_symbol_name":"Trails open to motorcycles, Yearlong","seasonal":"yearlong","motorcycle_datesopen":"01/01-12/31","districtname":"Plains/Thompson Falls Ranger District","trailclass":"TC2 - MODERATELY DEVELOPED"}},{"type":"Feature","geometry":null,"properties":{"kind":"trail","id":"1104-A","name":"FISHTRAP LAKE CUTOFF","bmp":0,"emp":0.149,"mvum_symbol_name":"Trails open to motorcycles, Yearlong","seasonal":"yearlong","motorcycle_datesopen":"01/01-12/31","districtname":"Plains/Thompson Falls Ranger District","trailclass":"TC2 - MODERATELY DEVELOPED"}},{"type":"Feature","geometry":null,"properties":{"kind":"trail","id":"384","name":"COOPERS LAKE","bmp":0,"emp":3.45,"mvum_symbol_name":"Trails open to motorcycles, Seasonal","seasonal":"seasonal","motorcycle_datesopen":"05/01-11/30","districtname":"Seeley Lake Ranger District","trailclass":"TC1 - MINIMALLY DEVELOPED"}},{"type":"Feature","geometry":null,"properties":{"kind":"trail","id":"505","name":"UPPER TWIN CREEK","bmp":0,"emp":1.104,"mvum_symbol_name":"Trails open to vehicles 50\" or less in width, Yearlong","seasonal":"yearlong","atv_datesopen":"01/01-12/31","motorcycle_datesopen":"01/01-12/31","otherwheeled_ohv_datesopen":"01/01-12/31","tracked_ohv_lt50_datesopen":"01/01-12/31","other_ohv_lt50_datesopen":"01/01-12/31","districtname":"Missoula Ranger District","trailclass":"TC2 - MODERATELY DEVELOPED"}},{"type":"Feature","geometry":null,"properties":{"kind":"trail","id":"202","name":"BOYD MOUNTAIN","bmp":0,"emp":5.05,"mvum_symbol_name":"Trails open to motorcycles, Yearlong","seasonal":"yearlong","motorcycle_datesopen":"01/01-12/31","districtname":"Superior Ranger District","trailclass":"TC3 - DEVELOPED"}},{"type":"Feature","geometry":null,"properties":{"kind":"trail","id":"240","name":"BURNT FLAT DIVIDE","bmp":0,"emp":2.7,"mvum_symbol_name":"Trails open to motorcycles, Yearlong","seasonal":"yearlong","motorcycle_datesopen":"01/01-12/31","districtname":"Superior Ranger District","trailclass":"TC3 - DEVELOPED"}},{"type":"Feature","geometry":null,"properties":{"kind":"trail","id":"6.02-A","name":"DEADMAN RIDGE BYPASS","bmp":0,"emp":0.78,"mvum_symbol_name":"Trails open to motorcycles, Seasonal","seasonal":"seasonal","motorcycle_datesopen":"05/01-11/30","districtname":"Missoula Ranger District","trailclass":"TC4 - HIGHLY DEVELOPED"}},{"type":"Feature","geometry":null,"properties":{"kind":"trail","id":"1225","name":"KEITH CREEK","bmp":0,"emp":4.5,"mvum_symbol_name":"Trails open to motorcycles, Yearlong","seasonal":"yearlong","motorcycle_datesopen":"01/01-12/31","districtname":"Superior Ranger District","trailclass":"TC3 - DEVELOPED"}},{"type":"Feature","geometry":null,"properties":{"kind":"trail","id":"627","name":"CLEAR CREEK","bmp":0,"emp":5.4646,"mvum_symbol_name":"Trails open to motorcycles, Yearlong","seasonal":"yearlong","motorcycle_datesopen":"01/01-12/31","districtname":"Plains/Thompson Falls Ranger District","trailclass":"TC3 - DEVELOPED"}},{"type":"Feature","geometry":null,"properties":{"kind":"trail","id":"245","name":"TEEPEE MOUNTAIN","bmp":0,"emp":4.7,"mvum_symbol_name":"Trails open to motorcycles, Yearlong","seasonal":"yearlong","motorcycle_datesopen":"01/01-12/31","districtname":"Plains/Thompson Falls Ranger District","trailclass":"TC2 - MODERATELY DEVELOPED"}},{"type":"Feature","geometry":null,"properties":{"kind":"trail","id":"201","name":"NORTH FORK LITTLE JOE RIDGE","bmp":0,"emp":2.7,"mvum_symbol_name":"Trails open to motorcycles, Yearlong","seasonal":"yearlong","motorcycle_datesopen":"01/01-12/31","districtname":"Superior Ranger District","trailclass":"TC3 - DEVELOPED"}},{"type":"Feature","geometry":null,"properties":{"kind":"trail","id":"578","name":"DRY-WILKES DIVIDE","bmp":0,"emp":10.4,"mvum_symbol_name":"Trails open to motorcycles, Seasonal","seasonal":"seasonal","motorcycle_datesopen":"05/15-10/15","districtname":"Plains/Thompson Falls Ranger District","trailclass":"TC2 - MODERATELY DEVELOPED"}},{"type":"Feature","geometry":null,"properties":{"kind":"trail","id":"570","name":"JOAN CREEK","bmp":0,"emp":4.1,"mvum_symbol_name":"Trails open to motorcycles, Yearlong","seasonal":"yearlong","motorcycle_datesopen":"01/01-12/31","districtname":"Plains/Thompson Falls Ranger District","trailclass":"TC2 - MODERATELY DEVELOPED"}},{"type":"Feature","geometry":null,"properties":{"kind":"trail","id":"220","name":"SNOWSTORM RIDGE","bmp":0,"emp":7.3,"mvum_symbol_name":"Trails open to motorcycles, Yearlong","seasonal":"yearlong","motorcycle_datesopen":"01/01-12/31","districtname":"Plains/Thompson Falls Ranger District","trailclass":"TC2 - MODERATELY DEVELOPED"}},{"type":"Feature","geometry":null,"properties":{"kind":"trail","id":"522-A","name":"BLOSSOM LAKE HORSE CUTOFF","bmp":0,"emp":0.39790000000000003,"mvum_symbol_name":"Trails open to motorcycles, Yearlong","seasonal":"yearlong","motorcycle_datesopen":"01/01-12/31","districtname":"Plains/Thompson Falls Ranger District","trailclass":"TC3 - DEVELOPED"}},{"type":"Feature","geometry":null,"properties":{"kind":"trail","id":"445","name":"KOO KOO SINT (E)","bmp":0,"emp":4.2,"mvum_symbol_name":"Trails open to motorcycles, Yearlong","seasonal":"yearlong","motorcycle_datesopen":"01/01-12/31","districtname":"Plains/Thompson Falls Ranger District","trailclass":"TC2 - MODERATELY DEVELOPED"}},{"type":"Feature","geometry":null,"properties":{"kind":"trail","id":"1104-A","name":"FISHTRAP LAKE CUTOFF","bmp":0,"emp":0.149,"mvum_symbol_name":"Trails open to motorcycles, Yearlong","seasonal":"yearlong","motorcycle_datesopen":"01/01-12/31","districtname":"Plains/Thompson Falls Ranger District","trailclass":"TC2 - MODERATELY DEVELOPED"}},{"type":"Feature","geometry":null,"properties":{"kind":"trail","id":"234","name":"SUNSET CREEK","bmp":0,"emp":3.2,"mvum_symbol_name":"Trails open to motorcycles, Yearlong","seasonal":"yearlong","motorcycle_datesopen":"01/01-12/31","districtname":"Superior Ranger District","trailclass":"TC3 - DEVELOPED"}},{"type":"Feature","geometry":null,"properties":{"kind":"trail","id":"811","name":"HAWK MOUNTAIN","bmp":0,"emp":4.5,"mvum_symbol_name":"Trails open to motorcycles, Yearlong","seasonal":"yearlong","motorcycle_datesopen":"01/01-12/31","districtname":"Superior Ranger District","trailclass":"TC3 - DEVELOPED"}},{"type":"Feature","geometry":null,"properties":{"kind":"trail","id":"1400","name":"WEST FORK SWAMP CREEK","bmp":0,"emp":5.6659,"mvum_symbol_name":"Trails open to motorcycles, Yearlong","seasonal":"yearlong","motorcycle_datesopen":"01/01-12/31","districtname":"Plains/Thompson Falls Ranger District","trailclass":"TC3 - DEVELOPED"}},{"type":"Feature","geometry":null,"properties":{"kind":"trail","id":"295","name":"LEE RIDGE","bmp":0,"emp":6.5,"mvum_symbol_name":"Trails open to motorcycles, Seasonal","seasonal":"seasonal","motorcycle_datesopen":"05/16-11/30","districtname":"Missoula Ranger District","trailclass":"TC2 - MODERATELY DEVELOPED"}},{"type":"Feature","geometry":null,"properties":{"kind":"trail","id":"266","name":"PACKER CREEK","bmp":0,"emp":3.1,"mvum_symbol_name":"Trails open to motorcycles, Yearlong","seasonal":"yearlong","motorcycle_datesopen":"01/01-12/31","districtname":"Superior Ranger District","trailclass":"TC3 - DEVELOPED"}},{"type":"Feature","geometry":null,"properties":{"kind":"trail","id":"310","name":"NORTH FORK LITTLE THOMPSON","bmp":0,"emp":0.9,"mvum_symbol_name":"Trails open to motorcycles, Yearlong","seasonal":"yearlong","motorcycle_datesopen":"01/01-12/31","districtname":"Plains/Thompson Falls Ranger District","trailclass":"TC2 - MODERATELY DEVELOPED"}},{"type":"Feature","geometry":null,"properties":{"kind":"trail","id":"535","name":"SHEEP CAMP","bmp":0,"emp":1.221,"mvum_symbol_name":"Trails open to motorcycles, Yearlong","seasonal":"yearlong","motorcycle_datesopen":"01/01-12/31","districtname":"Plains/Thompson Falls Ranger District","trailclass":"TC2 - MODERATELY DEVELOPED"}},{"type":"Feature","geometry":null,"properties":{"kind":"trail","id":"1309","name":"TEPEE CREEK","bmp":0,"emp":5.9,"mvum_symbol_name":"Trails open to motorcycles, Yearlong","seasonal":"yearlong","motorcycle_datesopen":"01/01-12/31","districtname":"Plains/Thompson Falls Ranger District","trailclass":"TC2 - MODERATELY DEVELOPED"}},{"type":"Feature","geometry":null,"properties":{"kind":"trail","id":"1104","name":"FISHTRAP LAKE","bmp":0,"emp":2.078,"mvum_symbol_name":"Trails open to motorcycles, Yearlong","seasonal":"yearlong","motorcycle_datesopen":"01/01-12/31","districtname":"Plains/Thompson Falls Ranger District","trailclass":"TC2 - MODERATELY DEVELOPED"}},{"type":"Feature","geometry":null,"properties":{"kind":"trail","id":"1718.1","name":"MILL CREEK","bmp":0.10300000000000001,"emp":2.545,"mvum_symbol_name":"Trails open to motorcycles, Yearlong","seasonal":"yearlong","motorcycle_datesopen":"01/01-12/31","districtname":"Superior Ranger District","trailclass":"TC3 - DEVELOPED"}},{"type":"Feature","geometry":null,"properties":{"kind":"trail","id":"1718.1","name":"MILL CREEK","bmp":2.545,"emp":6.2,"mvum_symbol_name":"Trails open to motorcycles, Yearlong","seasonal":"yearlong","motorcycle_datesopen":"01/01-12/31","districtname":"Superior Ranger District","trailclass":"TC3 - DEVELOPED"}},{"type":"Feature","geometry":null,"properties":{"kind":"trail","id":"203","name":"DRY CREEK DIVIDE NORTH","bmp":0,"emp":7.9913,"mvum_symbol_name":"Trails open to all vehicles, Yearlong","seasonal":"yearlong","passengervehicle_datesopen":"01/01-12/31","highclearancevehicle_datesopen":"01/01-12/31","truck_datesopen":"01/01-12/31","bus_datesopen":"01/01-12/31","motorhome_datesopen":"01/01-12/31","fourwd_gt50_datesopen":"01/01-12/31","twowd_gt50_datesopen":"01/01-12/31","tracked_ohv_gt50_datesopen":"01/01-12/31","other_ohv_gt50_datesopen":"01/01-12/31","atv_datesopen":"01/01-12/31","motorcycle_datesopen":"01/01-12/31","otherwheeled_ohv_datesopen":"01/01-12/31","tracked_ohv_lt50_datesopen":"01/01-12/31","other_ohv_lt50_datesopen":"01/01-12/31","districtname":"Superior Ranger District","trailclass":"TC3 - DEVELOPED","e_bike_class1":"open","e_bike_class1_dur":"01/01-12/31","e_bike_class2":"open","e_bike_class2_dur":"01/01-12/31","e_bike_class3":"open","e_bike_class3_dur":"01/01-12/31"}},{"type":"Feature","geometry":null,"properties":{"kind":"trail","id":"26","name":"TEEPEE RIDGE","bmp":0,"emp":1.8,"mvum_symbol_name":"Trails open to vehicles 50\" or less in width, Seasonal","seasonal":"seasonal","atv_datesopen":"06/16-10/14","motorcycle_datesopen":"06/16-10/14","otherwheeled_ohv_datesopen":"06/16-10/14","tracked_ohv_lt50_datesopen":"06/16-10/14","other_ohv_lt50_datesopen":"06/16-10/14","districtname":"Missoula Ranger District","trailclass":"TC2 - MODERATELY DEVELOPED","e_bike_class1":"open","e_bike_class1_dur":"06/16-10/14","e_bike_class2":"open","e_bike_class2_dur":"06/16-10/14","e_bike_class3":"open","e_bike_class3_dur":"06/16-10/14"}},{"type":"Feature","geometry":null,"properties":{"kind":"trail","id":"204","name":"TORINO PEAK","bmp":0,"emp":2.6444,"mvum_symbol_name":"Trails open to all vehicles, Yearlong","seasonal":"yearlong","passengervehicle_datesopen":"01/01-12/31","highclearancevehicle_datesopen":"01/01-12/31","truck_datesopen":"01/01-12/31","bus_datesopen":"01/01-12/31","motorhome_datesopen":"01/01-12/31","fourwd_gt50_datesopen":"01/01-12/31","twowd_gt50_datesopen":"01/01-12/31","tracked_ohv_gt50_datesopen":"01/01-12/31","other_ohv_gt50_datesopen":"01/01-12/31","atv_datesopen":"01/01-12/31","motorcycle_datesopen":"01/01-12/31","otherwheeled_ohv_datesopen":"01/01-12/31","tracked_ohv_lt50_datesopen":"01/01-12/31","other_ohv_lt50_datesopen":"01/01-12/31","districtname":"Superior Ranger District","e_bike_class1":"open","e_bike_class1_dur":"01/01-12/31","e_bike_class2":"open","e_bike_class2_dur":"01/01-12/31","e_bike_class3":"open","e_bike_class3_dur":"01/01-12/31"}},{"type":"Feature","geometry":null,"properties":{"kind":"trail","id":"248","name":"DOMINION CREEK","bmp":0,"emp":2.4,"mvum_symbol_name":"Trails open to motorcycles, Yearlong","seasonal":"yearlong","motorcycle_datesopen":"01/01-12/31","districtname":"Superior Ranger District","trailclass":"TC3 - DEVELOPED","e_bike_class1":"open","e_bike_class1_dur":"01/01-12/31","e_bike_class2":"open","e_bike_class2_dur":"01/01-12/31","e_bike_class3":"open","e_bike_class3_dur":"01/01-12/31"}},{"type":"Feature","geometry":null,"properties":{"kind":"trail","id":"289","name":"GRANITE RIDGE","bmp":0,"emp":5.7780000000000005,"mvum_symbol_name":"Trails open to motorcycles, Seasonal","seasonal":"seasonal","motorcycle_datesopen":"05/16-10/15","districtname":"Missoula Ranger District","trailclass":"TC2 - MODERATELY DEVELOPED","e_bike_class1":"open","e_bike_class1_dur":"05/16-10/15","e_bike_class2":"open","e_bike_class2_dur":"05/16-10/15","e_bike_class3":"open","e_bike_class3_dur":"05/16-10/15"}},{"type":"Feature","geometry":null,"properties":{"kind":"trail","id":"240","name":"BURNT FLAT DIVIDE","bmp":0,"emp":2.7,"mvum_symbol_name":"Trails open to motorcycles, Yearlong","seasonal":"yearlong","motorcycle_datesopen":"01/01-12/31","districtname":"Superior Ranger District","trailclass":"TC3 - DEVELOPED","e_bike_class1":"open","e_bike_class1_dur":"01/01-12/31","e_bike_class2":"open","e_bike_class2_dur":"01/01-12/31","e_bike_class3":"open","e_bike_class3_dur":"01/01-12/31"}},{"type":"Feature","geometry":null,"properties":{"kind":"trail","id":"1707","name":"TWENTY FOUR MILE CREEK","bmp":0,"emp":4.7629,"mvum_symbol_name":"Trails open to motorcycles, Yearlong","seasonal":"yearlong","motorcycle_datesopen":"01/01-12/31","districtname":"Plains/Thompson Falls Ranger District","trailclass":"TC2 - MODERATELY DEVELOPED","e_bike_class1":"open","e_bike_class1_dur":"01/01-12/31","e_bike_class2":"open","e_bike_class2_dur":"01/01-12/31","e_bike_class3":"open","e_bike_class3_dur":"01/01-12/31"}},{"type":"Feature","geometry":null,"properties":{"kind":"trail","id":"572","name":"WEST FORK DRY CREEK","bmp":0,"emp":3.9,"mvum_symbol_name":"Trails open to motorcycles, Yearlong","seasonal":"yearlong","motorcycle_datesopen":"01/01-12/31","districtname":"Plains/Thompson Falls Ranger District","trailclass":"TC3 - DEVELOPED","e_bike_class1":"open","e_bike_class1_dur":"01/01-12/31","e_bike_class2":"open","e_bike_class2_dur":"01/01-12/31","e_bike_class3":"open","e_bike_class3_dur":"01/01-12/31"}},{"type":"Feature","geometry":null,"properties":{"kind":"trail","id":"512","name":"MILLER DIVIDE","bmp":0,"emp":3.9568000000000003,"mvum_symbol_name":"Trails open to motorcycles, Seasonal","seasonal":"seasonal","motorcycle_datesopen":"04/01-11/30","districtname":"Missoula Ranger District","trailclass":"TC2 - MODERATELY DEVELOPED","e_bike_class1":"open","e_bike_class1_dur":"04/01-11/30","e_bike_class2":"open","e_bike_class2_dur":"04/01-11/30","e_bike_class3":"open","e_bike_class3_dur":"04/01-11/30"}},{"type":"Feature","geometry":null,"properties":{"kind":"trail","id":"157","name":"IDAHO GULCH","bmp":0,"emp":3.41,"mvum_symbol_name":"Trails open to motorcycles, Yearlong","seasonal":"yearlong","motorcycle_datesopen":"01/01-12/31","districtname":"Superior Ranger District","trailclass":"TC3 - DEVELOPED","e_bike_class1":"open","e_bike_class1_dur":"01/01-12/31","e_bike_class2":"open","e_bike_class2_dur":"01/01-12/31","e_bike_class3":"open","e_bike_class3_dur":"01/01-12/31"}},{"type":"Feature","geometry":null,"properties":{"kind":"trail","id":"578","name":"DRY-WILKES DIVIDE","bmp":0,"emp":10.4,"mvum_symbol_name":"Trails open to motorcycles, Seasonal","seasonal":"seasonal","motorcycle_datesopen":"05/15-10/15","districtname":"Plains/Thompson Falls Ranger District","trailclass":"TC2 - MODERATELY DEVELOPED","e_bike_class1":"open","e_bike_class1_dur":"05/15-10/15","e_bike_class2":"open","e_bike_class2_dur":"05/15-10/15","e_bike_class3":"open","e_bike_class3_dur":"05/15-10/15"}},{"type":"Feature","geometry":null,"properties":{"kind":"trail","id":"579","name":"SOUTH FORK WILKES CREEK","bmp":0,"emp":3.6,"mvum_symbol_name":"Trails open to motorcycles, Yearlong","seasonal":"yearlong","motorcycle_datesopen":"01/01-12/31","districtname":"Plains/Thompson Falls Ranger District","trailclass":"TC2 - MODERATELY DEVELOPED","e_bike_class1":"open","e_bike_class1_dur":"01/01-12/31","e_bike_class2":"open","e_bike_class2_dur":"01/01-12/31","e_bike_class3":"open","e_bike_class3_dur":"01/01-12/31"}},{"type":"Feature","geometry":null,"properties":{"kind":"trail","id":"6.05","name":"BLUE MOUNTAIN LOOKOUT MC","bmp":0,"emp":3.89,"mvum_symbol_name":"Trails open to motorcycles, Seasonal","seasonal":"seasonal","motorcycle_datesopen":"05/01-11/30","districtname":"Missoula Ranger District","trailclass":"TC4 - HIGHLY DEVELOPED","e_bike_class1":"open","e_bike_class1_dur":"05/01-11/30","e_bike_class2":"open","e_bike_class2_dur":"05/01-11/30","e_bike_class3":"open","e_bike_class3_dur":"05/01-11/30"}},{"type":"Feature","geometry":null,"properties":{"kind":"trail","id":"1310","name":"MILL CREEK","bmp":0,"emp":4,"mvum_symbol_name":"Trails open to motorcycles, Yearlong","seasonal":"yearlong","motorcycle_datesopen":"01/01-12/31","districtname":"Missoula Ranger District","trailclass":"TC2 - MODERATELY DEVELOPED","e_bike_class1":"open","e_bike_class1_dur":"01/01-12/31","e_bike_class2":"open","e_bike_class2_dur":"01/01-12/31","e_bike_class3":"open","e_bike_class3_dur":"01/01-12/31"}},{"type":"Feature","geometry":null,"properties":{"kind":"trail","id":"590","name":"TABLE TOP MOUNTAIN","bmp":0,"emp":8.2,"mvum_symbol_name":"Trails open to motorcycles, Seasonal","seasonal":"seasonal","motorcycle_datesopen":"12/01-10/15","districtname":"Plains/Thompson Falls Ranger District","trailclass":"TC2 - MODERATELY DEVELOPED","e_bike_class1":"open","e_bike_class1_dur":"12/01-10/15","e_bike_class2":"open","e_bike_class2_dur":"12/01-10/15","e_bike_class3":"open","e_bike_class3_dur":"12/01-10/15"}},{"type":"Feature","geometry":null,"properties":{"kind":"trail","id":"6.06","name":"BLUE MTN LOOKOUT MC EAST LOOP","bmp":0,"emp":1.4361000000000002,"mvum_symbol_name":"Trails open to motorcycles, Seasonal","seasonal":"seasonal","motorcycle_datesopen":"05/01-11/30","districtname":"Missoula Ranger District","trailclass":"TC4 - HIGHLY DEVELOPED","e_bike_class1":"open","e_bike_class1_dur":"05/01-11/30","e_bike_class2":"open","e_bike_class2_dur":"05/01-11/30","e_bike_class3":"open","e_bike_class3_dur":"05/01-11/30"}},{"type":"Feature","geometry":null,"properties":{"kind":"trail","id":"217","name":"HENDRICKSON GULCH","bmp":0,"emp":2.3,"mvum_symbol_name":"Special Designation, Seasonal","seasonal":"seasonal","fourwd_gt50_datesopen":"01/01-12/31","twowd_gt50_datesopen":"01/01-12/31","tracked_ohv_gt50_datesopen":"01/01-12/31","other_ohv_gt50_datesopen":"01/01-12/31","atv_datesopen":"01/01-12/31","motorcycle_datesopen":"06/16-10/14","districtname":"Superior Ranger District","trailclass":"TC2 - MODERATELY DEVELOPED","e_bike_class1":"open","e_bike_class1_dur":"06/16-10/14","e_bike_class2":"open","e_bike_class2_dur":"06/16-10/14","e_bike_class3":"open","e_bike_class3_dur":"06/16-10/14"}},{"type":"Feature","geometry":null,"properties":{"kind":"trail","id":"1104-A","name":"FISHTRAP LAKE CUTOFF","bmp":0,"emp":0.149,"mvum_symbol_name":"Trails open to motorcycles, Yearlong","seasonal":"yearlong","motorcycle_datesopen":"01/01-12/31","districtname":"Plains/Thompson Falls Ranger District","trailclass":"TC2 - MODERATELY DEVELOPED","e_bike_class1":"open","e_bike_class1_dur":"01/01-12/31","e_bike_class2":"open","e_bike_class2_dur":"01/01-12/31","e_bike_class3":"open","e_bike_class3_dur":"01/01-12/31"}},{"type":"Feature","geometry":null,"properties":{"kind":"trail","id":"284","name":"WEST FORK KNOX CREEK","bmp":0,"emp":1.7519,"mvum_symbol_name":"Trails open to motorcycles, Yearlong","seasonal":"yearlong","motorcycle_datesopen":"01/01-12/31","districtname":"Plains/Thompson Falls Ranger District","trailclass":"TC2 - MODERATELY DEVELOPED","e_bike_class1":"open","e_bike_class1_dur":"01/01-12/31","e_bike_class2":"open","e_bike_class2_dur":"01/01-12/31","e_bike_class3":"open","e_bike_class3_dur":"01/01-12/31"}},{"type":"Feature","geometry":null,"properties":{"kind":"trail","id":"562","name":"GOLD RUSH CREEK","bmp":0,"emp":4.6,"mvum_symbol_name":"Trails open to motorcycles, Yearlong","seasonal":"yearlong","motorcycle_datesopen":"01/01-12/31","districtname":"Plains/Thompson Falls Ranger District","trailclass":"TC2 - MODERATELY DEVELOPED","e_bike_class1":"open","e_bike_class1_dur":"01/01-12/31","e_bike_class2":"open","e_bike_class2_dur":"01/01-12/31","e_bike_class3":"open","e_bike_class3_dur":"01/01-12/31"}},{"type":"Feature","geometry":null,"properties":{"kind":"trail","id":"522-A","name":"BLOSSOM LAKE HORSE CUTOFF","bmp":0,"emp":0.39790000000000003,"mvum_symbol_name":"Trails open to motorcycles, Yearlong","seasonal":"yearlong","motorcycle_datesopen":"01/01-12/31","districtname":"Plains/Thompson Falls Ranger District","trailclass":"TC3 - DEVELOPED","e_bike_class1":"open","e_bike_class1_dur":"01/01-12/31","e_bike_class2":"open","e_bike_class2_dur":"01/01-12/31","e_bike_class3":"open","e_bike_class3_dur":"01/01-12/31"}},{"type":"Feature","geometry":null,"properties":{"kind":"trail","id":"274","name":"DRY CREEK-HILL 7","bmp":0,"emp":2.3112,"mvum_symbol_name":"Trails open to motorcycles, Seasonal","seasonal":"seasonal","motorcycle_datesopen":"05/15-10/15","districtname":"Plains/Thompson Falls Ranger District","trailclass":"TC2 - MODERATELY DEVELOPED","e_bike_class1":"open","e_bike_class1_dur":"05/15-10/15","e_bike_class2":"open","e_bike_class2_dur":"05/15-10/15","e_bike_class3":"open","e_bike_class3_dur":"05/15-10/15"}},{"type":"Feature","geometry":null,"properties":{"kind":"trail","id":"203A","name":"DRY CREEK DIVIDE SOUTH","bmp":0,"emp":2.8263,"mvum_symbol_name":"Special Designation, Seasonal","seasonal":"seasonal","fourwd_gt50_datesopen":"01/01-12/31","twowd_gt50_datesopen":"01/01-12/31","tracked_ohv_gt50_datesopen":"01/01-12/31","other_ohv_gt50_datesopen":"01/01-12/31","atv_datesopen":"01/01-12/31","motorcycle_datesopen":"06/16-09/01","districtname":"Superior Ranger District","e_bike_class1":"open","e_bike_class1_dur":"06/16-09/01","e_bike_class2":"open","e_bike_class2_dur":"06/16-09/01","e_bike_class3":"open","e_bike_class3_dur":"06/16-09/01"}},{"type":"Feature","geometry":null,"properties":{"kind":"trail","id":"380","name":"BEAVER LAKE","bmp":0,"emp":0.921,"mvum_symbol_name":"Wheeled OHV <50\", Yearlong","seasonal":"yearlong","atv_datesopen":"01/01-12/31","motorcycle_datesopen":"01/01-12/31","otherwheeled_ohv_datesopen":"01/01-12/31","districtname":"Seeley Lake Ranger District","trailclass":"TC3 - DEVELOPED","e_bike_class1":"open","e_bike_class1_dur":"01/01-12/31","e_bike_class2":"open","e_bike_class2_dur":"01/01-12/31","e_bike_class3":"open","e_bike_class3_dur":"01/01-12/31"}},{"type":"Feature","geometry":null,"properties":{"kind":"trail","id":"51","name":"NINEMILE DIVIDE","bmp":0,"emp":18.1,"mvum_symbol_name":"Trails open to motorcycles, Yearlong","seasonal":"yearlong","motorcycle_datesopen":"01/01-12/31","districtname":"Superior Ranger District","trailclass":"TC3 - DEVELOPED","e_bike_class1":"open","e_bike_class1_dur":"01/01-12/31","e_bike_class2":"open","e_bike_class2_dur":"01/01-12/31","e_bike_class3":"open","e_bike_class3_dur":"01/01-12/31"}},{"type":"Feature","geometry":null,"properties":{"kind":"trail","id":"6.07","name":"LOOKOUT SPUR","bmp":0,"emp":0.5471,"mvum_symbol_name":"Trails open to motorcycles, Seasonal","seasonal":"seasonal","motorcycle_datesopen":"05/01-11/30","districtname":"Missoula Ranger District","trailclass":"TC4 - HIGHLY DEVELOPED","e_bike_class1":"open","e_bike_class1_dur":"05/01-11/30","e_bike_class2":"open","e_bike_class2_dur":"05/01-11/30","e_bike_class3":"open","e_bike_class3_dur":"05/01-11/30"}},{"type":"Feature","geometry":null,"properties":{"kind":"trail","id":"266","name":"PACKER CREEK","bmp":0,"emp":3.1,"mvum_symbol_name":"Trails open to motorcycles, Yearlong","seasonal":"yearlong","motorcycle_datesopen":"01/01-12/31","districtname":"Superior Ranger District","trailclass":"TC3 - DEVELOPED","e_bike_class1":"open","e_bike_class1_dur":"01/01-12/31","e_bike_class2":"open","e_bike_class2_dur":"01/01-12/31","e_bike_class3":"open","e_bike_class3_dur":"01/01-12/31"}},{"type":"Feature","geometry":null,"properties":{"kind":"trail","id":"251-1","name":"RTE OF THE OLYMPIAN - NORPAC","bmp":0,"emp":4.3891,"mvum_symbol_name":"Special Designation, Seasonal","seasonal":"seasonal","atv_datesopen":"04/15-11/30","districtname":"Superior Ranger District","trailclass":"TC4 - HIGHLY DEVELOPED","e_bike_class1":"open","e_bike_class1_dur":"04/15-11/30","e_bike_class2":"open","e_bike_class2_dur":"04/15-11/30","e_bike_class3":"open","e_bike_class3_dur":"04/15-11/30"}},{"type":"Feature","geometry":null,"properties":{"kind":"trail","id":"245","name":"TEEPEE MOUNTAIN","bmp":0,"emp":4.7,"mvum_symbol_name":"Trails open to motorcycles, Yearlong","seasonal":"yearlong","motorcycle_datesopen":"01/01-12/31","districtname":"Plains/Thompson Falls Ranger District","trailclass":"TC2 - MODERATELY DEVELOPED","e_bike_class1":"open","e_bike_class1_dur":"01/01-12/31","e_bike_class2":"open","e_bike_class2_dur":"01/01-12/31","e_bike_class3":"open","e_bike_class3_dur":"01/01-12/31"}},{"type":"Feature","geometry":null,"properties":{"kind":"trail","id":"251","name":"RTE OF THE OLYMPIAN - NORPAC","bmp":0,"emp":1.0582,"mvum_symbol_name":"Special Designation, Seasonal","seasonal":"seasonal","atv_datesopen":"04/15-11/30","districtname":"Superior Ranger District","trailclass":"TC4 - HIGHLY DEVELOPED","e_bike_class1":"open","e_bike_class1_dur":"04/15-11/30","e_bike_class2":"open","e_bike_class2_dur":"04/15-11/30","e_bike_class3":"open","e_bike_class3_dur":"04/15-11/30"}},{"type":"Feature","geometry":null,"properties":{"kind":"trail","id":"64","name":"RIVER POINT ATV","bmp":0,"emp":0.0352,"mvum_symbol_name":"Trails open to vehicles 50\" or less in width, Seasonal","seasonal":"seasonal","atv_datesopen":"12/01-04/01","motorcycle_datesopen":"12/01-04/01","otherwheeled_ohv_datesopen":"12/01-04/01","tracked_ohv_lt50_datesopen":"12/01-04/01","other_ohv_lt50_datesopen":"12/01-04/01","districtname":"Seeley Lake Ranger District","trailclass":"TC4 - HIGHLY DEVELOPED","e_bike_class1":"open","e_bike_class1_dur":"12/01-04/01","e_bike_class2":"open","e_bike_class2_dur":"12/01-04/01","e_bike_class3":"open","e_bike_class3_dur":"12/01-04/01"}},{"type":"Feature","geometry":null,"properties":{"kind":"trail","id":"202","name":"BOYD MOUNTAIN","bmp":0,"emp":5.05,"mvum_symbol_name":"Trails open to motorcycles, Yearlong","seasonal":"yearlong","motorcycle_datesopen":"01/01-12/31","districtname":"Superior Ranger District","trailclass":"TC3 - DEVELOPED","e_bike_class1":"open","e_bike_class1_dur":"01/01-12/31","e_bike_class2":"open","e_bike_class2_dur":"01/01-12/31","e_bike_class3":"open","e_bike_class3_dur":"01/01-12/31"}},{"type":"Feature","geometry":null,"properties":{"kind":"trail","id":"812","name":"CAMERON PEAK","bmp":0,"emp":5.4,"mvum_symbol_name":"Trails open to motorcycles, Yearlong","seasonal":"yearlong","motorcycle_datesopen":"01/01-12/31","districtname":"Superior Ranger District","trailclass":"TC3 - DEVELOPED","e_bike_class1":"open","e_bike_class1_dur":"01/01-12/31","e_bike_class2":"open","e_bike_class2_dur":"01/01-12/31","e_bike_class3":"open","e_bike_class3_dur":"01/01-12/31"}},{"type":"Feature","geometry":null,"properties":{"kind":"trail","id":"398","name":"DEE CREEK","bmp":0,"emp":1.8,"mvum_symbol_name":"Trails open to motorcycles, Yearlong","seasonal":"yearlong","motorcycle_datesopen":"01/01-12/31","districtname":"Plains/Thompson Falls Ranger District","trailclass":"TC2 - MODERATELY DEVELOPED","e_bike_class1":"open","e_bike_class1_dur":"01/01-12/31","e_bike_class2":"open","e_bike_class2_dur":"01/01-12/31","e_bike_class3":"open","e_bike_class3_dur":"01/01-12/31"}},{"type":"Feature","geometry":null,"properties":{"kind":"trail","id":"724","name":"RTE OF THE OLYMPIAN / MILWAUKE","bmp":8.7,"emp":31.2776,"mvum_symbol_name":"Special Designation, Yearlong","seasonal":"yearlong","atv_datesopen":"01/01-12/31","districtname":"Superior Ranger District","trailclass":"TC4 - HIGHLY DEVELOPED","e_bike_class1":"open","e_bike_class1_dur":"01/01-12/31","e_bike_class2":"open","e_bike_class2_dur":"01/01-12/31","e_bike_class3":"open","e_bike_class3_dur":"01/01-12/31"}},{"type":"Feature","geometry":null,"properties":{"kind":"trail","id":"17.1","name":"BEAR CREEK","bmp":1.663,"emp":2.642,"mvum_symbol_name":"Trails open to motorcycles, Seasonal","seasonal":"seasonal","motorcycle_datesopen":"05/01-11/30","districtname":"Seeley Lake Ranger District","trailclass":"TC3 - DEVELOPED","e_bike_class1":"open","e_bike_class1_dur":"05/01-11/30","e_bike_class2":"open","e_bike_class2_dur":"05/01-11/30","e_bike_class3":"open","e_bike_class3_dur":"05/01-11/30"}},{"type":"Feature","geometry":null,"properties":{"kind":"trail","id":"1215","name":"SNOWSTORM-ROCK CREEK","bmp":0,"emp":1.609,"mvum_symbol_name":"Trails open to motorcycles, Yearlong","seasonal":"yearlong","motorcycle_datesopen":"01/01-12/31","districtname":"Plains/Thompson Falls Ranger District","trailclass":"TC2 - MODERATELY DEVELOPED","e_bike_class1":"open","e_bike_class1_dur":"01/01-12/31","e_bike_class2":"open","e_bike_class2_dur":"01/01-12/31","e_bike_class3":"open","e_bike_class3_dur":"01/01-12/31"}},{"type":"Feature","geometry":null,"properties":{"kind":"trail","id":"295","name":"LEE RIDGE","bmp":0,"emp":6.5,"mvum_symbol_name":"Trails open to motorcycles, Seasonal","seasonal":"seasonal","motorcycle_datesopen":"05/16-11/30","districtname":"Missoula Ranger District","trailclass":"TC2 - MODERATELY DEVELOPED","e_bike_class1":"open","e_bike_class1_dur":"05/16-11/30","e_bike_class2":"open","e_bike_class2_dur":"05/16-11/30","e_bike_class3":"open","e_bike_class3_dur":"05/16-11/30"}},{"type":"Feature","geometry":null,"properties":{"kind":"trail","id":"17.1-A","name":"BEAR CREEK/ PENNEY LAKE","bmp":0,"emp":0.5,"mvum_symbol_name":"Trails open to motorcycles, Seasonal","seasonal":"seasonal","motorcycle_datesopen":"05/01-11/30","districtname":"Seeley Lake Ranger District","trailclass":"TC1 - MINIMALLY DEVELOPED","e_bike_class1":"open","e_bike_class1_dur":"05/01-11/30","e_bike_class2":"open","e_bike_class2_dur":"05/01-11/30","e_bike_class3":"open","e_bike_class3_dur":"05/01-11/30"}},{"type":"Feature","geometry":null,"properties":{"kind":"trail","id":"255","name":"STORM PEAK","bmp":0,"emp":9.8,"mvum_symbol_name":"Trails open to motorcycles, Yearlong","seasonal":"yearlong","motorcycle_datesopen":"01/01-12/31","districtname":"Superior Ranger District","trailclass":"TC3 - DEVELOPED","e_bike_class1":"open","e_bike_class1_dur":"01/01-12/31","e_bike_class2":"open","e_bike_class2_dur":"01/01-12/31","e_bike_class3":"open","e_bike_class3_dur":"01/01-12/31"}},{"type":"Feature","geometry":null,"properties":{"kind":"trail","id":"688","name":"CHIPMUNK CREEK","bmp":0.91,"emp":2.8,"mvum_symbol_name":"Trails open to motorcycles, Yearlong","seasonal":"yearlong","motorcycle_datesopen":"01/01-12/31","districtname":"Plains/Thompson Falls Ranger District","trailclass":"TC2 - MODERATELY DEVELOPED","e_bike_class1":"open","e_bike_class1_dur":"01/01-12/31","e_bike_class2":"open","e_bike_class2_dur":"01/01-12/31","e_bike_class3":"open","e_bike_class3_dur":"01/01-12/31"}},{"type":"Feature","geometry":null,"properties":{"kind":"trail","id":"21","name":"JOHN LONG","bmp":0,"emp":2.818,"mvum_symbol_name":"Trails open to motorcycles, Seasonal","seasonal":"seasonal","motorcycle_datesopen":"05/16-10/14","districtname":"Missoula Ranger District","trailclass":"TC3 - DEVELOPED","e_bike_class1":"open","e_bike_class1_dur":"05/16-10/14","e_bike_class2":"open","e_bike_class2_dur":"05/16-10/14","e_bike_class3":"open","e_bike_class3_dur":"05/16-10/14"}},{"type":"Feature","geometry":null,"properties":{"kind":"trail","id":"522","name":"BLOSSOM LAKE","bmp":0,"emp":0.8553000000000001,"mvum_symbol_name":"Trails open to motorcycles, Yearlong","seasonal":"yearlong","motorcycle_datesopen":"01/01-12/31","districtname":"Plains/Thompson Falls Ranger District","trailclass":"TC3 - DEVELOPED","e_bike_class1":"open","e_bike_class1_dur":"01/01-12/31","e_bike_class2":"open","e_bike_class2_dur":"01/01-12/31","e_bike_class3":"open","e_bike_class3_dur":"01/01-12/31"}},{"type":"Feature","geometry":null,"properties":{"kind":"trail","id":"720","name":"WILD HORSE POINT","bmp":0.52,"emp":7.5,"mvum_symbol_name":"Trails open to motorcycles, Yearlong","seasonal":"yearlong","motorcycle_datesopen":"01/01-12/31","districtname":"Ninemile Ranger District","trailclass":"TC2 - MODERATELY DEVELOPED","e_bike_class1":"open","e_bike_class1_dur":"01/01-12/31","e_bike_class2":"open","e_bike_class2_dur":"01/01-12/31","e_bike_class3":"open","e_bike_class3_dur":"01/01-12/31"}},{"type":"Feature","geometry":null,"properties":{"kind":"trail","id":"688","name":"CHIPMUNK CREEK","bmp":0,"emp":0.91,"mvum_symbol_name":"Trails open to vehicles 50\" or less in width, Yearlong","seasonal":"yearlong","atv_datesopen":"01/01-12/31","motorcycle_datesopen":"01/01-12/31","otherwheeled_ohv_datesopen":"01/01-12/31","tracked_ohv_lt50_datesopen":"01/01-12/31","other_ohv_lt50_datesopen":"01/01-12/31","districtname":"Plains/Thompson Falls Ranger District","trailclass":"TC2 - MODERATELY DEVELOPED","e_bike_class1":"open","e_bike_class1_dur":"01/01-12/31","e_bike_class2":"open","e_bike_class2_dur":"01/01-12/31","e_bike_class3":"open","e_bike_class3_dur":"01/01-12/31"}},{"type":"Feature","geometry":null,"properties":{"kind":"trail","id":"604","name":"DAISY CREEK","bmp":0.9,"emp":5.9017,"mvum_symbol_name":"Trails open to motorcycles, Yearlong","seasonal":"yearlong","motorcycle_datesopen":"01/01-12/31","districtname":"Plains/Thompson Falls Ranger District","trailclass":"TC2 - MODERATELY DEVELOPED","e_bike_class1":"open","e_bike_class1_dur":"01/01-12/31","e_bike_class2":"open","e_bike_class2_dur":"01/01-12/31","e_bike_class3":"open","e_bike_class3_dur":"01/01-12/31"}},{"type":"Feature","geometry":null,"properties":{"kind":"trail","id":"627","name":"CLEAR CREEK","bmp":0,"emp":8.4,"mvum_symbol_name":"Trails open to motorcycles, Yearlong","seasonal":"yearlong","motorcycle_datesopen":"01/01-12/31","districtname":"Plains/Thompson Falls Ranger District","trailclass":"TC3 - DEVELOPED","e_bike_class1":"open","e_bike_class1_dur":"01/01-12/31","e_bike_class2":"open","e_bike_class2_dur":"01/01-12/31","e_bike_class3":"open","e_bike_class3_dur":"01/01-12/31"}},{"type":"Feature","geometry":null,"properties":{"kind":"trail","id":"1203","name":"VALACH","bmp":0,"emp":3.273,"mvum_symbol_name":"Trails open to all vehicles, Yearlong","seasonal":"yearlong","passengervehicle_datesopen":"01/01-12/31","highclearancevehicle_datesopen":"01/01-12/31","truck_datesopen":"01/01-12/31","bus_datesopen":"01/01-12/31","motorhome_datesopen":"01/01-12/31","fourwd_gt50_datesopen":"01/01-12/31","twowd_gt50_datesopen":"01/01-12/31","tracked_ohv_gt50_datesopen":"01/01-12/31","other_ohv_gt50_datesopen":"01/01-12/31","atv_datesopen":"01/01-12/31","motorcycle_datesopen":"01/01-12/31","otherwheeled_ohv_datesopen":"01/01-12/31","tracked_ohv_lt50_datesopen":"01/01-12/31","other_ohv_lt50_datesopen":"01/01-12/31","districtname":"Superior Ranger District","trailclass":"TC2 - MODERATELY DEVELOPED","e_bike_class1":"open","e_bike_class1_dur":"01/01-12/31","e_bike_class2":"open","e_bike_class2_dur":"01/01-12/31","e_bike_class3":"open","e_bike_class3_dur":"01/01-12/31"}},{"type":"Feature","geometry":null,"properties":{"kind":"trail","id":"571","name":"KNOX CREEK","bmp":0,"emp":4.3,"mvum_symbol_name":"Trails open to vehicles 50\" or less in width, Seasonal","seasonal":"seasonal","atv_datesopen":"05/15-12/01","motorcycle_datesopen":"05/15-12/01","otherwheeled_ohv_datesopen":"05/15-12/01","tracked_ohv_lt50_datesopen":"05/15-12/01","other_ohv_lt50_datesopen":"05/15-12/01","districtname":"Plains/Thompson Falls Ranger District","trailclass":"TC3 - DEVELOPED","e_bike_class1":"open","e_bike_class1_dur":"05/15-12/01","e_bike_class2":"open","e_bike_class2_dur":"05/15-12/01","e_bike_class3":"open","e_bike_class3_dur":"05/15-12/01"}},{"type":"Feature","geometry":null,"properties":{"kind":"trail","id":"21","name":"JOHN LONG","bmp":2.818,"emp":4.1,"mvum_symbol_name":"Trails open to motorcycles, Yearlong","seasonal":"yearlong","motorcycle_datesopen":"01/01-12/31","districtname":"Missoula Ranger District","trailclass":"TC3 - DEVELOPED","e_bike_class1":"open","e_bike_class1_dur":"01/01-12/31","e_bike_class2":"open","e_bike_class2_dur":"01/01-12/31","e_bike_class3":"open","e_bike_class3_dur":"01/01-12/31"}},{"type":"Feature","geometry":null,"properties":{"kind":"trail","id":"253","name":"FLAT ROCK CREEK","bmp":0,"emp":5.48,"mvum_symbol_name":"Trails open to motorcycles, Yearlong","seasonal":"yearlong","motorcycle_datesopen":"01/01-12/31","districtname":"Superior Ranger District","trailclass":"TC3 - DEVELOPED","e_bike_class1":"open","e_bike_class1_dur":"01/01-12/31","e_bike_class2":"open","e_bike_class2_dur":"01/01-12/31","e_bike_class3":"open","e_bike_class3_dur":"01/01-12/31"}},{"type":"Feature","geometry":null,"properties":{"kind":"trail","id":"194","name":"MARBLE POINT","bmp":0,"emp":4.9555,"mvum_symbol_name":"Trails open to all vehicles, Yearlong","seasonal":"yearlong","passengervehicle_datesopen":"01/01-12/31","highclearancevehicle_datesopen":"01/01-12/31","truck_datesopen":"01/01-12/31","bus_datesopen":"01/01-12/31","motorhome_datesopen":"01/01-12/31","fourwd_gt50_datesopen":"01/01-12/31","twowd_gt50_datesopen":"01/01-12/31","tracked_ohv_gt50_datesopen":"01/01-12/31","other_ohv_gt50_datesopen":"01/01-12/31","atv_datesopen":"01/01-12/31","motorcycle_datesopen":"01/01-12/31","otherwheeled_ohv_datesopen":"01/01-12/31","tracked_ohv_lt50_datesopen":"01/01-12/31","other_ohv_lt50_datesopen":"01/01-12/31","districtname":"Superior Ranger District","trailclass":"TC2 - MODERATELY DEVELOPED","e_bike_class1":"open","e_bike_class1_dur":"01/01-12/31","e_bike_class2":"open","e_bike_class2_dur":"01/01-12/31","e_bike_class3":"open","e_bike_class3_dur":"01/01-12/31"}},{"type":"Feature","geometry":null,"properties":{"kind":"trail","id":"291","name":"COOK MOUNTAIN","bmp":0.8240000000000001,"emp":5,"mvum_symbol_name":"Trails open to motorcycles, Yearlong","seasonal":"yearlong","motorcycle_datesopen":"01/01-12/31","districtname":"Plains/Thompson Falls Ranger District","trailclass":"TC2 - MODERATELY DEVELOPED","e_bike_class1":"open","e_bike_class1_dur":"01/01-12/31","e_bike_class2":"open","e_bike_class2_dur":"01/01-12/31","e_bike_class3":"open","e_bike_class3_dur":"01/01-12/31"}},{"type":"Feature","geometry":null,"properties":{"kind":"trail","id":"6.04","name":"BLUE MTN MC/ATV BYPASS","bmp":0,"emp":0.9400000000000001,"mvum_symbol_name":"Trails open to motorcycles, Seasonal","seasonal":"seasonal","motorcycle_datesopen":"05/01-11/30","districtname":"Missoula Ranger District","trailclass":"TC4 - HIGHLY DEVELOPED","e_bike_class1":"open","e_bike_class1_dur":"05/01-11/30","e_bike_class2":"open","e_bike_class2_dur":"05/01-11/30","e_bike_class3":"open","e_bike_class3_dur":"05/01-11/30"}},{"type":"Feature","geometry":null,"properties":{"kind":"trail","id":"604","name":"DAISY CREEK","bmp":0,"emp":0.9,"mvum_symbol_name":"Trails open to vehicles 50\" or less in width, Yearlong","seasonal":"yearlong","atv_datesopen":"01/01-12/31","motorcycle_datesopen":"01/01-12/31","otherwheeled_ohv_datesopen":"01/01-12/31","tracked_ohv_lt50_datesopen":"01/01-12/31","other_ohv_lt50_datesopen":"01/01-12/31","districtname":"Plains/Thompson Falls Ranger District","trailclass":"TC2 - MODERATELY DEVELOPED","e_bike_class1":"open","e_bike_class1_dur":"01/01-12/31","e_bike_class2":"open","e_bike_class2_dur":"01/01-12/31","e_bike_class3":"open","e_bike_class3_dur":"01/01-12/31"}},{"type":"Feature","geometry":null,"properties":{"kind":"trail","id":"808","name":"DOMINION PEAK","bmp":0.1,"emp":5.3,"mvum_symbol_name":"Trails open to motorcycles, Yearlong","seasonal":"yearlong","motorcycle_datesopen":"01/01-12/31","districtname":"Superior Ranger District","trailclass":"TC3 - DEVELOPED","e_bike_class1":"open","e_bike_class1_dur":"01/01-12/31","e_bike_class2":"open","e_bike_class2_dur":"01/01-12/31","e_bike_class3":"open","e_bike_class3_dur":"01/01-12/31"}},{"type":"Feature","geometry":null,"properties":{"kind":"trail","id":"701","name":"GLIDDEN CREEK","bmp":0,"emp":0.75,"mvum_symbol_name":"Trails open to vehicles 50\" or less in width, Yearlong","seasonal":"yearlong","atv_datesopen":"01/01-12/31","motorcycle_datesopen":"01/01-12/31","otherwheeled_ohv_datesopen":"01/01-12/31","tracked_ohv_lt50_datesopen":"01/01-12/31","other_ohv_lt50_datesopen":"01/01-12/31","districtname":"Plains/Thompson Falls Ranger District","trailclass":"TC3 - DEVELOPED","e_bike_class1":"open","e_bike_class1_dur":"01/01-12/31","e_bike_class2":"open","e_bike_class2_dur":"01/01-12/31","e_bike_class3":"open","e_bike_class3_dur":"01/01-12/31"}},{"type":"Feature","geometry":null,"properties":{"kind":"trail","id":"265","name":"COPPER LAKE","bmp":0,"emp":0.9800000000000001,"mvum_symbol_name":"Wheeled OHV <50\", Seasonal","seasonal":"seasonal","atv_datesopen":"12/02-10/14","motorcycle_datesopen":"12/02-10/14","otherwheeled_ohv_datesopen":"12/02-10/14","districtname":"Superior Ranger District","trailclass":"TC3 - DEVELOPED","e_bike_class1":"open","e_bike_class1_dur":"12/02-10/14","e_bike_class2":"open","e_bike_class2_dur":"12/02-10/14","e_bike_class3":"open","e_bike_class3_dur":"12/02-10/14"}},{"type":"Feature","geometry":null,"properties":{"kind":"trail","id":"811","name":"HAWK MOUNTAIN","bmp":0,"emp":4.5,"mvum_symbol_name":"Trails open to motorcycles, Yearlong","seasonal":"yearlong","motorcycle_datesopen":"01/01-12/31","districtname":"Superior Ranger District","trailclass":"TC3 - DEVELOPED","e_bike_class1":"open","e_bike_class1_dur":"01/01-12/31","e_bike_class2":"open","e_bike_class2_dur":"01/01-12/31","e_bike_class3":"open","e_bike_class3_dur":"01/01-12/31"}},{"type":"Feature","geometry":null,"properties":{"kind":"trail","id":"6.02","name":"BLUE MTN M/C DEADMAN RIDGE","bmp":0,"emp":2.614,"mvum_symbol_name":"Trails open to motorcycles, Seasonal","seasonal":"seasonal","motorcycle_datesopen":"05/01-11/30","districtname":"Missoula Ranger District","trailclass":"TC4 - HIGHLY DEVELOPED","e_bike_class1":"open","e_bike_class1_dur":"05/01-11/30","e_bike_class2":"open","e_bike_class2_dur":"05/01-11/30","e_bike_class3":"open","e_bike_class3_dur":"05/01-11/30"}},{"type":"Feature","geometry":null,"properties":{"kind":"trail","id":"384","name":"COOPERS LAKE","bmp":0,"emp":3.45,"mvum_symbol_name":"Trails open to motorcycles, Seasonal","seasonal":"seasonal","motorcycle_datesopen":"05/01-11/30","districtname":"Seeley Lake Ranger District","trailclass":"TC1 - MINIMALLY DEVELOPED","e_bike_class1":"open","e_bike_class1_dur":"05/01-11/30","e_bike_class2":"open","e_bike_class2_dur":"05/01-11/30","e_bike_class3":"open","e_bike_class3_dur":"05/01-11/30"}},{"type":"Feature","geometry":null,"properties":{"kind":"trail","id":"223","name":"RIVER TRAIL","bmp":0,"emp":8.6099,"mvum_symbol_name":"Trails open to motorcycles, Yearlong","seasonal":"yearlong","motorcycle_datesopen":"01/01-12/31","districtname":"Superior Ranger District","trailclass":"TC3 - DEVELOPED","e_bike_class1":"open","e_bike_class1_dur":"01/01-12/31","e_bike_class2":"open","e_bike_class2_dur":"01/01-12/31","e_bike_class3":"open","e_bike_class3_dur":"01/01-12/31"}},{"type":"Feature","geometry":null,"properties":{"kind":"trail","id":"6.03","name":"BLUE MTN MC (TRHD TO ATV)","bmp":0,"emp":1.47,"mvum_symbol_name":"Trails open to motorcycles, Seasonal","seasonal":"seasonal","motorcycle_datesopen":"05/01-11/30","districtname":"Missoula Ranger District","trailclass":"TC4 - HIGHLY DEVELOPED","e_bike_class1":"open","e_bike_class1_dur":"05/01-11/30","e_bike_class2":"open","e_bike_class2_dur":"05/01-11/30","e_bike_class3":"open","e_bike_class3_dur":"05/01-11/30"}},{"type":"Feature","geometry":null,"properties":{"kind":"trail","id":"234","name":"SUNSET CREEK","bmp":0,"emp":3.2,"mvum_symbol_name":"Special Designation, Seasonal","seasonal":"seasonal","fourwd_gt50_datesopen":"01/01-12/31","twowd_gt50_datesopen":"01/01-12/31","tracked_ohv_gt50_datesopen":"01/01-12/31","other_ohv_gt50_datesopen":"01/01-12/31","atv_datesopen":"01/01-12/31","motorcycle_datesopen":"06/16-09/01","districtname":"Superior Ranger District","trailclass":"TC2 - MODERATELY DEVELOPED","e_bike_class1":"open","e_bike_class1_dur":"06/16-09/01","e_bike_class2":"open","e_bike_class2_dur":"06/16-09/01","e_bike_class3":"open","e_bike_class3_dur":"06/16-09/01"}},{"type":"Feature","geometry":null,"properties":{"kind":"trail","id":"322","name":"NORTH FORK HOWARD CREEK","bmp":0,"emp":3.472,"mvum_symbol_name":"Trails open to motorcycles, Seasonal","seasonal":"seasonal","motorcycle_datesopen":"05/16-10/15","districtname":"Missoula Ranger District","trailclass":"TC2 - MODERATELY DEVELOPED","e_bike_class1":"open","e_bike_class1_dur":"05/16-10/15","e_bike_class2":"open","e_bike_class2_dur":"05/16-10/15","e_bike_class3":"open","e_bike_class3_dur":"05/16-10/15"}},{"type":"Feature","geometry":null,"properties":{"kind":"trail","id":"6.02-A","name":"DEADMAN RIDGE BYPASS","bmp":0,"emp":0.78,"mvum_symbol_name":"Trails open to motorcycles, Seasonal","seasonal":"seasonal","motorcycle_datesopen":"05/01-11/30","districtname":"Missoula Ranger District","trailclass":"TC4 - HIGHLY DEVELOPED","e_bike_class1":"open","e_bike_class1_dur":"05/01-11/30","e_bike_class2":"open","e_bike_class2_dur":"05/01-11/30","e_bike_class3":"open","e_bike_class3_dur":"05/01-11/30"}},{"type":"Feature","geometry":null,"properties":{"kind":"trail","id":"680","name":"WEST FORK CROW CREEK","bmp":0,"emp":2.3,"mvum_symbol_name":"Trails open to motorcycles, Yearlong","seasonal":"yearlong","motorcycle_datesopen":"01/01-12/31","districtname":"Plains/Thompson Falls Ranger District","trailclass":"TC2 - MODERATELY DEVELOPED","e_bike_class1":"open","e_bike_class1_dur":"01/01-12/31","e_bike_class2":"open","e_bike_class2_dur":"01/01-12/31","e_bike_class3":"open","e_bike_class3_dur":"01/01-12/31"}},{"type":"Feature","geometry":null,"properties":{"kind":"trail","id":"118","name":"PINE HILL","bmp":0,"emp":0.595,"mvum_symbol_name":"Trails open to motorcycles, Yearlong","seasonal":"yearlong","motorcycle_datesopen":"01/01-12/31","districtname":"Plains/Thompson Falls Ranger District","trailclass":"TC2 - MODERATELY DEVELOPED","e_bike_class1":"open","e_bike_class1_dur":"01/01-12/31","e_bike_class2":"open","e_bike_class2_dur":"01/01-12/31","e_bike_class3":"open","e_bike_class3_dur":"01/01-12/31"}},{"type":"Feature","geometry":null,"properties":{"kind":"trail","id":"290","name":"RESERVATION DIVIDE","bmp":0,"emp":8.238,"mvum_symbol_name":"Trails open to motorcycles, Yearlong","seasonal":"yearlong","motorcycle_datesopen":"01/01-12/31","districtname":"Plains/Thompson Falls Ranger District","trailclass":"TC2 - MODERATELY DEVELOPED","e_bike_class1":"open","e_bike_class1_dur":"01/01-12/31","e_bike_class2":"open","e_bike_class2_dur":"01/01-12/31","e_bike_class3":"open","e_bike_class3_dur":"01/01-12/31"}},{"type":"Feature","geometry":null,"properties":{"kind":"trail","id":"263","name":"SAVENAC CREEK","bmp":0.038,"emp":6.2,"mvum_symbol_name":"Trails open to motorcycles, Yearlong","seasonal":"yearlong","motorcycle_datesopen":"01/01-12/31","districtname":"Superior Ranger District","trailclass":"TC3 - DEVELOPED","e_bike_class1":"open","e_bike_class1_dur":"01/01-12/31","e_bike_class2":"open","e_bike_class2_dur":"01/01-12/31","e_bike_class3":"open","e_bike_class3_dur":"01/01-12/31"}},{"type":"Feature","geometry":null,"properties":{"kind":"trail","id":"250","name":"UP UP RIDGE","bmp":0,"emp":4.515,"mvum_symbol_name":"Trails open to motorcycles, Yearlong","seasonal":"yearlong","motorcycle_datesopen":"01/01-12/31","districtname":"Superior Ranger District","trailclass":"TC3 - DEVELOPED","e_bike_class1":"open","e_bike_class1_dur":"01/01-12/31","e_bike_class2":"open","e_bike_class2_dur":"01/01-12/31","e_bike_class3":"open","e_bike_class3_dur":"01/01-12/31"}},{"type":"Feature","geometry":null,"properties":{"kind":"trail","id":"498","name":"CHERRY CREEK","bmp":0.559,"emp":0.6345000000000001,"mvum_symbol_name":"Trails open to motorcycles, Yearlong","seasonal":"yearlong","motorcycle_datesopen":"01/01-12/31","districtname":"Plains/Thompson Falls Ranger District","trailclass":"TC2 - MODERATELY DEVELOPED","e_bike_class1":"open","e_bike_class1_dur":"01/01-12/31","e_bike_class2":"open","e_bike_class2_dur":"01/01-12/31","e_bike_class3":"open","e_bike_class3_dur":"01/01-12/31"}},{"type":"Feature","geometry":null,"properties":{"kind":"trail","id":"250","name":"UP UP RIDGE","bmp":7.441,"emp":8.314,"mvum_symbol_name":"Trails open to motorcycles, Yearlong","seasonal":"yearlong","motorcycle_datesopen":"01/01-12/31","districtname":"Superior Ranger District","trailclass":"TC3 - DEVELOPED","e_bike_class1":"open","e_bike_class1_dur":"01/01-12/31","e_bike_class2":"open","e_bike_class2_dur":"01/01-12/31","e_bike_class3":"open","e_bike_class3_dur":"01/01-12/31"}},{"type":"Feature","geometry":null,"properties":{"kind":"trail","id":"1400","name":"WEST FORK SWAMP CREEK","bmp":0.029,"emp":0.12100000000000001,"mvum_symbol_name":"Trails open to motorcycles, Yearlong","seasonal":"yearlong","motorcycle_datesopen":"01/01-12/31","districtname":"Plains/Thompson Falls Ranger District","trailclass":"TC3 - DEVELOPED","e_bike_class1":"open","e_bike_class1_dur":"01/01-12/31","e_bike_class2":"open","e_bike_class2_dur":"01/01-12/31","e_bike_class3":"open","e_bike_class3_dur":"01/01-12/31"}},{"type":"Feature","geometry":null,"properties":{"kind":"trail","id":"498","name":"CHERRY CREEK","bmp":1.1,"emp":3.0212,"mvum_symbol_name":"Trails open to motorcycles, Yearlong","seasonal":"yearlong","motorcycle_datesopen":"01/01-12/31","districtname":"Plains/Thompson Falls Ranger District","trailclass":"TC2 - MODERATELY DEVELOPED","e_bike_class1":"open","e_bike_class1_dur":"01/01-12/31","e_bike_class2":"open","e_bike_class2_dur":"01/01-12/31","e_bike_class3":"open","e_bike_class3_dur":"01/01-12/31"}},{"type":"Feature","geometry":null,"properties":{"kind":"trail","id":"1718.1","name":"MILL CREEK","bmp":0.10300000000000001,"emp":2.545,"mvum_symbol_name":"Trails open to motorcycles, Yearlong","seasonal":"yearlong","motorcycle_datesopen":"01/01-12/31","districtname":"Superior Ranger District","trailclass":"TC3 - DEVELOPED","e_bike_class1":"open","e_bike_class1_dur":"01/01-12/31","e_bike_class2":"open","e_bike_class2_dur":"01/01-12/31","e_bike_class3":"open","e_bike_class3_dur":"01/01-12/31"}},{"type":"Feature","geometry":null,"properties":{"kind":"trail","id":"404","name":"CC DIVIDE","bmp":27.614,"emp":32.8,"mvum_symbol_name":"Trails open to vehicles 50\" or less in width, Seasonal","seasonal":"seasonal","atv_datesopen":"05/16-10/14","motorcycle_datesopen":"05/16-10/14","otherwheeled_ohv_datesopen":"05/16-10/14","tracked_ohv_lt50_datesopen":"05/16-10/14","other_ohv_lt50_datesopen":"05/16-10/14","districtname":"Superior Ranger District","trailclass":"TC3 - DEVELOPED","e_bike_class1":"open","e_bike_class1_dur":"05/16-10/14","e_bike_class2":"open","e_bike_class2_dur":"05/16-10/14","e_bike_class3":"open","e_bike_class3_dur":"05/16-10/14"}},{"type":"Feature","geometry":null,"properties":{"kind":"trail","id":"404","name":"CC DIVIDE","bmp":0,"emp":21.5,"mvum_symbol_name":"Trails open to motorcycles, Yearlong","seasonal":"yearlong","motorcycle_datesopen":"01/01-12/31","districtname":"Superior Ranger District","trailclass":"TC3 - DEVELOPED","e_bike_class1":"open","e_bike_class1_dur":"01/01-12/31","e_bike_class2":"open","e_bike_class2_dur":"01/01-12/31","e_bike_class3":"open","e_bike_class3_dur":"01/01-12/31"}},{"type":"Feature","geometry":null,"properties":{"kind":"trail","id":"42","name":"EDITH PEAK","bmp":0.002,"emp":1.3900000000000001,"mvum_symbol_name":"Trails open to vehicles 50\" or less in width, Yearlong","seasonal":"yearlong","atv_datesopen":"01/01-12/31","motorcycle_datesopen":"01/01-12/31","otherwheeled_ohv_datesopen":"01/01-12/31","tracked_ohv_lt50_datesopen":"01/01-12/31","other_ohv_lt50_datesopen":"01/01-12/31","districtname":"Ninemile Ranger District","trailclass":"TC2 - MODERATELY DEVELOPED","e_bike_class1":"open","e_bike_class1_dur":"01/01-12/31","e_bike_class2":"open","e_bike_class2_dur":"01/01-12/31","e_bike_class3":"open","e_bike_class3_dur":"01/01-12/31"}},{"type":"Feature","geometry":null,"properties":{"kind":"trail","id":"1718.1","name":"MILL CREEK","bmp":2.545,"emp":6.2,"mvum_symbol_name":"Trails open to motorcycles, Yearlong","seasonal":"yearlong","motorcycle_datesopen":"01/01-12/31","districtname":"Superior Ranger District","trailclass":"TC3 - DEVELOPED","e_bike_class1":"open","e_bike_class1_dur":"01/01-12/31","e_bike_class2":"open","e_bike_class2_dur":"01/01-12/31","e_bike_class3":"open","e_bike_class3_dur":"01/01-12/31"}},{"type":"Feature","geometry":null,"properties":{"kind":"trail","id":"404","name":"CC DIVIDE","bmp":32.8,"emp":41.208,"mvum_symbol_name":"Trails open to motorcycles, Seasonal","seasonal":"seasonal","motorcycle_datesopen":"05/16-10/14","districtname":"Superior Ranger District","trailclass":"TC3 - DEVELOPED","e_bike_class1":"open","e_bike_class1_dur":"05/16-10/14","e_bike_class2":"open","e_bike_class2_dur":"05/16-10/14","e_bike_class3":"open","e_bike_class3_dur":"05/16-10/14"}},{"type":"Feature","geometry":null,"properties":{"kind":"trail","id":"340.1","name":"CORONA DIVIDE","bmp":0.1,"emp":2.5299,"mvum_symbol_name":"Trails open to motorcycles, Yearlong","seasonal":"yearlong","motorcycle_datesopen":"01/01-12/31","districtname":"Plains/Thompson Falls Ranger District","trailclass":"TC2 - MODERATELY DEVELOPED","e_bike_class1":"open","e_bike_class1_dur":"01/01-12/31","e_bike_class2":"open","e_bike_class2_dur":"01/01-12/31","e_bike_class3":"open","e_bike_class3_dur":"01/01-12/31"}},{"type":"Feature","geometry":null,"properties":{"kind":"trail","id":"118","name":"PINE HILL","bmp":0.869,"emp":1.5464,"mvum_symbol_name":"Trails open to motorcycles, Yearlong","seasonal":"yearlong","motorcycle_datesopen":"01/01-12/31","districtname":"Plains/Thompson Falls Ranger District","trailclass":"TC2 - MODERATELY DEVELOPED","e_bike_class1":"open","e_bike_class1_dur":"01/01-12/31","e_bike_class2":"open","e_bike_class2_dur":"01/01-12/31","e_bike_class3":"open","e_bike_class3_dur":"01/01-12/31"}},{"type":"Feature","geometry":null,"properties":{"kind":"trail","id":"404","name":"CC DIVIDE","bmp":42.768,"emp":55.484,"mvum_symbol_name":"Trails open to motorcycles, Seasonal","seasonal":"seasonal","motorcycle_datesopen":"05/16-10/14","districtname":"Superior Ranger District","trailclass":"TC3 - DEVELOPED","e_bike_class1":"open","e_bike_class1_dur":"05/16-10/14","e_bike_class2":"open","e_bike_class2_dur":"05/16-10/14","e_bike_class3":"open","e_bike_class3_dur":"05/16-10/14"}},{"type":"Feature","geometry":null,"properties":{"kind":"trail","id":"42","name":"EDITH PEAK","bmp":1.3900000000000001,"emp":3.251,"mvum_symbol_name":"Trails open to vehicles 50\" or less in width, Yearlong","seasonal":"yearlong","atv_datesopen":"01/01-12/31","motorcycle_datesopen":"01/01-12/31","otherwheeled_ohv_datesopen":"01/01-12/31","tracked_ohv_lt50_datesopen":"01/01-12/31","other_ohv_lt50_datesopen":"01/01-12/31","districtname":"Ninemile Ranger District","trailclass":"TC2 - MODERATELY DEVELOPED","e_bike_class1":"open","e_bike_class1_dur":"01/01-12/31","e_bike_class2":"open","e_bike_class2_dur":"01/01-12/31","e_bike_class3":"open","e_bike_class3_dur":"01/01-12/31"}},{"type":"Feature","geometry":null,"properties":{"kind":"trail","id":"1104","name":"FISHTRAP LAKE","bmp":0,"emp":2.04,"mvum_symbol_name":"Trails open to motorcycles, Yearlong","seasonal":"yearlong","motorcycle_datesopen":"01/01-12/31","districtname":"Plains/Thompson Falls Ranger District","trailclass":"TC2 - MODERATELY DEVELOPED","e_bike_class1":"open","e_bike_class1_dur":"01/01-12/31","e_bike_class2":"open","e_bike_class2_dur":"01/01-12/31","e_bike_class3":"open","e_bike_class3_dur":"01/01-12/31"}},{"type":"Feature","geometry":null,"properties":{"kind":"trail","id":"250","name":"UP UP RIDGE","bmp":4.54,"emp":7.441,"mvum_symbol_name":"Trails open to motorcycles, Yearlong","seasonal":"yearlong","motorcycle_datesopen":"01/01-12/31","districtname":"Superior Ranger District","trailclass":"TC3 - DEVELOPED","e_bike_class1":"open","e_bike_class1_dur":"01/01-12/31","e_bike_class2":"open","e_bike_class2_dur":"01/01-12/31","e_bike_class3":"open","e_bike_class3_dur":"01/01-12/31"}},{"type":"Feature","geometry":null,"properties":{"kind":"trail","id":"1400","name":"WEST FORK SWAMP CREEK","bmp":0.12100000000000001,"emp":5.6659,"mvum_symbol_name":"Trails open to motorcycles, Yearlong","seasonal":"yearlong","motorcycle_datesopen":"01/01-12/31","districtname":"Plains/Thompson Falls Ranger District","trailclass":"TC3 - DEVELOPED","e_bike_class1":"open","e_bike_class1_dur":"01/01-12/31","e_bike_class2":"open","e_bike_class2_dur":"01/01-12/31","e_bike_class3":"open","e_bike_class3_dur":"01/01-12/31"}},{"type":"Feature","geometry":null,"properties":{"kind":"trail","id":"498","name":"CHERRY CREEK","bmp":0.6345000000000001,"emp":1.1,"mvum_symbol_name":"Trails open to motorcycles, Yearlong","seasonal":"yearlong","motorcycle_datesopen":"01/01-12/31","districtname":"Plains/Thompson Falls Ranger District","trailclass":"TC2 - MODERATELY DEVELOPED","e_bike_class1":"open","e_bike_class1_dur":"01/01-12/31","e_bike_class2":"open","e_bike_class2_dur":"01/01-12/31","e_bike_class3":"open","e_bike_class3_dur":"01/01-12/31"}},{"type":"Feature","geometry":null,"properties":{"kind":"trail","id":"709","name":"OLSON PEAK","bmp":0.9630000000000001,"emp":4.5,"mvum_symbol_name":"Trails open to motorcycles, Yearlong","seasonal":"yearlong","motorcycle_datesopen":"01/01-12/31","districtname":"Superior Ranger District","trailclass":"TC3 - DEVELOPED","e_bike_class1":"open","e_bike_class1_dur":"01/01-12/31","e_bike_class2":"open","e_bike_class2_dur":"01/01-12/31","e_bike_class3":"open","e_bike_class3_dur":"01/01-12/31"}},{"type":"Feature","geometry":null,"properties":{"kind":"trail","id":"696","name":"EVANS GULCH","bmp":0.32830000000000004,"emp":2.3,"mvum_symbol_name":"Trails open to motorcycles, Yearlong","seasonal":"yearlong","motorcycle_datesopen":"01/01-12/31","districtname":"Plains/Thompson Falls Ranger District","trailclass":"TC3 - DEVELOPED","e_bike_class1":"open","e_bike_class1_dur":"01/01-12/31","e_bike_class2":"open","e_bike_class2_dur":"01/01-12/31","e_bike_class3":"open","e_bike_class3_dur":"01/01-12/31"}},{"type":"Feature","geometry":{"type":"LineString","coordinates":[[-115.524635,47.545072],[-115.524541,47.544955],[-115.524478,47.544918],[-115.524407,47.544898],[-115.524364,47.544884],[-115.524336,47.544864],[-115.52433,47.544834],[-115.524346,47.544796],[-115.524392,47.544721],[-115.524411,47.544676],[-115.524421,47.544644],[-115.524385,47.544614],[-115.524325,47.544597],[-115.524283,47.544594],[-115.524213,47.544598],[-115.524163,47.544592],[-115.524122,47.544578],[-115.524072,47.544555],[-115.523922,47.544462],[-115.523789,47.544344],[-115.523742,47.544298],[-115.523707,47.544251],[-115.523555,47.543972],[-115.523536,47.543937],[-115.523507,47.543909],[-115.523473,47.543878],[-115.52339,47.54383],[-115.523347,47.543805],[-115.523311,47.543774],[-115.523281,47.543733],[-115.523243,47.543705],[-115.523202,47.543682],[-115.523121,47.54365],[-115.523036,47.543623],[-115.522978,47.543608],[-115.522909,47.543598],[-115.522804,47.543596],[-115.522701,47.543596],[-115.522619,47.543585],[-115.522589,47.543571],[-115.522406,47.543544],[-115.522147,47.543398],[-115.521987,47.543352],[-115.521744,47.543353],[-115.521577,47.543312],[-115.521373,47.543087],[-115.521181,47.542899],[-115.520756,47.542663],[-115.520481,47.542309],[-115.520231,47.541739],[-115.520092,47.541185],[-115.519861,47.540657],[-115.519721,47.540527],[-115.519731,47.540341],[-115.519704,47.540193],[-115.519644,47.540068],[-115.519598,47.539957],[-115.519572,47.539729],[-115.519559,47.539629],[-115.51952,47.539509],[-115.519478,47.539418],[-115.519429,47.539324],[-115.519343,47.539237],[-115.519255,47.539164],[-115.519059,47.539062],[-115.518835,47.538942],[-115.518709,47.538696],[-115.518432,47.53826],[-115.518121,47.538089],[-115.517748,47.537883],[-115.517488,47.537732],[-115.517258,47.537568],[-115.516835,47.537414],[-115.516325,47.53721],[-115.515631,47.536818],[-115.515112,47.536394],[-115.514897,47.536111]]},"properties":{"kind":"trail","id":"604","name":"DAISY CREEK","bmp":0,"emp":0.9,"mvum_symbol_name":"Trails open to vehicles 50\" or less in width, Yearlong","seasonal":"yearlong","atv_datesopen":"01/01-12/31","motorcycle_datesopen":"01/01-12/31","otherwheeled_ohv_datesopen":"01/01-12/31","tracked_ohv_lt50_datesopen":"01/01-12/31","other_ohv_lt50_datesopen":"01/01-12/31","districtname":"Plains/Thompson Falls Ranger District","trailclass":"TC2 - MODERATELY DEVELOPED"}},{"type":"Feature","geometry":{"type":"LineString","coordinates":[[-113.769116,46.953615],[-113.769263,46.953686],[-113.769512,46.953922],[-113.76977,46.954015],[-113.76985,46.954063],[-113.769906,46.954094],[-113.770064,46.954132],[-113.770135,46.95417],[-113.770316,46.954323],[-113.770381,46.954363],[-113.770452,46.954385],[-113.770563,46.954395],[-113.77066,46.954394],[-113.770731,46.954388],[-113.770808,46.954391],[-113.770946,46.954438],[-113.7712,46.954553],[-113.77141,46.95464],[-113.771475,46.954641],[-113.771614,46.954605],[-113.771784,46.954571],[-113.772103,46.954559],[-113.772342,46.954535],[-113.772496,46.954508],[-113.772672,46.954494],[-113.772829,46.954502],[-113.773038,46.954509],[-113.773232,46.954466],[-113.773397,46.954445],[-113.773634,46.954415],[-113.773879,46.954356],[-113.774009,46.954287],[-113.774161,46.954231],[-113.774292,46.954177],[-113.774422,46.954115],[-113.774501,46.954062],[-113.774557,46.953978],[-113.774533,46.953811],[-113.774609,46.953716],[-113.774769,46.953638],[-113.77492,46.953575],[-113.775062,46.95352],[-113.775225,46.953471],[-113.775391,46.953469],[-113.775518,46.953492],[-113.775656,46.953523],[-113.775772,46.953551],[-113.775837,46.95358],[-113.775921,46.953591],[-113.776069,46.953621],[-113.77625,46.953665],[-113.776442,46.953722],[-113.776653,46.953757],[-113.776857,46.953834],[-113.777036,46.953937],[-113.776812,46.954042],[-113.776704,46.954155],[-113.776678,46.954229],[-113.776751,46.954343],[-113.776874,46.954412],[-113.777014,46.954436],[-113.777247,46.954551],[-113.777497,46.954614],[-113.777702,46.954636],[-113.777855,46.954689],[-113.778036,46.954813],[-113.778356,46.955022],[-113.778578,46.955142],[-113.778885,46.955233],[-113.779167,46.955308],[-113.779596,46.955523],[-113.780037,46.955712],[-113.780649,46.956014],[-113.780786,46.956172],[-113.780955,46.956397],[-113.780917,46.956552],[-113.780911,46.956825],[-113.780962,46.956962],[-113.781094,46.957042],[-113.781323,46.957248],[-113.781736,46.957566],[-113.781928,46.957782],[-113.782133,46.957988],[-113.782362,46.958202],[-113.782559,46.958477],[-113.782508,46.958616],[-113.782497,46.958778],[-113.782497,46.958788]]},"properties":{"kind":"trail","id":"505","name":"UPPER TWIN CREEK","bmp":0,"emp":1.104,"mvum_symbol_name":"Trails open to vehicles 50\" or less in width, Yearlong","seasonal":"yearlong","atv_datesopen":"01/01-12/31","motorcycle_datesopen":"01/01-12/31","otherwheeled_ohv_datesopen":"01/01-12/31","tracked_ohv_lt50_datesopen":"01/01-12/31","other_ohv_lt50_datesopen":"01/01-12/31","districtname":"Missoula Ranger District","trailclass":"TC2 - MODERATELY DEVELOPED"}},{"type":"Feature","geometry":{"type":"LineString","coordinates":[[-115.419934,47.47667],[-115.419961,47.476663],[-115.420155,47.476617],[-115.420559,47.476569],[-115.420812,47.476547],[-115.421023,47.476509],[-115.421636,47.47637],[-115.421959,47.476285],[-115.422209,47.476206],[-115.422422,47.476145],[-115.422672,47.476097],[-115.422937,47.476036],[-115.423196,47.47596],[-115.423414,47.475877],[-115.4236,47.47584],[-115.423778,47.475795],[-115.42412,47.475703],[-115.42436,47.475636],[-115.424523,47.475603],[-115.42471,47.475576],[-115.425024,47.475555],[-115.42534,47.475555],[-115.425874,47.475572],[-115.426164,47.475598],[-115.426303,47.475637],[-115.426481,47.475675],[-115.426818,47.475713],[-115.427145,47.475732],[-115.427549,47.475752],[-115.428017,47.475769],[-115.428666,47.475769],[-115.428906,47.475776],[-115.42935,47.475758],[-115.430081,47.47566],[-115.430418,47.475587],[-115.430547,47.475545],[-115.430913,47.475408],[-115.431181,47.475309],[-115.431681,47.475105],[-115.431981,47.474952],[-115.432407,47.474666],[-115.432717,47.474468],[-115.433193,47.474229],[-115.433507,47.474064],[-115.433978,47.473889],[-115.434154,47.473827],[-115.4344,47.473746],[-115.434568,47.473691],[-115.434738,47.473652],[-115.434947,47.473591],[-115.435247,47.473482],[-115.435553,47.473362],[-115.435693,47.473303],[-115.435869,47.473208],[-115.436095,47.473059],[-115.436307,47.472924],[-115.436518,47.472814],[-115.436685,47.472715],[-115.436832,47.472644],[-115.43701,47.472534],[-115.437214,47.472441],[-115.437349,47.472381],[-115.437482,47.472331],[-115.437584,47.47227],[-115.437762,47.472195],[-115.437947,47.472144],[-115.438085,47.472074],[-115.438231,47.472036],[-115.438459,47.471969],[-115.438596,47.471927],[-115.438735,47.471864],[-115.438872,47.471816],[-115.439048,47.471766],[-115.439211,47.471694],[-115.43933,47.471636],[-115.439487,47.471592],[-115.439631,47.47154],[-115.439898,47.471428],[-115.440066,47.471334],[-115.440342,47.471185],[-115.440503,47.471069],[-115.440724,47.470945],[-115.44095,47.470856],[-115.441223,47.470801],[-115.441537,47.470675],[-115.442009,47.470433],[-115.442153,47.470346],[-115.442397,47.470171],[-115.442527,47.470027],[-115.442727,47.469681],[-115.442876,47.469376],[-115.443058,47.469304],[-115.443236,47.469195],[-115.443392,47.469025],[-115.443519,47.468859],[-115.443627,47.468705],[-115.443713,47.468563],[-115.44378,47.468439],[-115.443902,47.4683],[-115.444022,47.46825],[-115.44428,47.468196],[-115.444396,47.468179],[-115.444556,47.468091],[-115.444856,47.46791],[-115.44504,47.467818],[-115.445284,47.467682],[-115.445751,47.467396],[-115.44614,47.467175],[-115.446537,47.466957],[-115.446737,47.466826],[-115.446942,47.466667],[-115.447142,47.466568],[-115.447436,47.466583],[-115.447789,47.466623],[-115.44796,47.466633],[-115.448228,47.466671],[-115.448437,47.466727],[-115.449231,47.467004],[-115.449528,47.467127],[-115.449763,47.46723],[-115.450394,47.467505],[-115.450829,47.467697],[-115.451089,47.467805],[-115.451485,47.467971],[-115.45189,47.468118],[-115.45228,47.46826],[-115.452902,47.468459],[-115.453061,47.468503],[-115.453457,47.468705],[-115.453886,47.468881],[-115.45442,47.469123],[-115.45507,47.469414],[-115.455199,47.469484],[-115.455375,47.469494],[-115.455667,47.469495],[-115.455997,47.469511],[-115.45649,47.469533],[-115.457202,47.469553],[-115.457963,47.469616],[-115.458684,47.469608],[-115.459533,47.469614],[-115.460503,47.469446],[-115.461255,47.46939],[-115.462138,47.469344],[-115.463082,47.469334],[-115.463699,47.469302],[-115.464054,47.46936],[-115.464232,47.469434],[-115.464408,47.469482],[-115.464555,47.469522],[-115.464756,47.469541],[-115.465033,47.469557],[-115.465305,47.469592],[-115.465524,47.469631],[-115.466138,47.469789],[-115.46652,47.469936],[-115.466931,47.470097],[-115.46712,47.470189],[-115.467311,47.47027],[-115.467513,47.470369],[-115.467635,47.470407],[-115.46775,47.470414],[-115.467903,47.470445],[-115.468112,47.470539],[-115.468217,47.470638],[-115.46834,47.470791],[-115.468508,47.470922],[-115.468688,47.471037],[-115.468888,47.471125],[-115.469086,47.471187],[-115.469327,47.471207],[-115.469537,47.471157],[-115.470039,47.470977],[-115.47036,47.470867],[-115.470791,47.47074],[-115.471177,47.470638],[-115.471371,47.470598],[-115.471712,47.470528],[-115.47198,47.470461],[-115.472288,47.470418],[-115.472432,47.470405],[-115.472632,47.470411],[-115.472829,47.470434],[-115.473062,47.470482],[-115.473376,47.47057],[-115.473927,47.470745],[-115.474072,47.470774],[-115.474398,47.470828],[-115.474799,47.470859],[-115.475148,47.470932],[-115.475295,47.470971],[-115.475498,47.471052],[-115.475659,47.471183],[-115.475733,47.471267],[-115.475819,47.471381],[-115.475976,47.471475],[-115.476216,47.47155],[-115.47654,47.47166],[-115.476865,47.471731],[-115.477203,47.471782],[-115.477357,47.471785],[-115.477545,47.471798],[-115.477997,47.47178],[-115.478271,47.47176],[-115.478596,47.471732],[-115.479095,47.471692],[-115.479315,47.471664],[-115.479629,47.471615],[-115.48002,47.471589],[-115.480439,47.4716],[-115.480617,47.471594],[-115.480849,47.471642],[-115.481047,47.47156],[-115.481287,47.471463],[-115.481547,47.471358],[-115.481723,47.471297],[-115.481853,47.471263],[-115.482056,47.471236],[-115.482275,47.47123],[-115.482483,47.471208],[-115.482834,47.471187],[-115.483148,47.471204],[-115.483631,47.471242],[-115.48394,47.471286],[-115.484222,47.471379],[-115.484561,47.47151],[-115.48491,47.471689],[-115.485428,47.471932],[-115.486107,47.472304],[-115.486293,47.472404],[-115.486431,47.472441],[-115.487008,47.472633],[-115.487208,47.472714],[-115.488615,47.473537],[-115.489101,47.47385],[-115.489321,47.474003],[-115.489668,47.474244],[-115.489896,47.474425],[-115.490066,47.474605],[-115.490148,47.474678],[-115.490282,47.474759],[-115.490509,47.474934],[-115.490818,47.475226],[-115.49102,47.475466],[-115.491192,47.475663],[-115.491378,47.475909],[-115.491516,47.476229],[-115.491579,47.476534],[-115.491798,47.476792],[-115.491863,47.476934],[-115.49191,47.477133],[-115.491959,47.477353],[-115.492002,47.477653],[-115.491962,47.477806],[-115.491938,47.478091],[-115.492019,47.478345],[-115.492179,47.478504],[-115.492398,47.478749],[-115.492464,47.478907],[-115.492457,47.479095],[-115.492385,47.479245],[-115.492263,47.479353],[-115.492212,47.479435],[-115.492294,47.479629],[-115.492383,47.479693],[-115.492407,47.479796],[-115.492375,47.479946],[-115.492367,47.480054],[-115.492375,47.480307],[-115.492345,47.480434],[-115.492273,47.48062],[-115.492312,47.480785],[-115.4924,47.480844],[-115.492577,47.480909],[-115.492748,47.480944],[-115.49309,47.481064],[-115.493355,47.481152],[-115.493631,47.481256],[-115.493857,47.481354],[-115.49419,47.481535],[-115.49456,47.481799],[-115.494787,47.481941],[-115.494981,47.482005],[-115.495273,47.482078],[-115.495525,47.482153],[-115.49559,47.482226],[-115.495733,47.482411],[-115.49584,47.48246],[-115.495945,47.482494],[-115.496044,47.482538],[-115.496229,47.482669],[-115.496456,47.482915],[-115.496666,47.483163],[-115.497111,47.483684],[-115.497419,47.484045],[-115.497606,47.484401],[-115.497888,47.484792],[-115.498041,47.48492],[-115.498255,47.485044],[-115.498547,47.485223],[-115.498749,47.485342],[-115.499134,47.485525],[-115.499351,47.485607],[-115.499551,47.485647],[-115.499944,47.485676],[-115.500445,47.485797],[-115.500791,47.485939],[-115.501044,47.486092],[-115.501184,47.485975],[-115.501353,47.485884],[-115.501547,47.485848],[-115.501756,47.48587],[-115.502103,47.485962],[-115.502323,47.486005],[-115.502599,47.486291],[-115.502993,47.486583],[-115.503278,47.486841],[-115.503487,47.487001],[-115.503785,47.487164],[-115.504474,47.487548],[-115.504731,47.48767],[-115.505161,47.487851],[-115.505393,47.487926],[-115.505822,47.48802],[-115.50627,47.488109],[-115.506746,47.488191],[-115.507481,47.488307],[-115.507796,47.488329],[-115.508039,47.488292],[-115.508297,47.488243],[-115.508584,47.488192],[-115.508833,47.488171],[-115.509106,47.488186],[-115.509343,47.488237],[-115.509634,47.488335],[-115.509956,47.488489],[-115.51046,47.488534],[-115.510958,47.48856],[-115.511623,47.488589],[-115.512199,47.488588],[-115.512867,47.488584],[-115.513429,47.488524],[-115.514001,47.488459],[-115.51451,47.488402],[-115.515264,47.488294],[-115.515514,47.488239],[-115.515902,47.488156],[-115.516298,47.488069],[-115.516527,47.488016],[-115.516883,47.487904],[-115.517069,47.487822],[-115.517345,47.48772],[-115.517572,47.487609],[-115.517894,47.487482],[-115.518082,47.487417],[-115.518387,47.487357],[-115.518751,47.487281],[-115.519073,47.487181],[-115.519253,47.487089],[-115.519457,47.486952],[-115.519601,47.486799],[-115.51978,47.486622],[-115.519918,47.486442],[-115.52012,47.486293],[-115.520266,47.486156],[-115.520498,47.486054],[-115.520742,47.485917],[-115.52105,47.485769],[-115.521275,47.48568],[-115.521722,47.485511],[-115.522191,47.485385],[-115.522629,47.485246],[-115.523082,47.485165],[-115.523402,47.485126],[-115.523848,47.485051],[-115.524134,47.484992],[-115.524578,47.484941],[-115.524949,47.484924],[-115.525265,47.484919],[-115.525588,47.484866],[-115.525913,47.484805],[-115.526195,47.48471],[-115.52668,47.484558],[-115.526954,47.484431],[-115.527184,47.484312],[-115.527384,47.484219],[-115.527618,47.484069],[-115.52775,47.483944],[-115.527911,47.483757],[-115.527985,47.483621],[-115.528064,47.483419],[-115.528099,47.48323],[-115.528148,47.482843],[-115.52818,47.482552],[-115.528277,47.482091],[-115.528317,47.481976],[-115.528415,47.481839],[-115.528478,47.48175],[-115.528496,47.481592],[-115.528527,47.481363],[-115.528552,47.481089],[-115.528558,47.480786],[-115.528559,47.480401],[-115.528542,47.480149],[-115.528529,47.479957],[-115.528578,47.479647],[-115.528616,47.479477],[-115.528699,47.479316],[-115.528821,47.479109],[-115.528923,47.478933],[-115.529012,47.478719],[-115.529104,47.478527],[-115.529224,47.478301],[-115.529298,47.478127],[-115.529387,47.477918],[-115.5295,47.477698],[-115.52962,47.477469],[-115.529728,47.477276],[-115.529855,47.477074],[-115.529994,47.476943],[-115.530178,47.476744],[-115.530535,47.476456],[-115.530924,47.476311],[-115.531605,47.476097],[-115.532395,47.475907],[-115.532801,47.475809],[-115.533236,47.475709],[-115.533617,47.47564],[-115.534021,47.475588],[-115.534429,47.475534],[-115.534833,47.475452],[-115.535172,47.475371],[-115.535396,47.475304],[-115.535469,47.475201],[-115.53572,47.475084],[-115.536013,47.474986],[-115.536425,47.474832],[-115.536755,47.474735],[-115.537072,47.474636],[-115.537338,47.474548],[-115.537938,47.474296],[-115.538236,47.474209],[-115.538416,47.474153],[-115.538601,47.474143],[-115.538763,47.474138],[-115.53889,47.474181],[-115.539248,47.474302],[-115.539433,47.474394],[-115.539733,47.474538],[-115.539912,47.474641],[-115.540258,47.474801],[-115.54047,47.474878],[-115.540735,47.474999],[-115.541117,47.474966],[-115.541651,47.474921],[-115.542297,47.474857],[-115.542774,47.474774],[-115.543015,47.474681],[-115.543348,47.474581],[-115.543802,47.474401],[-115.544439,47.474263],[-115.544927,47.474232],[-115.545287,47.474232],[-115.545653,47.474238],[-115.54604,47.474357],[-115.546245,47.474413],[-115.546423,47.474478],[-115.54681,47.474567],[-115.547026,47.474578],[-115.547376,47.474581],[-115.547805,47.474545],[-115.548056,47.474502],[-115.54825,47.474428],[-115.548377,47.474331],[-115.548501,47.474242],[-115.548678,47.474155],[-115.548881,47.474051],[-115.549057,47.473995],[-115.549406,47.473892],[-115.549671,47.473836],[-115.550166,47.473766],[-115.550733,47.473723],[-115.551337,47.47365],[-115.55196,47.473562],[-115.552365,47.473491],[-115.553297,47.473376],[-115.553306,47.473374],[-115.553651,47.473311],[-115.554008,47.47324],[-115.55434,47.473137],[-115.554654,47.473077],[-115.554904,47.472995],[-115.555149,47.472899],[-115.555342,47.472812],[-115.555445,47.472724],[-115.555839,47.472522],[-115.556269,47.472458],[-115.556299,47.472454],[-115.556318,47.472458],[-115.556531,47.472511],[-115.556858,47.472501],[-115.557176,47.472477],[-115.557314,47.472458],[-115.557586,47.472367],[-115.557902,47.472295],[-115.558017,47.472261],[-115.558254,47.472143],[-115.558689,47.472032],[-115.558849,47.472016],[-115.559102,47.472019],[-115.559181,47.47202],[-115.559493,47.471968],[-115.55953,47.471961],[-115.560092,47.47192],[-115.560238,47.471936],[-115.560397,47.472009],[-115.560402,47.472011],[-115.560593,47.472144],[-115.560764,47.47219],[-115.561099,47.472256],[-115.561373,47.472337],[-115.561803,47.47244],[-115.56222,47.472539],[-115.56229,47.472538],[-115.562565,47.472472],[-115.562698,47.47244],[-115.562915,47.472431],[-115.563012,47.472386],[-115.563067,47.472322],[-115.563139,47.472281],[-115.563235,47.472271],[-115.563358,47.47225],[-115.563511,47.472195],[-115.563748,47.472079],[-115.564047,47.47196],[-115.564383,47.471867],[-115.564524,47.471822],[-115.564615,47.471765],[-115.564712,47.471677],[-115.564788,47.471634],[-115.565025,47.471518],[-115.565253,47.471449],[-115.565336,47.471388],[-115.565476,47.471338],[-115.565689,47.471318],[-115.565818,47.471297],[-115.565958,47.471242],[-115.566232,47.471091],[-115.566453,47.471014],[-115.56665,47.47098],[-115.566933,47.470965],[-115.567546,47.470918],[-115.569245,47.4709],[-115.56945,47.470927],[-115.569617,47.470988],[-115.569767,47.471089],[-115.569917,47.471246],[-115.570057,47.471318],[-115.570296,47.4714],[-115.570443,47.471416],[-115.570764,47.471422],[-115.571669,47.471502],[-115.572239,47.47151],[-115.572515,47.471495],[-115.572839,47.47153],[-115.573187,47.47154],[-115.573482,47.47151],[-115.573692,47.471523],[-115.574009,47.471619],[-115.574212,47.471636],[-115.574508,47.471612],[-115.575147,47.47165],[-115.576219,47.47166],[-115.576591,47.471712],[-115.576747,47.47178],[-115.576972,47.471964],[-115.577105,47.472015],[-115.577239,47.472017],[-115.577388,47.471966],[-115.577917,47.471666],[-115.578032,47.471572],[-115.578181,47.471484],[-115.578284,47.471469],[-115.57837,47.471493],[-115.578487,47.471548],[-115.578681,47.471626],[-115.578948,47.471688],[-115.579386,47.471756],[-115.579677,47.471774],[-115.580114,47.471779],[-115.580835,47.471856],[-115.581032,47.47186],[-115.581193,47.471847],[-115.581351,47.47181],[-115.581768,47.471578],[-115.58215,47.471405],[-115.582406,47.471367],[-115.583474,47.471339],[-115.584128,47.471391],[-115.585104,47.471554],[-115.585448,47.47166],[-115.586098,47.471725],[-115.586933,47.471896],[-115.587298,47.471938],[-115.58762,47.471951],[-115.587915,47.47195],[-115.588267,47.471911],[-115.58863,47.471902],[-115.588802,47.471908],[-115.58912,47.471955],[-115.589339,47.471963],[-115.590482,47.471944],[-115.591355,47.471928],[-115.591656,47.471913],[-115.592471,47.471855],[-115.592754,47.471874],[-115.593038,47.471909],[-115.593232,47.471916],[-115.593846,47.47191],[-115.593943,47.4719],[-115.594298,47.471842],[-115.594687,47.47175],[-115.595088,47.471724],[-115.595574,47.47174],[-115.595762,47.471754],[-115.596445,47.472039],[-115.596819,47.472252],[-115.596757,47.472304],[-115.596785,47.472369],[-115.596894,47.472425],[-115.597278,47.472569],[-115.597508,47.472636],[-115.597666,47.472699],[-115.597999,47.472774],[-115.598103,47.472786],[-115.59832,47.472865],[-115.598604,47.472953],[-115.598774,47.472984],[-115.598928,47.472978],[-115.59913,47.473018],[-115.599307,47.472997],[-115.59939,47.472987],[-115.599588,47.472991],[-115.599873,47.472983],[-115.600012,47.472969],[-115.600673,47.473051],[-115.600922,47.4731],[-115.601392,47.473147],[-115.601717,47.473182],[-115.602156,47.473209],[-115.602322,47.473238],[-115.60283,47.473307],[-115.603083,47.473363],[-115.60331,47.473411],[-115.603434,47.473414],[-115.603612,47.473395],[-115.60407,47.473306],[-115.60431,47.473279],[-115.604465,47.473283],[-115.605219,47.473219],[-115.605384,47.47322],[-115.605507,47.473242],[-115.60572,47.473254],[-115.606086,47.473285],[-115.606433,47.473365],[-115.607633,47.473564],[-115.608065,47.473617],[-115.608671,47.473736],[-115.609321,47.473849],[-115.609568,47.473915],[-115.60989,47.473958],[-115.610206,47.47407],[-115.610698,47.474149],[-115.611045,47.474226],[-115.611411,47.474376],[-115.612012,47.474581],[-115.612397,47.474802],[-115.612973,47.475213],[-115.613413,47.475605],[-115.614053,47.476209],[-115.614718,47.476902],[-115.615047,47.47719],[-115.615414,47.477594],[-115.615462,47.477684],[-115.616059,47.478744],[-115.616759,47.479853],[-115.617218,47.480874],[-115.617311,47.481707],[-115.617584,47.482875],[-115.61782,47.483834],[-115.618071,47.484318],[-115.618342,47.484763],[-115.618583,47.484992],[-115.618819,47.485104],[-115.619021,47.485126],[-115.619676,47.484934],[-115.620892,47.484361],[-115.622491,47.483711],[-115.623411,47.483312],[-115.62447,47.482654],[-115.625472,47.481789],[-115.626039,47.481343],[-115.626247,47.481105],[-115.626519,47.480832],[-115.626798,47.480575],[-115.62705,47.480336],[-115.627413,47.48018],[-115.628206,47.479948],[-115.628845,47.479757],[-115.629268,47.479663],[-115.629818,47.479686],[-115.630558,47.479905],[-115.631362,47.480121],[-115.631655,47.480234],[-115.632123,47.480426],[-115.632265,47.48046],[-115.632665,47.480587],[-115.633231,47.480851],[-115.633732,47.481108],[-115.634059,47.481308],[-115.634291,47.481417],[-115.634464,47.481476],[-115.63467,47.481501],[-115.634822,47.481484],[-115.635254,47.481357],[-115.635655,47.481179],[-115.63632,47.480901],[-115.636785,47.480714],[-115.637164,47.480589],[-115.637595,47.480558],[-115.638491,47.480483],[-115.639164,47.480447],[-115.640168,47.480324],[-115.640868,47.480202],[-115.641508,47.480088],[-115.642424,47.479979],[-115.643167,47.479878],[-115.643906,47.479781],[-115.644274,47.479665],[-115.644786,47.47936],[-115.645727,47.478886],[-115.645763,47.478868],[-115.646294,47.478727],[-115.646781,47.478519],[-115.647185,47.478256],[-115.647419,47.47807],[-115.647932,47.47788],[-115.648615,47.477832],[-115.649218,47.477805],[-115.649729,47.477718],[-115.650076,47.477662],[-115.650453,47.477649],[-115.651475,47.477647],[-115.651967,47.477725],[-115.652508,47.477877],[-115.652921,47.478105],[-115.653262,47.478225],[-115.653656,47.478274],[-115.653987,47.478315],[-115.654813,47.478411],[-115.655406,47.478448],[-115.656659,47.478411],[-115.656907,47.478362],[-115.657246,47.478262],[-115.65797,47.478242],[-115.65864,47.478215],[-115.659238,47.478191],[-115.659395,47.478172],[-115.659765,47.478127],[-115.660105,47.478084],[-115.660399,47.478101],[-115.660542,47.478206],[-115.660645,47.47833],[-115.660704,47.478629],[-115.660804,47.479273],[-115.660924,47.479646],[-115.661006,47.480239],[-115.66108,47.480618],[-115.661138,47.480716],[-115.661171,47.481039],[-115.661192,47.481268],[-115.661328,47.481517],[-115.661339,47.481856],[-115.661384,47.482108],[-115.661513,47.48226],[-115.661647,47.482435],[-115.662,47.482961],[-115.66213,47.483204],[-115.662654,47.483765],[-115.663309,47.484444],[-115.663669,47.484816],[-115.664289,47.485541],[-115.664758,47.486149],[-115.665093,47.486414],[-115.665927,47.487096],[-115.666483,47.487619],[-115.667212,47.48841],[-115.667443,47.488615],[-115.66768,47.4888],[-115.667836,47.488888],[-115.668049,47.488902],[-115.668911,47.488743],[-115.67018,47.488356],[-115.670982,47.488027],[-115.67179,47.48762],[-115.672446,47.487257],[-115.673123,47.486806],[-115.673547,47.48647],[-115.674033,47.48629],[-115.674481,47.486205],[-115.675353,47.486125],[-115.676037,47.486218],[-115.676831,47.486349],[-115.677292,47.486365],[-115.677891,47.48636],[-115.678945,47.486207],[-115.679825,47.485995],[-115.680593,47.4858],[-115.680951,47.485599],[-115.681118,47.4854],[-115.681438,47.48508],[-115.681959,47.484612],[-115.682343,47.484322],[-115.682663,47.484212],[-115.683116,47.484168],[-115.683928,47.484237],[-115.684756,47.484451],[-115.684862,47.484489],[-115.685282,47.484684],[-115.685769,47.484925],[-115.686196,47.485213],[-115.686375,47.48542],[-115.686503,47.485749],[-115.686675,47.486009],[-115.686782,47.486399],[-115.68685,47.486984],[-115.686927,47.487637],[-115.687089,47.488578],[-115.687285,47.489799],[-115.687692,47.490883],[-115.688079,47.492004],[-115.688484,47.493728],[-115.68886,47.495003],[-115.689249,47.496141],[-115.689727,47.497584],[-115.690125,47.498527],[-115.690549,47.499269],[-115.691041,47.499936],[-115.691373,47.500309],[-115.691674,47.50056],[-115.692032,47.500797],[-115.692461,47.50108],[-115.692951,47.501291],[-115.69334,47.501367],[-115.693907,47.501467],[-115.69468,47.501583],[-115.695629,47.501692],[-115.696256,47.501874],[-115.69664,47.502045],[-115.697182,47.502241],[-115.697472,47.502379],[-115.698262,47.502644],[-115.698727,47.502914],[-115.699229,47.503327],[-115.699568,47.503778],[-115.699893,47.50433],[-115.700184,47.504768],[-115.700397,47.505131],[-115.700585,47.505423],[-115.700907,47.505884],[-115.701055,47.506039],[-115.701294,47.506243],[-115.701432,47.50634],[-115.701545,47.506408],[-115.701702,47.506573],[-115.701752,47.506859],[-115.701695,47.507025],[-115.701649,47.507151],[-115.701648,47.50742],[-115.701475,47.507886],[-115.701331,47.507974],[-115.701217,47.508002],[-115.700636,47.508138],[-115.700124,47.508198],[-115.699342,47.508353],[-115.69921,47.508435],[-115.699228,47.508554],[-115.699316,47.508616],[-115.699658,47.508829],[-115.699995,47.509038],[-115.700168,47.509164],[-115.700359,47.509476],[-115.700377,47.509838],[-115.70044,47.51003],[-115.700676,47.510275],[-115.701107,47.510769],[-115.701423,47.511143],[-115.701808,47.51124],[-115.702116,47.511405],[-115.702314,47.511604],[-115.702522,47.511889],[-115.702617,47.512013],[-115.702694,47.512424],[-115.702587,47.512826],[-115.702384,47.513203],[-115.702095,47.513615],[-115.7019,47.514027],[-115.701843,47.514302],[-115.701713,47.514785],[-115.701502,47.515234],[-115.701228,47.515705],[-115.701025,47.515908],[-115.700806,47.516016],[-115.70042,47.516255],[-115.700224,47.516521],[-115.70012,47.516746],[-115.70016,47.516879],[-115.700186,47.516993],[-115.700378,47.517076],[-115.700614,47.517146],[-115.701181,47.517168],[-115.701764,47.517158],[-115.702193,47.517284],[-115.702686,47.517508],[-115.703082,47.517767],[-115.703454,47.518101],[-115.703688,47.51843],[-115.703915,47.518841],[-115.704007,47.519141],[-115.704101,47.519598],[-115.704283,47.519971],[-115.704466,47.520283],[-115.704751,47.520672],[-115.705026,47.521012],[-115.705455,47.521308],[-115.705842,47.521564],[-115.705967,47.521659],[-115.70624,47.521978],[-115.706305,47.522186],[-115.706321,47.522389],[-115.706299,47.522514],[-115.705954,47.522895],[-115.705891,47.523075],[-115.705764,47.523197],[-115.70573,47.523271],[-115.705688,47.523388],[-115.705431,47.523592],[-115.705269,47.523839],[-115.705176,47.52401],[-115.705151,47.524385],[-115.70505,47.524514],[-115.704875,47.524625],[-115.704574,47.524791],[-115.704441,47.524867],[-115.704211,47.525057],[-115.70373,47.525221],[-115.703095,47.525373],[-115.702402,47.525457],[-115.701946,47.525512],[-115.701497,47.525561],[-115.70113,47.525586],[-115.700905,47.525604],[-115.700622,47.525614],[-115.699848,47.525732],[-115.699244,47.525988],[-115.698455,47.526286],[-115.697726,47.526507],[-115.697204,47.526694],[-115.696583,47.527044],[-115.695607,47.527515],[-115.695279,47.527593],[-115.695232,47.527713],[-115.695621,47.527915],[-115.696009,47.528068],[-115.696586,47.528353],[-115.696877,47.528579],[-115.697099,47.528812],[-115.697546,47.529371],[-115.697792,47.529839],[-115.697924,47.530198],[-115.69806,47.530633],[-115.698139,47.531099],[-115.698197,47.531242],[-115.698345,47.531465],[-115.698483,47.531576],[-115.698948,47.53187],[-115.699613,47.532167],[-115.70039,47.532458],[-115.700756,47.532631],[-115.700933,47.532789],[-115.701523,47.533458],[-115.701881,47.534055],[-115.702099,47.534288],[-115.702355,47.534286],[-115.702451,47.534242],[-115.702826,47.534109],[-115.70306,47.534137],[-115.703807,47.534301],[-115.704741,47.534514],[-115.705547,47.534768],[-115.706298,47.535039],[-115.706589,47.535102],[-115.706977,47.534944],[-115.707168,47.534807],[-115.707943,47.534317],[-115.708088,47.534274],[-115.70824,47.534216],[-115.708352,47.534138],[-115.708506,47.533926],[-115.708547,47.533762],[-115.708513,47.533643],[-115.708697,47.533584],[-115.708999,47.533633],[-115.70911,47.533605],[-115.709145,47.533491],[-115.709096,47.533174],[-115.709224,47.533123],[-115.709395,47.533092],[-115.709622,47.533091],[-115.709922,47.533091],[-115.710253,47.533139],[-115.7104,47.533041],[-115.710446,47.532914],[-115.710429,47.532739],[-115.710551,47.532598],[-115.71081,47.532592],[-115.710998,47.53264],[-115.711119,47.53263],[-115.71141,47.532587],[-115.711655,47.532629],[-115.711793,47.532696],[-115.712097,47.532833],[-115.712343,47.532919],[-115.712502,47.532922],[-115.712666,47.532905],[-115.712779,47.533074],[-115.712877,47.533209],[-115.713037,47.533506],[-115.713061,47.53378],[-115.713587,47.533798],[-115.714163,47.533792],[-115.7143,47.533848],[-115.714431,47.534094],[-115.714512,47.534169],[-115.714635,47.534143],[-115.714811,47.533529],[-115.714972,47.533484],[-115.715063,47.533567],[-115.715036,47.53372],[-115.715063,47.534159],[-115.715192,47.534322],[-115.715304,47.534374],[-115.715427,47.534345],[-115.715514,47.534088],[-115.715653,47.534028],[-115.715789,47.534218],[-115.715952,47.534256],[-115.716286,47.533955],[-115.716651,47.533776],[-115.717418,47.53377],[-115.717742,47.533593],[-115.718034,47.533412],[-115.718194,47.533329],[-115.718414,47.533331],[-115.718634,47.533369],[-115.719005,47.533456],[-115.719205,47.533363],[-115.719465,47.533252],[-115.719506,47.53333],[-115.719695,47.533553],[-115.719856,47.533608],[-115.719971,47.533583],[-115.720026,47.533505],[-115.720042,47.5334],[-115.720064,47.533237],[-115.720203,47.533248],[-115.720291,47.53351],[-115.720405,47.533548],[-115.720495,47.533312],[-115.720609,47.533276],[-115.720671,47.533358],[-115.720779,47.53355],[-115.720859,47.533642],[-115.720995,47.53356],[-115.72106,47.533422],[-115.72116,47.53334],[-115.721344,47.53328],[-115.721857,47.533253],[-115.722154,47.533264],[-115.722793,47.533339],[-115.723443,47.533478],[-115.72397,47.533608],[-115.724356,47.533678],[-115.724882,47.533771],[-115.725482,47.533865],[-115.725823,47.534036],[-115.726194,47.534255],[-115.726748,47.534539],[-115.72715,47.534677],[-115.727741,47.534835],[-115.728213,47.534944],[-115.728586,47.535147],[-115.72907,47.53536],[-115.729606,47.535498],[-115.730012,47.535631],[-115.730441,47.535893],[-115.730852,47.536248],[-115.731331,47.536692],[-115.731655,47.536928],[-115.731963,47.53723],[-115.731987,47.537361],[-115.732068,47.537533],[-115.732166,47.537607],[-115.732791,47.538118],[-115.73326,47.538513],[-115.733785,47.538798],[-115.734272,47.538863],[-115.735007,47.538894],[-115.735314,47.538988],[-115.735845,47.539388],[-115.736149,47.539727],[-115.736442,47.539764],[-115.736624,47.539773],[-115.736811,47.539716],[-115.737045,47.539459],[-115.737204,47.539281],[-115.737428,47.539175],[-115.737728,47.539131],[-115.737957,47.539071],[-115.738198,47.538992],[-115.738675,47.538684],[-115.739225,47.538401],[-115.739828,47.538218],[-115.740318,47.538135],[-115.740996,47.538117],[-115.74148,47.5381],[-115.741919,47.53817],[-115.742373,47.538249]]},"properties":{"kind":"trail","id":"404","name":"CC DIVIDE","bmp":32.8,"emp":55.484,"mvum_symbol_name":"Trails open to motorcycles, Seasonal","seasonal":"seasonal","motorcycle_datesopen":"05/16-10/14","districtname":"Superior Ranger District","trailclass":"TC3 - DEVELOPED"}},{"type":"Feature","geometry":{"type":"LineString","coordinates":[[-115.565996,47.524064],[-115.565972,47.523817],[-115.566107,47.523566],[-115.566418,47.523425],[-115.566967,47.52336],[-115.56759,47.523234],[-115.569308,47.522855],[-115.570157,47.522648],[-115.570952,47.522356],[-115.571429,47.522127],[-115.571743,47.521962],[-115.571865,47.521892],[-115.572263,47.521682],[-115.572584,47.521579],[-115.572765,47.521529],[-115.573153,47.521343],[-115.573679,47.521008],[-115.573985,47.520777],[-115.57421,47.520399],[-115.574335,47.520076],[-115.574456,47.519677],[-115.574535,47.519304],[-115.574616,47.518849],[-115.574682,47.518359],[-115.574884,47.51779],[-115.57506,47.51734],[-115.575329,47.516966],[-115.575538,47.516485],[-115.575619,47.516167],[-115.575611,47.515854],[-115.575555,47.51554],[-115.57562,47.514943],[-115.57582,47.514385],[-115.576039,47.513994],[-115.576267,47.513616],[-115.576525,47.513281],[-115.57676,47.512963],[-115.576871,47.51287],[-115.577123,47.512661],[-115.577569,47.512442],[-115.577755,47.512295],[-115.577795,47.512081],[-115.577543,47.511687],[-115.577381,47.511303],[-115.577205,47.510907],[-115.577122,47.510607],[-115.57714,47.510232],[-115.577122,47.509857],[-115.576973,47.509345],[-115.57706,47.509096],[-115.577126,47.508677],[-115.57703,47.508317],[-115.577083,47.507762],[-115.57703,47.507477],[-115.576918,47.507159],[-115.57679,47.506701],[-115.576763,47.506576],[-115.576787,47.506294],[-115.57685,47.506228],[-115.577183,47.505935],[-115.577352,47.50567],[-115.577394,47.50558],[-115.577381,47.505377],[-115.57743,47.505075],[-115.577616,47.504722],[-115.577814,47.50434],[-115.578033,47.504013],[-115.578341,47.503676],[-115.578687,47.503426],[-115.578833,47.503157],[-115.579442,47.502442],[-115.579678,47.502144],[-115.579941,47.501699],[-115.580127,47.501397],[-115.580268,47.500968],[-115.58027,47.500702],[-115.58025,47.500334],[-115.580229,47.499938],[-115.580301,47.499582],[-115.580285,47.499264],[-115.580258,47.498996],[-115.580331,47.498785],[-115.58051,47.498605],[-115.580695,47.498348],[-115.580907,47.498002],[-115.581124,47.49763],[-115.581301,47.497269],[-115.581512,47.496845],[-115.581619,47.496641],[-115.58173,47.496446],[-115.58182,47.496276],[-115.581982,47.496099],[-115.582144,47.495957]]},"properties":{"kind":"trail","id":"680","name":"WEST FORK CROW CREEK","bmp":0,"emp":2.3,"mvum_symbol_name":"Trails open to motorcycles, Yearlong","seasonal":"yearlong","motorcycle_datesopen":"01/01-12/31","districtname":"Plains/Thompson Falls Ranger District","trailclass":"TC2 - MODERATELY DEVELOPED"}},{"type":"Feature","geometry":{"type":"LineString","coordinates":[[-115.311147,47.522525],[-115.310949,47.522369],[-115.310421,47.522074],[-115.310094,47.521975],[-115.309664,47.521732],[-115.309442,47.521559],[-115.3094,47.521371],[-115.309526,47.521244],[-115.30971,47.521155],[-115.309933,47.521017],[-115.310014,47.520901],[-115.309563,47.520513],[-115.309587,47.520251],[-115.309708,47.520031],[-115.310403,47.519795],[-115.31079,47.519437],[-115.311115,47.519217],[-115.311488,47.519064],[-115.311722,47.518945],[-115.311627,47.518647],[-115.312017,47.518199],[-115.31225,47.51789],[-115.312399,47.517726],[-115.312655,47.517534],[-115.312948,47.517283],[-115.313247,47.516954],[-115.313259,47.516412],[-115.313243,47.515651],[-115.313473,47.515397],[-115.313679,47.515041],[-115.313807,47.514567],[-115.314054,47.514269],[-115.314674,47.513926],[-115.314963,47.513763],[-115.315163,47.513589],[-115.315029,47.513447],[-115.314739,47.513327],[-115.313838,47.513007],[-115.313132,47.512459],[-115.312964,47.512405],[-115.312776,47.512353],[-115.312646,47.512283],[-115.312573,47.512202],[-115.312592,47.512017],[-115.312564,47.511896],[-115.312438,47.511738],[-115.312326,47.511591],[-115.312214,47.511306],[-115.312208,47.511061],[-115.312224,47.510939],[-115.312326,47.510589],[-115.312432,47.510375],[-115.312451,47.510284],[-115.312298,47.510129],[-115.311957,47.509871],[-115.311648,47.509722],[-115.310867,47.509571],[-115.310575,47.509516],[-115.310429,47.509444],[-115.310305,47.509342],[-115.310095,47.508973],[-115.30998,47.508681],[-115.309913,47.508309],[-115.309903,47.507737],[-115.309928,47.5074],[-115.310077,47.507203],[-115.310293,47.507038],[-115.310624,47.506859],[-115.311102,47.506618],[-115.311469,47.506459],[-115.311792,47.506232],[-115.312301,47.505856],[-115.312935,47.505442],[-115.313662,47.504993],[-115.314225,47.504515],[-115.314901,47.504049],[-115.315068,47.503859],[-115.315187,47.503673],[-115.315208,47.503483],[-115.315197,47.503265],[-115.314987,47.502784],[-115.314829,47.502453],[-115.314353,47.501865],[-115.314008,47.501517],[-115.313571,47.501138],[-115.312759,47.500442],[-115.312328,47.49994],[-115.311965,47.499552],[-115.31153,47.499027],[-115.311286,47.498803],[-115.310972,47.498637],[-115.31068,47.498572],[-115.310322,47.49856],[-115.309716,47.498582],[-115.309273,47.498539],[-115.308788,47.498401],[-115.308139,47.498181],[-115.307354,47.497907],[-115.306685,47.497649],[-115.305743,47.497353],[-115.305227,47.497233],[-115.304943,47.497229],[-115.304545,47.497265],[-115.303617,47.497452],[-115.302808,47.49755],[-115.302064,47.497615],[-115.301188,47.497616],[-115.300785,47.497567],[-115.300357,47.497473],[-115.299878,47.497283],[-115.299483,47.497083],[-115.299225,47.496986],[-115.298899,47.496937],[-115.298301,47.496887],[-115.297491,47.496903],[-115.296877,47.496959],[-115.296134,47.496991],[-115.29573,47.496931],[-115.295421,47.496815],[-115.295032,47.496595],[-115.294757,47.496342],[-115.294417,47.496096],[-115.293955,47.495877],[-115.293139,47.495646],[-115.29186,47.495378],[-115.29149,47.495217],[-115.291139,47.494982],[-115.290916,47.494724],[-115.290463,47.494216],[-115.289903,47.493656],[-115.289063,47.492876],[-115.288539,47.49224],[-115.28811,47.491654],[-115.287777,47.491099],[-115.287146,47.490295],[-115.286346,47.489257],[-115.285919,47.488649],[-115.285674,47.488227],[-115.285427,47.487563],[-115.285245,47.486943],[-115.28524,47.486778],[-115.285312,47.486695],[-115.285734,47.486514],[-115.286034,47.486323],[-115.286113,47.486231],[-115.286106,47.486094],[-115.285986,47.485852],[-115.286192,47.485738],[-115.286468,47.485551],[-115.286516,47.485474],[-115.286421,47.485347],[-115.286202,47.485231],[-115.28592,47.485062],[-115.285742,47.484919],[-115.285589,47.484748],[-115.285474,47.484581],[-115.285417,47.484432],[-115.28541,47.484257],[-115.28541,47.484075],[-115.285467,47.483927],[-115.28553,47.4838],[-115.285798,47.483468],[-115.285905,47.483388],[-115.286266,47.483117],[-115.286584,47.482754],[-115.286632,47.482601],[-115.286632,47.482161],[-115.286591,47.481822],[-115.286398,47.48165],[-115.285993,47.481541],[-115.285832,47.481442],[-115.285734,47.481291],[-115.285634,47.481077]]},"properties":{"kind":"trail","id":"562","name":"GOLD RUSH CREEK","bmp":0,"emp":4.6,"mvum_symbol_name":"Trails open to motorcycles, Yearlong","seasonal":"yearlong","motorcycle_datesopen":"01/01-12/31","districtname":"Plains/Thompson Falls Ranger District","trailclass":"TC2 - MODERATELY DEVELOPED"}},{"type":"Feature","geometry":{"type":"LineString","coordinates":[[-115.555118,47.350457],[-115.554907,47.350526],[-115.554821,47.350547],[-115.554645,47.350549],[-115.554517,47.350545],[-115.554236,47.350523],[-115.553942,47.350514],[-115.553427,47.350441],[-115.552779,47.350378],[-115.552681,47.350372],[-115.55262,47.350378],[-115.55256,47.350399],[-115.552113,47.350588],[-115.551907,47.350643],[-115.551798,47.350691],[-115.551715,47.35077],[-115.551564,47.350864],[-115.551409,47.35096],[-115.551263,47.351135],[-115.551142,47.351321],[-115.551068,47.351448],[-115.550972,47.351596],[-115.550876,47.35175],[-115.550727,47.351901],[-115.550605,47.352034],[-115.550456,47.352149],[-115.550222,47.35212],[-115.550193,47.352044],[-115.550167,47.351961],[-115.55017,47.351845],[-115.550091,47.351577],[-115.549965,47.351605],[-115.549803,47.351672],[-115.549519,47.351777],[-115.549154,47.351912],[-115.548942,47.352006],[-115.54862,47.352119],[-115.548262,47.352245],[-115.547826,47.3524],[-115.547528,47.352553],[-115.547181,47.352778],[-115.546936,47.353041],[-115.546763,47.353221],[-115.546529,47.353337],[-115.54626,47.353464],[-115.545985,47.353641],[-115.545645,47.353821],[-115.545452,47.353975],[-115.544832,47.354428],[-115.544429,47.354829],[-115.544243,47.355075],[-115.544086,47.355339],[-115.543945,47.355624],[-115.543831,47.355902],[-115.543653,47.356434],[-115.543534,47.356809],[-115.543396,47.357125],[-115.543303,47.357448],[-115.543137,47.357801],[-115.542974,47.358142],[-115.542804,47.358426],[-115.542617,47.358667],[-115.542402,47.35891],[-115.542184,47.359099],[-115.541964,47.359227],[-115.541683,47.359351],[-115.541482,47.359395],[-115.541271,47.359431],[-115.541007,47.359453],[-115.540844,47.359451],[-115.540527,47.359434],[-115.540263,47.359424],[-115.540029,47.359466],[-115.539917,47.359549],[-115.539835,47.359614],[-115.539763,47.359725],[-115.539705,47.35989],[-115.53966,47.360027],[-115.539515,47.360247],[-115.539417,47.360455],[-115.539277,47.360614],[-115.539123,47.360784],[-115.539,47.360914],[-115.538863,47.361067],[-115.538772,47.361259],[-115.538719,47.361402],[-115.538616,47.361595],[-115.538517,47.361721],[-115.538398,47.361884],[-115.538281,47.361994],[-115.538115,47.362245],[-115.537824,47.362494],[-115.537583,47.362724],[-115.537395,47.362916],[-115.537274,47.363137],[-115.537163,47.363409],[-115.537115,47.363552],[-115.537011,47.363706],[-115.536873,47.363842],[-115.53671,47.364016],[-115.536443,47.364231],[-115.536176,47.364473],[-115.535961,47.36465],[-115.535613,47.364902],[-115.535311,47.365126],[-115.535087,47.365295],[-115.534583,47.365561],[-115.534339,47.365725],[-115.53394,47.365955],[-115.533633,47.366172],[-115.533295,47.366401],[-115.532708,47.366792],[-115.532504,47.366924],[-115.531988,47.367155],[-115.531561,47.367345],[-115.531059,47.367522],[-115.530776,47.367636],[-115.530571,47.367757],[-115.530409,47.367895],[-115.530218,47.368103],[-115.530057,47.368249],[-115.529896,47.36837],[-115.529709,47.368462],[-115.529489,47.368565],[-115.52929,47.36866],[-115.529077,47.368781],[-115.528917,47.368903],[-115.528745,47.369027],[-115.528556,47.36918],[-115.528322,47.36933],[-115.527933,47.369507],[-115.527741,47.369594],[-115.527496,47.369681],[-115.527285,47.369753],[-115.52707,47.369855],[-115.526859,47.369954],[-115.526682,47.370073],[-115.526514,47.370195],[-115.526384,47.370303],[-115.52616,47.370428],[-115.525931,47.37052],[-115.525722,47.370602],[-115.525567,47.370663],[-115.525292,47.370732],[-115.525074,47.370776],[-115.524857,47.370862],[-115.524217,47.371072],[-115.523831,47.371199],[-115.523505,47.371257],[-115.523273,47.371278],[-115.523078,47.371275],[-115.522878,47.37126],[-115.522483,47.371204],[-115.522206,47.371186],[-115.521931,47.371225],[-115.521666,47.37128],[-115.521364,47.371367],[-115.521047,47.371461],[-115.520683,47.371532],[-115.52033,47.371597],[-115.519998,47.371667],[-115.519545,47.371812],[-115.51923,47.371922],[-115.518728,47.372064],[-115.518374,47.372198],[-115.517984,47.37232],[-115.517727,47.372452],[-115.517464,47.372562],[-115.517068,47.372709],[-115.516744,47.372814],[-115.516284,47.372964],[-115.515726,47.373153],[-115.515231,47.373355],[-115.514878,47.373492],[-115.514453,47.373668],[-115.514073,47.373815],[-115.513766,47.373963],[-115.513465,47.374094],[-115.51319,47.374199],[-115.512901,47.37433],[-115.512559,47.374458],[-115.512108,47.374583],[-115.511726,47.374719],[-115.511481,47.3748],[-115.511104,47.374941],[-115.510894,47.375052],[-115.510675,47.375124],[-115.510473,47.375167],[-115.510197,47.375207],[-115.509756,47.375221],[-115.509168,47.375254],[-115.508678,47.375276],[-115.507614,47.37528],[-115.506991,47.375276],[-115.506351,47.375276],[-115.505788,47.375247],[-115.505337,47.375187],[-115.504932,47.375104],[-115.504552,47.375011],[-115.504388,47.374938],[-115.504184,47.374855],[-115.504006,47.374748],[-115.503883,47.374629],[-115.503735,47.374568],[-115.503647,47.374655],[-115.503555,47.374737],[-115.503465,47.374936],[-115.503466,47.375311],[-115.503448,47.375942],[-115.503478,47.376972],[-115.503519,47.377128],[-115.503615,47.377264],[-115.503716,47.377518],[-115.503811,47.377751],[-115.503857,47.37797],[-115.504022,47.378264],[-115.504287,47.37848],[-115.504529,47.378701],[-115.504636,47.378923],[-115.504767,47.379282],[-115.504845,47.37963],[-115.504975,47.380098],[-115.505002,47.380457],[-115.504994,47.380845],[-115.504981,47.381291],[-115.504947,47.381783],[-115.504877,47.382203],[-115.504803,47.382629],[-115.504661,47.383052],[-115.504557,47.383338],[-115.504442,47.383533],[-115.504329,47.38371],[-115.504075,47.384058],[-115.503885,47.384231],[-115.503308,47.384844],[-115.503134,47.385021],[-115.50303,47.385194],[-115.50296,47.385434],[-115.502807,47.385656],[-115.502556,47.385807],[-115.502134,47.386055],[-115.501863,47.386294],[-115.501689,47.386485],[-115.501548,47.386707],[-115.501336,47.38695],[-115.501202,47.387196],[-115.501033,47.38736],[-115.500755,47.387657],[-115.500617,47.387788],[-115.500446,47.38791],[-115.499891,47.387948],[-115.498297,47.387831],[-115.49718,47.387873],[-115.496687,47.387983],[-115.495955,47.388246],[-115.493986,47.389157],[-115.492411,47.3898],[-115.491282,47.390059],[-115.490182,47.390117],[-115.48964,47.390086],[-115.488803,47.389856],[-115.488432,47.389708],[-115.487881,47.389418],[-115.486403,47.38846],[-115.484335,47.387529],[-115.482721,47.387071],[-115.482073,47.386623],[-115.481681,47.386443],[-115.479867,47.385977],[-115.47873,47.385936],[-115.477479,47.38601],[-115.476279,47.386163],[-115.475455,47.386355],[-115.47437,47.386521],[-115.473175,47.386649],[-115.472103,47.38684],[-115.470843,47.386985],[-115.470039,47.387255],[-115.469186,47.387214],[-115.468544,47.387085],[-115.468262,47.386952],[-115.467217,47.386162],[-115.466279,47.386001],[-115.465739,47.385815],[-115.465422,47.385568],[-115.465362,47.385095],[-115.465046,47.384874],[-115.464467,47.384722],[-115.463398,47.38485],[-115.462814,47.384621],[-115.461549,47.384471],[-115.460076,47.384159],[-115.45931,47.383935],[-115.458035,47.383471],[-115.457289,47.383378],[-115.456393,47.383383],[-115.454653,47.38358],[-115.451929,47.384073],[-115.449774,47.384039],[-115.447645,47.383913],[-115.446778,47.383815],[-115.444488,47.383395],[-115.443719,47.383209],[-115.443312,47.383054],[-115.442789,47.382784],[-115.442103,47.382149],[-115.441323,47.381769],[-115.440652,47.381272],[-115.440079,47.380995],[-115.439784,47.380911],[-115.438947,47.380712],[-115.438398,47.380665],[-115.437847,47.380822],[-115.436941,47.380911],[-115.435733,47.380894],[-115.43439,47.380616],[-115.433051,47.380236],[-115.432934,47.380287],[-115.433304,47.380497],[-115.433691,47.381134],[-115.433697,47.381407],[-115.433609,47.381645],[-115.433512,47.381744],[-115.433371,47.381793],[-115.432631,47.38102],[-115.432156,47.380808],[-115.431269,47.380668],[-115.431021,47.380658],[-115.431117,47.380846],[-115.431081,47.380923],[-115.430828,47.381028],[-115.429555,47.380939],[-115.429267,47.380885],[-115.428846,47.380714],[-115.428755,47.380781],[-115.428627,47.380907],[-115.428482,47.38107],[-115.428213,47.381308],[-115.428251,47.381441],[-115.428365,47.381515],[-115.428526,47.381563],[-115.428599,47.381627],[-115.428467,47.381672],[-115.427949,47.381838],[-115.427002,47.381848],[-115.426449,47.381794],[-115.426318,47.381805],[-115.426257,47.381814],[-115.426239,47.381843],[-115.426269,47.381886],[-115.426357,47.381933],[-115.426771,47.382427],[-115.426914,47.382508],[-115.427032,47.382703],[-115.427038,47.382895],[-115.426952,47.382954],[-115.42636,47.383108],[-115.425878,47.383174],[-115.425448,47.38318],[-115.425178,47.383165],[-115.425155,47.383206],[-115.425166,47.383253],[-115.425406,47.383669],[-115.425675,47.383907],[-115.42597,47.384038],[-115.425923,47.3841],[-115.425722,47.384128],[-115.424849,47.38403],[-115.423848,47.383851],[-115.423142,47.38365],[-115.422848,47.383502],[-115.422596,47.382975],[-115.422783,47.382342],[-115.422856,47.381571],[-115.422815,47.381274],[-115.423064,47.380716],[-115.422972,47.380643],[-115.4228,47.380595],[-115.421441,47.381052],[-115.420502,47.381422],[-115.419223,47.382059],[-115.41905,47.382266],[-115.418167,47.382527],[-115.417335,47.382798],[-115.416685,47.382823],[-115.4159,47.383003],[-115.415183,47.383048],[-115.414527,47.382898],[-115.414455,47.382613],[-115.414779,47.382216],[-115.415003,47.382131],[-115.416337,47.381888],[-115.416835,47.381731],[-115.417305,47.38155],[-115.417672,47.381312],[-115.418003,47.380709],[-115.417909,47.380491],[-115.41759,47.380427],[-115.416868,47.38053],[-115.416153,47.380541],[-115.415533,47.380485],[-115.414215,47.380406],[-115.414039,47.380357]]},"properties":{"kind":"trail","id":"255","name":"STORM PEAK","bmp":0,"emp":9.8,"mvum_symbol_name":"Trails open to motorcycles, Yearlong","seasonal":"yearlong","motorcycle_datesopen":"01/01-12/31","districtname":"Superior Ranger District","trailclass":"TC3 - DEVELOPED"}},{"type":"Feature","geometry":{"type":"LineString","coordinates":[[-114.881314,47.947757],[-114.880644,47.948022],[-114.880027,47.948083],[-114.879954,47.948126],[-114.87984,47.948291],[-114.879733,47.948494],[-114.879395,47.948699],[-114.879053,47.948829],[-114.878904,47.948831],[-114.878625,47.948727],[-114.878332,47.948834],[-114.878126,47.9489],[-114.877988,47.948974],[-114.877793,47.949011],[-114.877497,47.949137],[-114.877376,47.949274],[-114.877327,47.949388],[-114.877152,47.949587],[-114.876882,47.950041],[-114.876795,47.950191],[-114.876774,47.950302],[-114.876934,47.950543],[-114.876706,47.951112],[-114.876532,47.951696],[-114.876408,47.952261],[-114.876208,47.953352],[-114.876133,47.954136],[-114.876206,47.954744],[-114.876182,47.955251],[-114.876072,47.955571],[-114.876002,47.955864]]},"properties":{"kind":"trail","id":"118","name":"PINE HILL","bmp":0.869,"emp":1.5464,"mvum_symbol_name":"Trails open to motorcycles, Yearlong","seasonal":"yearlong","motorcycle_datesopen":"01/01-12/31","districtname":"Plains/Thompson Falls Ranger District","trailclass":"TC2 - MODERATELY DEVELOPED"}},{"type":"Feature","geometry":{"type":"LineString","coordinates":[[-115.455311,47.513398],[-115.45528,47.513273],[-115.455475,47.51301],[-115.455573,47.512782],[-115.455297,47.512562],[-115.455132,47.512208],[-115.455154,47.511935],[-115.455181,47.511705],[-115.455742,47.511258],[-115.455839,47.510929],[-115.455883,47.510709],[-115.456037,47.510404],[-115.455951,47.510106],[-115.456009,47.509999],[-115.456181,47.509748],[-115.456388,47.509525],[-115.456601,47.509173],[-115.456712,47.509011],[-115.456789,47.508853],[-115.456911,47.508618],[-115.457053,47.508451],[-115.457273,47.508174],[-115.457432,47.508074],[-115.457938,47.507768],[-115.458278,47.507577],[-115.458525,47.507468],[-115.458718,47.507354],[-115.458896,47.507234],[-115.458959,47.507055],[-115.458998,47.506866],[-115.459066,47.506634],[-115.459286,47.506349],[-115.459465,47.506112],[-115.459624,47.505998],[-115.459782,47.505888],[-115.459959,47.505761],[-115.460215,47.505604],[-115.460413,47.505473],[-115.460687,47.505266],[-115.460929,47.50505],[-115.461097,47.504858],[-115.4612,47.504704],[-115.46127,47.504506],[-115.461439,47.504207],[-115.461539,47.503936],[-115.461587,47.503774],[-115.461671,47.503489],[-115.461704,47.503349],[-115.461761,47.5031],[-115.461765,47.502848],[-115.461822,47.502594],[-115.46183,47.502307],[-115.46175,47.502168],[-115.461613,47.501956],[-115.461489,47.501718],[-115.461507,47.501511],[-115.461499,47.501356],[-115.461443,47.501027],[-115.461436,47.500818],[-115.461443,47.500514],[-115.461437,47.500311],[-115.461378,47.499937],[-115.46135,47.499657],[-115.46138,47.499384],[-115.46139,47.499149],[-115.461431,47.498936],[-115.461471,47.498606],[-115.461567,47.498194],[-115.461642,47.497959],[-115.461729,47.49776],[-115.461867,47.497513],[-115.462093,47.497284],[-115.462361,47.497031],[-115.462821,47.496653],[-115.46303,47.496488],[-115.463113,47.496396],[-115.463169,47.496253],[-115.463248,47.496017],[-115.463347,47.495743],[-115.46353,47.495348],[-115.463758,47.49496],[-115.463954,47.494647],[-115.464096,47.494431],[-115.464225,47.494251],[-115.464374,47.494059],[-115.464565,47.493845],[-115.464964,47.493429],[-115.465125,47.493231],[-115.46526,47.493067],[-115.46531,47.492897],[-115.46531,47.492787],[-115.46527,47.492649],[-115.465262,47.492545],[-115.465293,47.492425],[-115.465432,47.492327],[-115.465579,47.492294],[-115.465835,47.492259],[-115.466118,47.492217],[-115.466419,47.492155],[-115.466679,47.49205],[-115.46692,47.49192],[-115.467058,47.491849],[-115.467156,47.491745],[-115.46717,47.491651],[-115.467212,47.491486],[-115.467261,47.491349],[-115.467364,47.491107],[-115.467397,47.491004],[-115.467463,47.490838],[-115.467541,47.490625],[-115.467557,47.490407],[-115.467549,47.49016],[-115.4675,47.490017],[-115.467379,47.489836],[-115.467144,47.489524],[-115.466949,47.489267],[-115.466871,47.489117],[-115.466749,47.488964],[-115.466516,47.488806],[-115.466417,47.488651],[-115.466176,47.488416],[-115.466068,47.488323],[-115.466003,47.488181],[-115.465973,47.48802],[-115.46597,47.487891],[-115.46602,47.487792],[-115.466141,47.487681],[-115.466343,47.487561],[-115.466487,47.487435],[-115.466618,47.487307],[-115.466748,47.487089],[-115.466925,47.486755],[-115.467069,47.486558],[-115.467184,47.486387],[-115.467265,47.486212],[-115.46729,47.486068],[-115.467312,47.48591],[-115.467272,47.485662],[-115.467216,47.485591],[-115.467064,47.485433],[-115.466785,47.485264],[-115.466584,47.48506],[-115.466372,47.484801],[-115.466251,47.484626],[-115.466107,47.48443],[-115.465986,47.484293],[-115.465849,47.484155],[-115.465605,47.483975],[-115.46545,47.483892],[-115.465126,47.483717],[-115.465004,47.483574],[-115.464851,47.483326],[-115.464757,47.482999],[-115.46473,47.482758],[-115.464716,47.482599],[-115.464617,47.48233],[-115.464441,47.482028],[-115.464254,47.48181],[-115.464077,47.481574],[-115.463871,47.481293],[-115.463704,47.481107],[-115.463379,47.480741],[-115.463013,47.480268],[-115.462902,47.48018],[-115.462796,47.480213],[-115.462733,47.480302],[-115.46261,47.480253],[-115.462513,47.480154],[-115.462418,47.480027],[-115.462304,47.47995],[-115.462176,47.479891],[-115.462094,47.479779],[-115.461971,47.479802],[-115.462013,47.479891],[-115.461972,47.479995],[-115.461852,47.479968],[-115.461688,47.479885],[-115.461535,47.479748],[-115.461396,47.479596],[-115.461275,47.479384],[-115.461132,47.479375],[-115.461162,47.4795],[-115.461066,47.479582],[-115.460921,47.47948],[-115.46075,47.479337],[-115.46078,47.479495],[-115.460871,47.47965],[-115.460816,47.479741],[-115.460691,47.479714],[-115.460588,47.479665],[-115.460417,47.479544],[-115.460347,47.479469],[-115.460198,47.47944],[-115.460241,47.479606],[-115.460287,47.479799],[-115.460305,47.479886],[-115.460255,47.479979],[-115.460101,47.480017],[-115.459991,47.479941],[-115.459843,47.47978],[-115.459634,47.479582],[-115.45951,47.479457],[-115.459376,47.479343],[-115.459179,47.479248],[-115.458955,47.479167],[-115.458581,47.479128],[-115.458241,47.479096],[-115.457772,47.479035],[-115.457362,47.478963],[-115.456875,47.478887],[-115.456586,47.478877],[-115.456334,47.478871],[-115.456034,47.478801],[-115.455783,47.478701],[-115.455647,47.478532],[-115.455486,47.478219],[-115.455331,47.477966],[-115.455209,47.477746],[-115.455078,47.477588],[-115.454393,47.477019],[-115.454224,47.476915]]},"properties":{"kind":"trail","id":"579","name":"SOUTH FORK WILKES CREEK","bmp":0,"emp":3.6,"mvum_symbol_name":"Trails open to motorcycles, Yearlong","seasonal":"yearlong","motorcycle_datesopen":"01/01-12/31","districtname":"Plains/Thompson Falls Ranger District","trailclass":"TC2 - MODERATELY DEVELOPED"}},{"type":"Feature","geometry":{"type":"LineString","coordinates":[[-115.144717,47.327852],[-115.144722,47.32785],[-115.145007,47.327738],[-115.145201,47.327668],[-115.145509,47.327462],[-115.145645,47.327231],[-115.145639,47.326135],[-115.145495,47.325816],[-115.145076,47.324879],[-115.145155,47.324429],[-115.145566,47.323791],[-115.145655,47.323552],[-115.145717,47.322573],[-115.1456,47.322425],[-115.145343,47.322397],[-115.144788,47.322672],[-115.144634,47.322827],[-115.143937,47.323209],[-115.143735,47.323377],[-115.143347,47.323456],[-115.143128,47.323401],[-115.143069,47.32328],[-115.143154,47.323071],[-115.143722,47.322444],[-115.14401,47.3219],[-115.143996,47.321528],[-115.143643,47.321135],[-115.142372,47.320191],[-115.142148,47.319914],[-115.141486,47.319321],[-115.141009,47.318768],[-115.140767,47.318564],[-115.140702,47.31842],[-115.140782,47.318179],[-115.141012,47.317928],[-115.141411,47.317758],[-115.1428,47.31764],[-115.143048,47.317583],[-115.1437,47.31725],[-115.144038,47.316984],[-115.144172,47.316613],[-115.14405,47.316397],[-115.143916,47.316232],[-115.143403,47.315943],[-115.141908,47.315442],[-115.141666,47.315296],[-115.141412,47.315221],[-115.141053,47.314926],[-115.140817,47.314622],[-115.140589,47.314324],[-115.140551,47.314118],[-115.140381,47.313862],[-115.140117,47.313695],[-115.139932,47.313422],[-115.139894,47.313179],[-115.140008,47.313055],[-115.140142,47.313002],[-115.140425,47.312997],[-115.140739,47.313091],[-115.140837,47.313079],[-115.141095,47.312943],[-115.141295,47.312753],[-115.141445,47.312684],[-115.141593,47.312676],[-115.142071,47.312725],[-115.142618,47.312911],[-115.14295,47.313088],[-115.143032,47.313188],[-115.143507,47.313386],[-115.144179,47.313469],[-115.144819,47.313452],[-115.14524,47.313514],[-115.146094,47.313761],[-115.146381,47.313976],[-115.146769,47.314064],[-115.147263,47.314089],[-115.147663,47.314177],[-115.148126,47.314087],[-115.148507,47.313903],[-115.148684,47.313757],[-115.148884,47.313643],[-115.149088,47.313592],[-115.14934,47.313672],[-115.149478,47.313599],[-115.149501,47.31343],[-115.149427,47.312928],[-115.149477,47.312813],[-115.149587,47.312766],[-115.149691,47.312887],[-115.149767,47.313044],[-115.150248,47.313516],[-115.150746,47.313731],[-115.151018,47.313916],[-115.151299,47.314029],[-115.151551,47.314073],[-115.151646,47.314021],[-115.151579,47.313945],[-115.151428,47.31389],[-115.151093,47.313563],[-115.150852,47.313219],[-115.150839,47.31278],[-115.150909,47.31236],[-115.151049,47.312031],[-115.151136,47.311962],[-115.151415,47.311888],[-115.152751,47.311988],[-115.153195,47.312071],[-115.153851,47.312069],[-115.15437,47.312012],[-115.155168,47.311828],[-115.15535,47.311701],[-115.155498,47.311507],[-115.155537,47.311195],[-115.155427,47.310873],[-115.155128,47.310329],[-115.155164,47.310144],[-115.155309,47.309955],[-115.155658,47.309711],[-115.155865,47.30962],[-115.156384,47.309445],[-115.156522,47.309391],[-115.156619,47.309465],[-115.156603,47.30957],[-115.156521,47.309694],[-115.156497,47.310114],[-115.156552,47.31026],[-115.156708,47.310365],[-115.156801,47.310492],[-115.156909,47.310882],[-115.157067,47.311021],[-115.157115,47.311146],[-115.15707,47.311246],[-115.157112,47.311349],[-115.157253,47.311456],[-115.157486,47.311842],[-115.157554,47.312109],[-115.157512,47.312388],[-115.157684,47.31296],[-115.158187,47.313378],[-115.158307,47.313627],[-115.158598,47.313859],[-115.158746,47.314006],[-115.158834,47.314257],[-115.159124,47.314554],[-115.159587,47.314801],[-115.160919,47.31525],[-115.161837,47.315436],[-115.162948,47.315553],[-115.163329,47.315635],[-115.163526,47.315749],[-115.163761,47.315802],[-115.164077,47.315771],[-115.16435,47.315798],[-115.164684,47.315762],[-115.165555,47.315605],[-115.166477,47.315293],[-115.166792,47.315209],[-115.167243,47.315275],[-115.16756,47.315364],[-115.167722,47.315506],[-115.167994,47.315582],[-115.168533,47.315679],[-115.169381,47.315934],[-115.170608,47.316492],[-115.170876,47.316628],[-115.171341,47.316906],[-115.171538,47.317031],[-115.172191,47.317212],[-115.172329,47.317286],[-115.172581,47.317513],[-115.172806,47.317627],[-115.173245,47.317776],[-115.173562,47.317956],[-115.173859,47.31824],[-115.174011,47.31834],[-115.174395,47.318461],[-115.17462,47.318633],[-115.174733,47.318892],[-115.174786,47.319018],[-115.174949,47.319091],[-115.175105,47.319114],[-115.175218,47.319239],[-115.175304,47.319428],[-115.17549,47.319595],[-115.175755,47.319797],[-115.175818,47.32006],[-115.175838,47.320284],[-115.176037,47.32058],[-115.176458,47.320862],[-115.176694,47.320957],[-115.177189,47.321063],[-115.178286,47.321128],[-115.178943,47.321121],[-115.179825,47.321064],[-115.180539,47.321011],[-115.180815,47.32086],[-115.181117,47.3208],[-115.181523,47.320791],[-115.181792,47.320728],[-115.182298,47.32044],[-115.182537,47.320378],[-115.182572,47.320369],[-115.182983,47.320355],[-115.183382,47.320354],[-115.183815,47.320429],[-115.183824,47.32043],[-115.183994,47.320424],[-115.183999,47.320422],[-115.184246,47.320325],[-115.184447,47.320291],[-115.184839,47.32032],[-115.185047,47.320285],[-115.185447,47.320167],[-115.185702,47.320175],[-115.185868,47.320245],[-115.186085,47.32025],[-115.186625,47.320179],[-115.187145,47.320207],[-115.187456,47.320222],[-115.187747,47.320245],[-115.188253,47.320178],[-115.188993,47.320155],[-115.189546,47.3202],[-115.189986,47.320296],[-115.190513,47.320435],[-115.191033,47.320532]]},"properties":{"kind":"trail","id":"202","name":"BOYD MOUNTAIN","bmp":0,"emp":5.05,"mvum_symbol_name":"Trails open to motorcycles, Yearlong","seasonal":"yearlong","motorcycle_datesopen":"01/01-12/31","districtname":"Superior Ranger District","trailclass":"TC3 - DEVELOPED"}},{"type":"Feature","geometry":{"type":"LineString","coordinates":[[-115.238195,47.515532],[-115.23884,47.51542],[-115.239307,47.515268],[-115.240025,47.514984],[-115.240883,47.514117],[-115.241296,47.513721],[-115.241884,47.51341],[-115.242636,47.513149],[-115.243669,47.512857],[-115.24527,47.512318],[-115.246597,47.511993],[-115.246945,47.511758],[-115.247476,47.511167],[-115.247876,47.510696],[-115.248376,47.510005],[-115.248765,47.509221],[-115.248836,47.507852],[-115.248908,47.507499],[-115.248954,47.506899],[-115.249037,47.50646],[-115.249214,47.506234],[-115.249432,47.505922],[-115.249608,47.505533],[-115.249751,47.505124],[-115.249927,47.504734],[-115.250168,47.504362],[-115.250391,47.504119],[-115.250758,47.503762],[-115.250919,47.502949],[-115.250847,47.502001],[-115.250887,47.501216],[-115.250888,47.50037],[-115.250984,47.499815],[-115.25113,47.499152],[-115.251428,47.498735],[-115.251556,47.498475],[-115.251684,47.498214],[-115.251771,47.497871],[-115.251834,47.497677],[-115.251688,47.497046],[-115.251699,47.496658],[-115.251729,47.496341],[-115.251949,47.496011],[-115.252086,47.495594],[-115.252816,47.494623],[-115.253101,47.494339],[-115.253401,47.494187],[-115.254987,47.493511],[-115.256288,47.492981],[-115.257091,47.492724],[-115.257412,47.492504],[-115.258004,47.492021],[-115.258361,47.49161],[-115.258507,47.491127],[-115.258768,47.490355],[-115.25875,47.489927],[-115.258517,47.489433],[-115.258048,47.488808],[-115.257521,47.488072],[-115.257022,47.487691],[-115.256076,47.486976],[-115.255713,47.486698],[-115.255655,47.486467],[-115.255706,47.486258],[-115.255683,47.486083],[-115.255325,47.48537],[-115.254782,47.484592],[-115.254544,47.484521],[-115.254307,47.484717],[-115.254146,47.485111],[-115.254113,47.485554],[-115.254176,47.48613],[-115.254049,47.486587],[-115.253882,47.486927],[-115.253879,47.487276],[-115.25363,47.487482],[-115.253004,47.487057]]},"properties":{"kind":"trail","id":"557","name":"CAMP CREEK","bmp":0,"emp":3.3297,"mvum_symbol_name":"Trails open to motorcycles, Yearlong","seasonal":"yearlong","motorcycle_datesopen":"01/01-12/31","districtname":"Plains/Thompson Falls Ranger District","trailclass":"TC2 - MODERATELY DEVELOPED"}},{"type":"Feature","geometry":{"type":"LineString","coordinates":[[-115.167875,47.251671],[-115.167875,47.25167],[-115.167779,47.25142],[-115.167619,47.251323],[-115.166316,47.251297],[-115.166238,47.251241],[-115.166194,47.251133],[-115.166275,47.250983],[-115.166268,47.250802],[-115.166163,47.249989],[-115.16634,47.249298],[-115.166302,47.248493],[-115.166094,47.248142],[-115.165614,47.247647],[-115.165227,47.246681],[-115.164693,47.246154],[-115.164624,47.245775],[-115.164249,47.24523],[-115.164148,47.244952],[-115.163705,47.243242],[-115.163024,47.242393],[-115.162508,47.241916],[-115.162256,47.2409],[-115.162342,47.240134],[-115.162215,47.239731],[-115.161798,47.239055],[-115.161547,47.238235],[-115.160406,47.236716],[-115.160292,47.236439],[-115.160339,47.235426],[-115.160296,47.235132],[-115.160179,47.234823],[-115.159829,47.234363],[-115.159427,47.233408],[-115.15894,47.232932],[-115.158651,47.232734],[-115.158338,47.232557],[-115.157819,47.232352],[-115.157354,47.232235],[-115.156632,47.232202],[-115.156341,47.232115],[-115.15583,47.231867],[-115.15424,47.231517],[-115.15358,47.231257],[-115.15344,47.231098],[-115.153362,47.230817],[-115.153233,47.230659],[-115.153292,47.230468],[-115.153652,47.230101],[-115.154103,47.229375]]},"properties":{"kind":"trail","id":"217","name":"HENDRICKSON GULCH","bmp":0,"emp":2.3,"mvum_symbol_name":"Trails open to motorcycles, Yearlong","seasonal":"yearlong","motorcycle_datesopen":"01/01-12/31","districtname":"Superior Ranger District","trailclass":"TC3 - DEVELOPED"}},{"type":"Feature","geometry":{"type":"LineString","coordinates":[[-115.177732,47.190436],[-115.17795,47.190854],[-115.178199,47.19239],[-115.178352,47.192762],[-115.178978,47.193833],[-115.179323,47.194797],[-115.180088,47.196071],[-115.180393,47.196432],[-115.180916,47.196909],[-115.181325,47.197117],[-115.182612,47.197534],[-115.183225,47.197639],[-115.185044,47.197678],[-115.186065,47.197764],[-115.186306,47.197829],[-115.187239,47.197874],[-115.188304,47.198143],[-115.189261,47.198493],[-115.189478,47.19867],[-115.189773,47.199054],[-115.189824,47.199799],[-115.190105,47.199898],[-115.190883,47.19993],[-115.191715,47.19971],[-115.192115,47.199679],[-115.192574,47.199673],[-115.19354,47.199804],[-115.193739,47.199744],[-115.193959,47.199761],[-115.194274,47.200029],[-115.194393,47.200198],[-115.19428,47.200727],[-115.19433,47.200851],[-115.194449,47.200943],[-115.194746,47.20105],[-115.195036,47.201043],[-115.195352,47.200978],[-115.195937,47.201279],[-115.196268,47.201318],[-115.19687,47.201483],[-115.198079,47.202074],[-115.198465,47.202366],[-115.199116,47.202638],[-115.199448,47.202842],[-115.199697,47.203242],[-115.199648,47.203648],[-115.199712,47.203725],[-115.200067,47.203762],[-115.20059,47.203934],[-115.201185,47.204476],[-115.202151,47.205622],[-115.203155,47.20611],[-115.203367,47.206276],[-115.203445,47.206406],[-115.203463,47.206944],[-115.203594,47.207075],[-115.204121,47.206991],[-115.204404,47.206999],[-115.207431,47.207835],[-115.207842,47.208018],[-115.208358,47.208463],[-115.209298,47.209065],[-115.209451,47.209104],[-115.209811,47.209074],[-115.210366,47.209129],[-115.211222,47.209546],[-115.211477,47.209712],[-115.212316,47.210533],[-115.213902,47.211433],[-115.215158,47.211831]]},"properties":{"kind":"trail","id":"234","name":"SUNSET CREEK","bmp":0,"emp":3.2,"mvum_symbol_name":"Trails open to motorcycles, Yearlong","seasonal":"yearlong","motorcycle_datesopen":"01/01-12/31","districtname":"Superior Ranger District","trailclass":"TC3 - DEVELOPED"}},{"type":"Feature","geometry":{"type":"LineString","coordinates":[[-115.374351,47.56346],[-115.374935,47.563152],[-115.375783,47.562369],[-115.37644,47.561556],[-115.376779,47.560984],[-115.377032,47.560543],[-115.377232,47.560269],[-115.377454,47.5602],[-115.377648,47.560221],[-115.377736,47.560346],[-115.377808,47.560596],[-115.377839,47.56114],[-115.377677,47.561667],[-115.377519,47.561975],[-115.377285,47.562386],[-115.377095,47.562652],[-115.377038,47.562948],[-115.377093,47.563185],[-115.377172,47.563349],[-115.377173,47.563486],[-115.377018,47.56364],[-115.376753,47.563848],[-115.376301,47.564152],[-115.375912,47.564699],[-115.375789,47.565224],[-115.375744,47.565556],[-115.375596,47.565962],[-115.37552,47.566372],[-115.37553,47.566684],[-115.375502,47.567072],[-115.375482,47.5672],[-115.375288,47.567373],[-115.374961,47.56757],[-115.374783,47.56769],[-115.374661,47.567814],[-115.374609,47.567939],[-115.374548,47.568075],[-115.374445,47.568228],[-115.374267,47.568344],[-115.373967,47.568496],[-115.373612,47.56864],[-115.373525,47.56874],[-115.373445,47.568859],[-115.373441,47.569021],[-115.373405,47.569186],[-115.373406,47.569341],[-115.373606,47.569523],[-115.373803,47.56972],[-115.374057,47.569847],[-115.374195,47.569914],[-115.374361,47.569928],[-115.374666,47.569971],[-115.375154,47.56996],[-115.37539,47.569923],[-115.375594,47.569818],[-115.37573,47.569712],[-115.375889,47.569503],[-115.375946,47.569343],[-115.37593,47.56914],[-115.375872,47.568952],[-115.375781,47.568777],[-115.37575,47.568693],[-115.375752,47.568528],[-115.375821,47.568433],[-115.376037,47.568362],[-115.376198,47.568336],[-115.376467,47.568314],[-115.376743,47.568269],[-115.377105,47.568199],[-115.377267,47.568091],[-115.377729,47.567787],[-115.378152,47.567576],[-115.378483,47.567367],[-115.378718,47.567182],[-115.379042,47.566956],[-115.379325,47.566763],[-115.379602,47.566551],[-115.379847,47.566483],[-115.380147,47.566374],[-115.38038,47.566129],[-115.380479,47.566031],[-115.380566,47.565795],[-115.380634,47.565569],[-115.380707,47.565306],[-115.380805,47.56517],[-115.381095,47.564814],[-115.381404,47.564496],[-115.381655,47.564194],[-115.38194,47.563795],[-115.38211,47.563497],[-115.382306,47.562998],[-115.382426,47.562615],[-115.382518,47.562242],[-115.382572,47.562],[-115.382623,47.561725],[-115.382687,47.561315],[-115.382769,47.560882],[-115.382842,47.560664],[-115.382988,47.560516],[-115.38341,47.560297],[-115.383637,47.560109],[-115.383724,47.560017],[-115.383837,47.559868],[-115.383951,47.559645],[-115.384076,47.55927],[-115.38413,47.559025],[-115.384124,47.558828],[-115.384068,47.558657],[-115.38405,47.558499],[-115.384139,47.55831],[-115.384334,47.558168],[-115.38461,47.557984],[-115.384798,47.557922],[-115.385291,47.557754],[-115.385573,47.557659],[-115.385849,47.557549],[-115.386092,47.557468],[-115.386392,47.557348],[-115.386724,47.557199],[-115.386959,47.557041],[-115.387145,47.55693],[-115.387351,47.556771],[-115.387551,47.556635],[-115.387785,47.556444],[-115.388048,47.556246],[-115.388267,47.556065],[-115.388436,47.555836],[-115.388524,47.555598],[-115.388583,47.555254],[-115.388623,47.555177],[-115.388783,47.555013],[-115.389012,47.554984],[-115.389317,47.554958],[-115.389544,47.55488],[-115.389764,47.55474],[-115.389829,47.554591],[-115.38991,47.554444],[-115.39005,47.554316],[-115.390358,47.554272],[-115.390599,47.554213],[-115.390883,47.554179],[-115.391004,47.554022],[-115.39111,47.553879],[-115.391392,47.553752],[-115.391822,47.55356],[-115.392358,47.553342],[-115.392893,47.553078],[-115.393224,47.55288],[-115.393483,47.552688],[-115.393712,47.552597],[-115.393923,47.552553],[-115.394277,47.552568],[-115.394553,47.552559],[-115.394812,47.552557],[-115.395032,47.552526],[-115.395243,47.552488],[-115.395516,47.55235],[-115.395665,47.552186],[-115.395664,47.551889],[-115.395616,47.551534],[-115.395549,47.551189],[-115.395519,47.550846],[-115.395528,47.550673],[-115.395512,47.550492],[-115.395537,47.550205],[-115.395586,47.550065],[-115.395715,47.549871],[-115.395858,47.54974],[-115.396006,47.54946],[-115.396079,47.549352],[-115.396134,47.549193],[-115.396218,47.548924],[-115.396275,47.548638],[-115.396289,47.548321],[-115.396308,47.548057],[-115.396282,47.547827],[-115.396248,47.547669],[-115.396211,47.547294],[-115.396152,47.547174],[-115.396087,47.546993],[-115.395885,47.546637],[-115.395726,47.546335],[-115.395466,47.545936],[-115.39532,47.545616],[-115.395117,47.545283],[-115.39493,47.54485],[-115.394884,47.544657],[-115.394843,47.544507],[-115.394664,47.544245],[-115.394537,47.544092],[-115.394365,47.543856],[-115.394295,47.543741],[-115.394173,47.54356],[-115.394041,47.54332],[-115.393897,47.543126],[-115.393848,47.543044],[-115.393807,47.542859],[-115.393857,47.542727],[-115.394084,47.542486],[-115.394102,47.542434],[-115.394117,47.54237],[-115.394156,47.542319],[-115.394204,47.542271],[-115.394305,47.542231],[-115.394415,47.542201],[-115.39448,47.54217],[-115.394548,47.542079],[-115.394622,47.542001],[-115.394647,47.54196],[-115.394668,47.541829],[-115.39468,47.541754],[-115.394634,47.541647],[-115.3946,47.541541],[-115.394565,47.541467],[-115.394518,47.541165],[-115.394509,47.541023],[-115.394496,47.540969],[-115.394449,47.540906],[-115.394424,47.540845],[-115.39443,47.540775],[-115.394445,47.540655],[-115.394436,47.540573],[-115.394412,47.540414],[-115.394405,47.540215],[-115.394389,47.540087],[-115.394368,47.539995],[-115.394521,47.539803],[-115.394717,47.539661],[-115.39492,47.53948],[-115.395003,47.539403],[-115.395062,47.539358],[-115.395126,47.539329],[-115.395226,47.539298],[-115.39528,47.539262],[-115.395322,47.539212],[-115.395365,47.539119],[-115.395455,47.539085],[-115.39554,47.539063],[-115.395588,47.53903],[-115.395663,47.539002],[-115.39573,47.538988],[-115.3958,47.538943],[-115.395822,47.538918],[-115.395844,47.538879],[-115.395834,47.538828],[-115.395877,47.538768],[-115.396181,47.538484],[-115.396297,47.538338],[-115.396374,47.538189],[-115.396471,47.538051],[-115.396515,47.537965],[-115.396511,47.537912],[-115.396528,47.537857],[-115.396592,47.537767],[-115.396678,47.537676],[-115.396758,47.537555],[-115.396849,47.53742],[-115.396933,47.537357],[-115.397016,47.537258],[-115.397049,47.537173],[-115.397088,47.536977],[-115.397179,47.536826],[-115.39727,47.536721],[-115.397356,47.536672],[-115.39746,47.536538],[-115.397789,47.536158],[-115.397977,47.535956],[-115.398081,47.535835],[-115.398209,47.535595],[-115.398282,47.535379],[-115.398315,47.53516],[-115.398324,47.534849],[-115.398284,47.534519],[-115.398229,47.534326],[-115.398335,47.534109],[-115.398446,47.534081],[-115.398623,47.534218],[-115.398826,47.534472],[-115.3989,47.534586],[-115.399111,47.534803],[-115.39932,47.534925],[-115.399594,47.534908],[-115.399659,47.534729],[-115.399635,47.534515],[-115.399523,47.534274],[-115.399449,47.534088],[-115.399303,47.533762],[-115.399248,47.533631],[-115.399442,47.533659],[-115.39983,47.533757],[-115.400017,47.533759],[-115.400326,47.533795],[-115.400422,47.533794],[-115.400675,47.533791],[-115.401004,47.533719],[-115.401435,47.533477],[-115.401639,47.533263],[-115.401817,47.533078],[-115.40205,47.532838],[-115.402309,47.532575],[-115.402561,47.532251],[-115.402781,47.53197],[-115.402836,47.531882],[-115.403063,47.531626],[-115.403127,47.531543],[-115.40334,47.531306],[-115.403551,47.531045],[-115.403663,47.530886],[-115.403866,47.5306],[-115.404026,47.530248],[-115.404069,47.530128],[-115.404151,47.529948],[-115.40414,47.529745],[-115.404068,47.529465],[-115.404107,47.529378],[-115.404248,47.529225],[-115.404474,47.529027],[-115.404864,47.528743],[-115.405079,47.528561],[-115.405228,47.528435],[-115.405363,47.528338],[-115.405511,47.528176],[-115.405769,47.527943],[-115.405875,47.527839],[-115.406101,47.527602],[-115.406297,47.527366],[-115.406602,47.527042],[-115.406716,47.526938],[-115.406889,47.526775],[-115.407016,47.526675],[-115.407292,47.526534],[-115.40752,47.526396],[-115.407767,47.526276],[-115.407917,47.526205],[-115.408189,47.526023],[-115.408305,47.525896],[-115.408346,47.525721],[-115.408231,47.525419],[-115.408174,47.525342],[-115.408039,47.525157],[-115.407932,47.524997],[-115.407834,47.524774],[-115.407731,47.524581],[-115.407715,47.524472],[-115.40768,47.524196],[-115.407708,47.524011],[-115.407706,47.523736],[-115.407716,47.523612],[-115.407762,47.523326],[-115.407773,47.522924],[-115.407829,47.522553],[-115.407887,47.522305],[-115.40791,47.522109],[-115.407933,47.521742],[-115.407962,47.521564],[-115.407966,47.52127],[-115.407936,47.521109],[-115.407912,47.520896],[-115.407885,47.520765],[-115.407846,47.520528],[-115.407869,47.520409],[-115.407896,47.52032],[-115.408074,47.520129],[-115.408195,47.520051],[-115.408429,47.519926],[-115.408592,47.519827],[-115.40885,47.519668],[-115.409036,47.519593],[-115.409384,47.51936],[-115.409513,47.519282],[-115.409764,47.519165],[-115.409983,47.51906],[-115.41018,47.518929],[-115.410364,47.518763],[-115.410297,47.518391],[-115.410338,47.518282],[-115.410494,47.518041],[-115.410779,47.518032],[-115.411054,47.517909],[-115.411245,47.517775],[-115.411421,47.517582],[-115.411544,47.51734],[-115.411821,47.516829],[-115.411957,47.516737],[-115.412136,47.516669],[-115.412254,47.516614],[-115.412354,47.516525],[-115.412427,47.516491],[-115.412663,47.516354],[-115.412766,47.51629],[-115.412818,47.516226],[-115.412846,47.51616],[-115.412896,47.516097],[-115.41297,47.516052],[-115.413018,47.516008],[-115.41306,47.515936],[-115.413113,47.515863],[-115.413188,47.515829],[-115.413342,47.515765],[-115.413528,47.515657],[-115.413617,47.515603],[-115.413681,47.515564],[-115.413735,47.515498],[-115.413811,47.515466],[-115.413881,47.515406],[-115.413971,47.515357],[-115.414055,47.515296],[-115.414278,47.51519],[-115.414651,47.515014],[-115.414782,47.514912],[-115.414859,47.514763],[-115.415108,47.514594],[-115.415351,47.514485],[-115.415701,47.514275],[-115.415904,47.514204],[-115.416144,47.514101],[-115.416343,47.514099],[-115.416534,47.514099],[-115.417092,47.514079],[-115.417562,47.514074],[-115.417852,47.514051],[-115.417965,47.514051],[-115.418233,47.514012],[-115.418582,47.513975],[-115.41902,47.513942],[-115.419593,47.513877],[-115.420209,47.513826],[-115.420758,47.513767],[-115.42113,47.513718],[-115.421286,47.513701],[-115.421648,47.51363],[-115.42177,47.513602],[-115.422047,47.513503],[-115.422559,47.513358],[-115.422941,47.513234],[-115.423065,47.51314],[-115.423364,47.51291],[-115.423654,47.512681],[-115.423742,47.512629],[-115.424182,47.512351],[-115.424379,47.512198],[-115.424501,47.512095],[-115.424589,47.512019],[-115.424794,47.511912],[-115.425033,47.511812],[-115.425186,47.511768],[-115.425708,47.511665],[-115.426025,47.511621],[-115.426226,47.511597],[-115.426593,47.511581],[-115.426819,47.511561],[-115.427275,47.51151],[-115.427481,47.511488],[-115.427841,47.511406],[-115.428059,47.511327],[-115.428311,47.511239],[-115.428472,47.51114],[-115.428739,47.510948],[-115.428832,47.510844],[-115.428975,47.510647],[-115.429207,47.510338],[-115.429322,47.51016],[-115.429442,47.509937],[-115.42961,47.509758],[-115.42984,47.509541],[-115.429978,47.509396],[-115.430183,47.509155],[-115.430356,47.508931],[-115.430467,47.508873],[-115.430689,47.508766],[-115.430951,47.508661],[-115.431204,47.508624],[-115.431533,47.508588],[-115.43192,47.508524],[-115.432063,47.508493],[-115.432329,47.508409],[-115.432596,47.508333],[-115.432927,47.508205],[-115.433202,47.508073],[-115.433463,47.507976],[-115.433658,47.507866],[-115.433949,47.507697],[-115.434135,47.507611],[-115.43456,47.507378],[-115.434844,47.507204],[-115.43509,47.507054],[-115.435389,47.506835],[-115.435676,47.506633],[-115.435929,47.506414],[-115.436069,47.506239],[-115.436205,47.506045],[-115.436384,47.50581],[-115.436544,47.505626],[-115.436849,47.505355],[-115.436954,47.505272],[-115.437115,47.50508],[-115.437198,47.504957],[-115.437375,47.504789],[-115.437617,47.504637],[-115.437846,47.50451],[-115.438021,47.504426],[-115.438353,47.504315],[-115.438638,47.504173],[-115.438986,47.504],[-115.439178,47.503874],[-115.439403,47.503684],[-115.439561,47.503551],[-115.4398,47.503335],[-115.440113,47.503067],[-115.440302,47.502887],[-115.440371,47.502777],[-115.440525,47.502588],[-115.440697,47.502337],[-115.440739,47.502261],[-115.440866,47.502032],[-115.440982,47.501874],[-115.441132,47.501662],[-115.441263,47.501536],[-115.441561,47.501332],[-115.441749,47.501253],[-115.442091,47.501176],[-115.442214,47.501136],[-115.442495,47.501079],[-115.44293,47.501033],[-115.443125,47.501017],[-115.443336,47.500994],[-115.443715,47.500938],[-115.443968,47.500893],[-115.444302,47.500842],[-115.444482,47.500807],[-115.444816,47.500732],[-115.44496,47.500705],[-115.445239,47.50061],[-115.445522,47.500548],[-115.445984,47.500421],[-115.446284,47.500339],[-115.446908,47.50018],[-115.447152,47.500112],[-115.447542,47.500041],[-115.447826,47.499939],[-115.448086,47.499868],[-115.448339,47.499814],[-115.448842,47.499661],[-115.449194,47.49955],[-115.449383,47.499463],[-115.449699,47.499276],[-115.449861,47.499166],[-115.449971,47.499026],[-115.450108,47.498837],[-115.450279,47.498625],[-115.450401,47.498448],[-115.450716,47.498005],[-115.451,47.497784],[-115.451762,47.497242],[-115.451937,47.497104],[-115.452106,47.496946],[-115.452262,47.496815],[-115.452413,47.496611],[-115.452463,47.496474],[-115.452512,47.496298],[-115.452521,47.49616],[-115.452503,47.495963],[-115.452546,47.495771],[-115.452747,47.495503],[-115.452991,47.495289],[-115.453218,47.495071],[-115.453442,47.494862],[-115.453651,47.494702],[-115.453846,47.494522],[-115.454487,47.493881],[-115.454631,47.49375],[-115.454816,47.493594],[-115.454986,47.493443],[-115.455264,47.493178],[-115.455391,47.493004],[-115.455522,47.492837],[-115.4556,47.49263],[-115.455635,47.492438],[-115.455674,47.492137],[-115.455675,47.491966],[-115.455691,47.491676],[-115.4557,47.491467],[-115.455745,47.491253],[-115.45582,47.49098],[-115.455876,47.490831],[-115.455982,47.490512],[-115.45599,47.490261],[-115.455996,47.490091],[-115.455932,47.489778],[-115.45585,47.489592],[-115.455754,47.489421],[-115.455696,47.489344],[-115.455666,47.48922],[-115.455736,47.488905],[-115.455829,47.488647],[-115.455861,47.488533],[-115.455906,47.488292],[-115.455949,47.488094],[-115.45599,47.487809],[-115.456079,47.487375],[-115.456168,47.486944],[-115.456199,47.486566],[-115.456249,47.486219],[-115.456345,47.485632],[-115.456415,47.485386],[-115.456457,47.48526],[-115.456544,47.485058],[-115.456649,47.484876],[-115.456829,47.484633],[-115.456944,47.484536],[-115.457194,47.484273],[-115.457263,47.484135],[-115.457264,47.483887],[-115.457211,47.483703],[-115.457105,47.483522],[-115.456967,47.483339],[-115.456682,47.483082],[-115.456497,47.48288],[-115.456302,47.482733],[-115.45623,47.482594],[-115.456164,47.482408],[-115.456092,47.482342],[-115.455856,47.482157],[-115.455681,47.482042],[-115.455552,47.481903],[-115.455485,47.481711],[-115.455414,47.481652],[-115.455298,47.481592],[-115.455163,47.481513],[-115.455071,47.481383],[-115.455074,47.481295],[-115.45504,47.481138],[-115.454953,47.481087],[-115.454855,47.481048],[-115.454724,47.481],[-115.454603,47.480934],[-115.454546,47.480858],[-115.454539,47.480693],[-115.454577,47.480524],[-115.454588,47.48033],[-115.454577,47.480237],[-115.454516,47.480122],[-115.454385,47.479937],[-115.454231,47.479755],[-115.45415,47.479649],[-115.45406,47.479502],[-115.454027,47.479315],[-115.454028,47.47918],[-115.454075,47.478988],[-115.454236,47.478652],[-115.454327,47.478488],[-115.454328,47.478246],[-115.454286,47.478121],[-115.454191,47.477852],[-115.454132,47.477654],[-115.454148,47.477403],[-115.454191,47.477095],[-115.454223,47.476915],[-115.45422,47.476673],[-115.454223,47.47659],[-115.454179,47.476452],[-115.454094,47.476306],[-115.45398,47.476158],[-115.453873,47.476037],[-115.453807,47.475922],[-115.453775,47.47578],[-115.453736,47.475538],[-115.453736,47.4754],[-115.45375,47.475094],[-115.453767,47.474951],[-115.453848,47.474737],[-115.453939,47.474606],[-115.454122,47.474396],[-115.454317,47.474287],[-115.454594,47.474231],[-115.454796,47.474188],[-115.455047,47.474073],[-115.455198,47.473974],[-115.455367,47.47382],[-115.455498,47.473646],[-115.455661,47.473409],[-115.455766,47.473219],[-115.455911,47.472956],[-115.456096,47.472553],[-115.456176,47.472219],[-115.456224,47.472032],[-115.456232,47.471418],[-115.456232,47.471204],[-115.456159,47.470947],[-115.456009,47.470624],[-115.455863,47.470409],[-115.455577,47.469959],[-115.455368,47.469648],[-115.455199,47.469484]]},"properties":{"kind":"trail","id":"578","name":"DRY-WILKES DIVIDE","bmp":0,"emp":10.4,"mvum_symbol_name":"Trails open to motorcycles, Seasonal","seasonal":"seasonal","motorcycle_datesopen":"05/15-10/15","districtname":"Plains/Thompson Falls Ranger District","trailclass":"TC2 - MODERATELY DEVELOPED"}},{"type":"Feature","geometry":{"type":"LineString","coordinates":[[-114.85981,47.752521],[-114.858332,47.752236],[-114.857626,47.752119],[-114.856784,47.752138],[-114.856356,47.752138],[-114.855326,47.752485],[-114.854377,47.753047],[-114.853903,47.753179],[-114.853706,47.753138],[-114.853567,47.752935],[-114.853702,47.75252],[-114.854019,47.752136],[-114.854343,47.751935],[-114.85456,47.751852],[-114.854736,47.751749],[-114.854846,47.751637],[-114.854826,47.751575],[-114.85464,47.751631],[-114.854469,47.751696],[-114.854242,47.751766],[-114.854022,47.75177],[-114.853469,47.75171],[-114.85302,47.751671],[-114.852654,47.751656],[-114.852419,47.751645],[-114.852042,47.751627],[-114.851777,47.75159],[-114.851567,47.751558],[-114.851288,47.751523],[-114.850907,47.751506],[-114.850514,47.751509],[-114.850189,47.751533],[-114.849893,47.751448],[-114.849667,47.751374],[-114.849342,47.751359],[-114.84895,47.751373],[-114.848461,47.751349],[-114.848099,47.751345],[-114.847829,47.751328],[-114.847491,47.751197],[-114.847334,47.751132],[-114.847169,47.751039],[-114.847006,47.750966],[-114.846881,47.750905],[-114.846648,47.750882],[-114.846447,47.75087],[-114.846165,47.750795],[-114.845699,47.75045],[-114.845451,47.750213],[-114.845198,47.750124],[-114.844993,47.750011],[-114.844792,47.74981],[-114.8446,47.749634],[-114.844148,47.749423],[-114.843876,47.749326],[-114.843598,47.749289],[-114.843065,47.749267],[-114.842562,47.749294],[-114.841976,47.749359],[-114.841556,47.749333],[-114.841231,47.749267],[-114.840702,47.749222],[-114.840079,47.749145],[-114.839509,47.749025],[-114.839194,47.748871],[-114.838976,47.74869],[-114.838844,47.748539],[-114.838727,47.748286],[-114.838617,47.748101],[-114.838498,47.747994],[-114.838359,47.747933],[-114.83816,47.747774],[-114.837945,47.747627],[-114.837709,47.747514],[-114.837499,47.747496],[-114.837259,47.747501],[-114.837004,47.74753],[-114.836822,47.747544],[-114.836619,47.747508],[-114.83637,47.747256],[-114.835966,47.746684],[-114.835718,47.746285],[-114.835144,47.745777],[-114.834561,47.74526],[-114.834035,47.744853],[-114.833435,47.744398],[-114.833004,47.743941],[-114.832699,47.743582],[-114.832274,47.743186],[-114.831842,47.742786],[-114.831672,47.742472],[-114.831518,47.742095],[-114.831282,47.741432],[-114.831161,47.741147],[-114.83115,47.74066],[-114.831207,47.74031],[-114.831138,47.740007],[-114.831254,47.739628],[-114.831266,47.739223],[-114.831281,47.738382],[-114.831277,47.737879],[-114.831202,47.737525],[-114.831099,47.737187],[-114.831094,47.736907],[-114.830942,47.736541],[-114.830814,47.736417],[-114.830598,47.736339],[-114.830472,47.73623],[-114.830223,47.735977],[-114.830134,47.735779],[-114.829819,47.73555],[-114.829429,47.735044],[-114.829037,47.734429],[-114.82875,47.733954],[-114.828686,47.733548],[-114.828608,47.732996],[-114.828616,47.732477],[-114.828778,47.731712],[-114.828588,47.731286],[-114.828522,47.731009],[-114.828622,47.730552],[-114.828985,47.730116],[-114.829747,47.729204],[-114.830011,47.728933],[-114.830586,47.728527],[-114.831321,47.72812],[-114.831689,47.727958],[-114.831912,47.727813],[-114.831893,47.727544],[-114.831922,47.727294],[-114.832147,47.727019],[-114.83232,47.726819],[-114.832418,47.72642],[-114.832654,47.726021],[-114.832881,47.725761],[-114.833335,47.725605],[-114.834063,47.725354],[-114.834473,47.725236],[-114.834952,47.72495],[-114.835393,47.724753],[-114.835877,47.724446],[-114.836198,47.723969],[-114.836474,47.723733],[-114.83649,47.72351],[-114.836532,47.723243],[-114.83664,47.722865],[-114.836702,47.722717],[-114.836855,47.722481],[-114.837289,47.722062],[-114.837578,47.721455],[-114.837663,47.721273],[-114.837725,47.721028],[-114.837669,47.720859],[-114.837628,47.720712],[-114.837635,47.720607],[-114.837761,47.720443],[-114.83786,47.72036],[-114.838025,47.720235],[-114.838058,47.720091],[-114.837959,47.720049],[-114.837515,47.720069],[-114.837168,47.720094],[-114.836931,47.720152],[-114.836664,47.72024],[-114.836264,47.720338],[-114.835395,47.720639],[-114.835169,47.720738],[-114.834849,47.72084],[-114.834167,47.7211],[-114.833885,47.721209],[-114.833689,47.721281],[-114.83326,47.721394],[-114.832983,47.721429],[-114.832699,47.72144],[-114.83252,47.721445],[-114.83204,47.721451],[-114.832007,47.721367],[-114.832079,47.721309],[-114.832171,47.721258],[-114.832291,47.721197],[-114.832697,47.720978],[-114.832642,47.720923],[-114.83255,47.720897],[-114.832428,47.720897],[-114.832301,47.720892],[-114.832154,47.72089],[-114.83178,47.720935],[-114.831599,47.720957],[-114.831251,47.720973],[-114.83112,47.720891],[-114.831128,47.720808],[-114.831221,47.720716],[-114.831342,47.720672],[-114.831464,47.720628],[-114.831586,47.720584],[-114.831755,47.720524],[-114.831976,47.720371],[-114.831965,47.720305],[-114.831829,47.720254],[-114.83169,47.720244],[-114.831518,47.720238],[-114.831363,47.720234],[-114.831176,47.720235],[-114.83087,47.720232],[-114.830747,47.720222],[-114.830552,47.720189],[-114.830357,47.720146],[-114.830201,47.720101],[-114.830033,47.720048],[-114.829471,47.719882],[-114.827993,47.719329],[-114.82797,47.719258],[-114.827983,47.719181],[-114.828007,47.719062],[-114.827984,47.718994],[-114.827903,47.718913],[-114.827822,47.718881],[-114.827661,47.718858],[-114.827473,47.718853],[-114.827276,47.718837],[-114.827153,47.718834],[-114.827018,47.718824],[-114.826838,47.718813],[-114.826734,47.718791],[-114.826547,47.718758],[-114.826426,47.718725],[-114.82628,47.718688],[-114.825622,47.718463],[-114.825393,47.71838],[-114.825148,47.718287],[-114.824928,47.718206],[-114.824644,47.718101],[-114.82428,47.717964],[-114.822116,47.717176],[-114.821498,47.716987],[-114.821305,47.716972],[-114.821158,47.716967],[-114.821028,47.716968],[-114.820825,47.716977],[-114.820705,47.716999],[-114.820517,47.717027],[-114.820393,47.717055],[-114.820239,47.717103],[-114.820111,47.717164],[-114.819997,47.717202],[-114.819835,47.717256],[-114.819641,47.717268],[-114.81952,47.717273],[-114.819281,47.717246],[-114.819175,47.717207],[-114.819029,47.717137],[-114.818931,47.717086],[-114.818818,47.717023],[-114.818705,47.716951],[-114.818608,47.716878],[-114.818533,47.716819],[-114.818454,47.716765],[-114.818322,47.716661],[-114.818159,47.716539],[-114.818094,47.716463],[-114.818015,47.716403],[-114.817933,47.716324],[-114.817818,47.716233],[-114.817754,47.71616],[-114.817698,47.716091],[-114.817624,47.716001],[-114.817552,47.715897],[-114.817469,47.715799],[-114.817388,47.715684],[-114.817284,47.715541],[-114.817193,47.715405],[-114.817136,47.715322],[-114.816868,47.71489],[-114.816707,47.714663],[-114.816518,47.714444],[-114.815149,47.713748],[-114.814646,47.713516],[-114.814263,47.71333],[-114.813813,47.713069],[-114.813588,47.712988],[-114.813388,47.712912],[-114.813232,47.712834],[-114.8131,47.712756],[-114.812818,47.712682],[-114.812524,47.712604],[-114.812288,47.712509],[-114.812184,47.712435],[-114.812128,47.7123],[-114.812074,47.712184]]},"properties":{"kind":"trail","id":"1309","name":"TEPEE CREEK","bmp":0,"emp":5.9,"mvum_symbol_name":"Trails open to motorcycles, Yearlong","seasonal":"yearlong","motorcycle_datesopen":"01/01-12/31","districtname":"Plains/Thompson Falls Ranger District","trailclass":"TC2 - MODERATELY DEVELOPED"}},{"type":"Feature","geometry":{"type":"LineString","coordinates":[[-114.226364,47.0449],[-114.225512,47.045123],[-114.225019,47.045519],[-114.224285,47.046553],[-114.224218,47.04661],[-114.223859,47.046916],[-114.223413,47.04706],[-114.222612,47.047344],[-114.222424,47.047401],[-114.222186,47.047506],[-114.221954,47.047685],[-114.221766,47.048147],[-114.221672,47.048305],[-114.221658,47.04848],[-114.22168,47.048533],[-114.221802,47.048819],[-114.222089,47.0492],[-114.222192,47.049484],[-114.222118,47.049707],[-114.222033,47.049811],[-114.221793,47.049977],[-114.22135,47.049968],[-114.221176,47.049975],[-114.220973,47.050103],[-114.220922,47.050288],[-114.220837,47.05053],[-114.22067,47.050766],[-114.220542,47.050835],[-114.220457,47.050784],[-114.22049,47.050553],[-114.220519,47.050424],[-114.22047,47.050325],[-114.220494,47.05022],[-114.220518,47.050112],[-114.220563,47.049863],[-114.22066,47.049749],[-114.220738,47.049572],[-114.220715,47.049463],[-114.220604,47.049412],[-114.220336,47.049267],[-114.220109,47.048974],[-114.219959,47.048798],[-114.219958,47.048633],[-114.220003,47.048383],[-114.22011,47.048223],[-114.220067,47.048041],[-114.219978,47.047798],[-114.21993,47.047552],[-114.219927,47.047223],[-114.219939,47.046814],[-114.21994,47.046764],[-114.219934,47.046691],[-114.219919,47.046689],[-114.219866,47.046684],[-114.219731,47.046672],[-114.218875,47.046698],[-114.218446,47.046688],[-114.218249,47.046742],[-114.218222,47.046776],[-114.218104,47.046922],[-114.217849,47.047061],[-114.217608,47.047071],[-114.21721,47.047115],[-114.21691,47.04721],[-114.216719,47.047328],[-114.216519,47.047492],[-114.216291,47.047639],[-114.216138,47.047728],[-114.215917,47.04781],[-114.215726,47.047772],[-114.215622,47.047657],[-114.215541,47.047496],[-114.215418,47.047317],[-114.215243,47.047093],[-114.215175,47.046998],[-114.215036,47.046948],[-114.21493,47.046952],[-114.214914,47.047072],[-114.215049,47.047388],[-114.215125,47.04765],[-114.215157,47.048006],[-114.215264,47.048304],[-114.215453,47.04848],[-114.215727,47.048542],[-114.216214,47.048493],[-114.2165,47.048394],[-114.216606,47.048357],[-114.216869,47.048321],[-114.21709,47.048425],[-114.217059,47.048596],[-114.21687,47.048733],[-114.217058,47.048941],[-114.21713,47.049078],[-114.217159,47.049272],[-114.217186,47.049436],[-114.217146,47.049627],[-114.217058,47.049853],[-114.21696,47.050017],[-114.216689,47.050275],[-114.216432,47.050406],[-114.216109,47.05067],[-114.216,47.050889],[-114.215829,47.051184],[-114.215638,47.051337],[-114.215325,47.051482],[-114.214906,47.0517],[-114.214432,47.051975],[-114.213866,47.052391],[-114.213263,47.05271],[-114.213031,47.052951],[-114.212982,47.053074],[-114.212952,47.053237],[-114.212953,47.053467],[-114.212886,47.053665],[-114.212823,47.053825],[-114.21268,47.053979],[-114.212399,47.054251],[-114.212196,47.05451],[-114.211971,47.054733],[-114.211741,47.054905],[-114.211331,47.055218],[-114.211008,47.055526],[-114.210784,47.055859],[-114.210754,47.056022],[-114.210672,47.05632],[-114.210554,47.056709],[-114.210264,47.057389],[-114.210143,47.057844],[-114.210127,47.058207],[-114.210129,47.05854],[-114.210255,47.058974],[-114.210329,47.059309],[-114.210448,47.059524],[-114.210539,47.059594],[-114.210769,47.059692],[-114.210988,47.059713],[-114.211422,47.059714],[-114.211959,47.059654],[-114.212352,47.059506],[-114.212865,47.059166],[-114.213372,47.058903],[-114.213787,47.05882],[-114.214267,47.058797],[-114.214855,47.058803],[-114.21541,47.058715],[-114.2163,47.058551],[-114.21687,47.058506],[-114.217126,47.058528],[-114.217342,47.058571],[-114.217544,47.058665],[-114.217737,47.058802],[-114.217833,47.058939],[-114.217856,47.0591],[-114.217824,47.059285],[-114.217609,47.059953],[-114.217506,47.060414],[-114.21744,47.061177],[-114.217447,47.061622],[-114.217496,47.062081],[-114.217488,47.062219],[-114.217432,47.06235],[-114.217049,47.062844],[-114.216902,47.06313],[-114.216839,47.06338],[-114.216809,47.063722],[-114.216871,47.064055],[-114.216954,47.0644],[-114.217136,47.064912],[-114.217313,47.065558],[-114.217472,47.066067]]},"properties":{"kind":"trail","id":"42","name":"EDITH PEAK","bmp":0,"emp":3.251,"mvum_symbol_name":"Trails open to vehicles 50\" or less in width, Yearlong","seasonal":"yearlong","atv_datesopen":"01/01-12/31","motorcycle_datesopen":"01/01-12/31","otherwheeled_ohv_datesopen":"01/01-12/31","tracked_ohv_lt50_datesopen":"01/01-12/31","other_ohv_lt50_datesopen":"01/01-12/31","districtname":"Ninemile Ranger District","trailclass":"TC2 - MODERATELY DEVELOPED"}},{"type":"Feature","geometry":{"type":"LineString","coordinates":[[-115.7057,47.573415],[-115.705718,47.573215],[-115.705635,47.573003],[-115.705522,47.572756],[-115.705589,47.572678],[-115.705634,47.572625],[-115.706049,47.572535],[-115.706263,47.572418],[-115.70626,47.572274],[-115.70606,47.572141],[-115.705788,47.572002],[-115.705767,47.571946],[-115.705849,47.571912],[-115.706147,47.571916],[-115.70642,47.571949],[-115.706665,47.571946],[-115.706828,47.571946],[-115.707118,47.571856],[-115.707322,47.571727],[-115.707468,47.571623],[-115.707663,47.571582],[-115.70821,47.571467],[-115.708787,47.571293],[-115.709377,47.571094],[-115.709767,47.570952],[-115.710255,47.570821],[-115.710788,47.570687],[-115.711314,47.570497],[-115.711759,47.570305],[-115.712173,47.570096],[-115.712472,47.569766],[-115.712519,47.569721]]},"properties":{"kind":"trail","id":"522-A","name":"BLOSSOM LAKE HORSE CUTOFF","bmp":0,"emp":0.39790000000000003,"mvum_symbol_name":"Trails open to motorcycles, Yearlong","seasonal":"yearlong","motorcycle_datesopen":"01/01-12/31","districtname":"Plains/Thompson Falls Ranger District","trailclass":"TC3 - DEVELOPED"}},{"type":"Feature","geometry":{"type":"LineString","coordinates":[[-115.073484,47.44883],[-115.073322,47.449072],[-115.073171,47.44922],[-115.073022,47.449273],[-115.072636,47.449313],[-115.072078,47.449307],[-115.07279,47.449978],[-115.072999,47.450287],[-115.073254,47.450579],[-115.073426,47.450777],[-115.073557,47.45099],[-115.073904,47.45132],[-115.074212,47.451639],[-115.074472,47.451874],[-115.074714,47.452132],[-115.075087,47.452408],[-115.075509,47.452681],[-115.07587,47.452911],[-115.076502,47.453186],[-115.077132,47.45354],[-115.077553,47.453772],[-115.077838,47.453937],[-115.078077,47.454129],[-115.078279,47.45432],[-115.078509,47.45454],[-115.078669,47.454675],[-115.078976,47.454814],[-115.079638,47.455059],[-115.080189,47.455291],[-115.08069,47.455509],[-115.081265,47.455767],[-115.081524,47.455922],[-115.081829,47.456086],[-115.082317,47.456249],[-115.082939,47.456381],[-115.08365,47.456399],[-115.084378,47.45639],[-115.08516,47.456391],[-115.08567,47.45638],[-115.086212,47.456447],[-115.086925,47.456594],[-115.087489,47.456721],[-115.088072,47.456907],[-115.088596,47.457032],[-115.089174,47.457208],[-115.089901,47.457412],[-115.090184,47.45748],[-115.090888,47.457509],[-115.09226,47.457574],[-115.092909,47.457612],[-115.093312,47.457595],[-115.093741,47.457513],[-115.094605,47.45732],[-115.095713,47.456958],[-115.096199,47.456839],[-115.096464,47.456851],[-115.096683,47.456892],[-115.096884,47.457069],[-115.097272,47.457369],[-115.097533,47.457491],[-115.098017,47.457544],[-115.098178,47.457616],[-115.098324,47.457728],[-115.098445,47.457766],[-115.098876,47.457736],[-115.099861,47.457776],[-115.100506,47.457786],[-115.101496,47.457829],[-115.101889,47.457819]]},"properties":{"kind":"trail","id":"398","name":"DEE CREEK","bmp":0,"emp":1.8,"mvum_symbol_name":"Trails open to motorcycles, Yearlong","seasonal":"yearlong","motorcycle_datesopen":"01/01-12/31","districtname":"Plains/Thompson Falls Ranger District","trailclass":"TC2 - MODERATELY DEVELOPED"}},{"type":"Feature","geometry":{"type":"LineString","coordinates":[[-114.124479,46.813392],[-114.124659,46.813449],[-114.124997,46.81347],[-114.125296,46.813516],[-114.125578,46.813574],[-114.125881,46.813675],[-114.126007,46.813697],[-114.126041,46.813703],[-114.126271,46.813678],[-114.126537,46.813609],[-114.126949,46.813565],[-114.127282,46.813524],[-114.127486,46.813521],[-114.127758,46.813521],[-114.127896,46.81352],[-114.129541,46.8142],[-114.130572,46.814334],[-114.131686,46.814356],[-114.132245,46.814246],[-114.132544,46.814091],[-114.132919,46.813951],[-114.133288,46.813858],[-114.133514,46.813726],[-114.133624,46.813398],[-114.133567,46.812759],[-114.133692,46.812482],[-114.134002,46.81208],[-114.134252,46.811627],[-114.134364,46.811351],[-114.134469,46.811156],[-114.134534,46.811027],[-114.134556,46.811004],[-114.134619,46.811016],[-114.134682,46.811106],[-114.134716,46.811189],[-114.134716,46.811386],[-114.13475,46.811617],[-114.134748,46.811811],[-114.13462,46.812181],[-114.13456,46.81231],[-114.134529,46.812476],[-114.134582,46.812544],[-114.134677,46.812506],[-114.134769,46.812437],[-114.134982,46.812321],[-114.135164,46.812159],[-114.135418,46.811947],[-114.136248,46.811713],[-114.136985,46.811531],[-114.137492,46.811456],[-114.138842,46.811298],[-114.140032,46.811106],[-114.14123,46.810939],[-114.141284,46.810839],[-114.141014,46.810807],[-114.140097,46.810758],[-114.138822,46.810767],[-114.137949,46.810683],[-114.137831,46.810591],[-114.137948,46.810478],[-114.138624,46.810054],[-114.1388,46.80982],[-114.139039,46.809609],[-114.139378,46.809362],[-114.139748,46.8092],[-114.140071,46.809181],[-114.140392,46.809234],[-114.14065,46.809236],[-114.140883,46.809174],[-114.141226,46.808998],[-114.141645,46.808788],[-114.141901,46.808696],[-114.142134,46.808626],[-114.142344,46.80857],[-114.14403,46.808555],[-114.145809,46.808558],[-114.146437,46.808544],[-114.146604,46.808472],[-114.146408,46.808394],[-114.145933,46.808359],[-114.145537,46.808242],[-114.145615,46.808134],[-114.146261,46.808082],[-114.146665,46.808019],[-114.147067,46.80797],[-114.147313,46.807953],[-114.147512,46.807981],[-114.147655,46.808024],[-114.147757,46.808037],[-114.147864,46.808039],[-114.148956,46.808192],[-114.149835,46.80834],[-114.150286,46.808462],[-114.150652,46.808512],[-114.150791,46.808474],[-114.150704,46.80838],[-114.150417,46.808154],[-114.150454,46.808034],[-114.150508,46.807935],[-114.150673,46.807869],[-114.151107,46.807852],[-114.151501,46.807866],[-114.151797,46.807917],[-114.151958,46.807976],[-114.152159,46.80799],[-114.152305,46.807962],[-114.152426,46.807951],[-114.152577,46.807962],[-114.152742,46.808009],[-114.152876,46.808082],[-114.153068,46.808168],[-114.153314,46.808201],[-114.153684,46.808183],[-114.154055,46.808168],[-114.154547,46.808123],[-114.154979,46.808119],[-114.155202,46.808162],[-114.155364,46.808219],[-114.155577,46.808375],[-114.155861,46.808465],[-114.156029,46.808485],[-114.156187,46.808482],[-114.156313,46.808501],[-114.156417,46.808549],[-114.156571,46.808672],[-114.156846,46.808795],[-114.157209,46.808874],[-114.1576,46.808913],[-114.157908,46.808906],[-114.158037,46.808916],[-114.158163,46.808936],[-114.158367,46.808986],[-114.158829,46.809052],[-114.159095,46.809053],[-114.15924,46.808999],[-114.159406,46.808839],[-114.159596,46.808645],[-114.159693,46.808492],[-114.159878,46.808284],[-114.159933,46.808228],[-114.160029,46.808175],[-114.160123,46.808103],[-114.160182,46.808014],[-114.160315,46.807969],[-114.160444,46.807983],[-114.160583,46.80806],[-114.160662,46.808142],[-114.160697,46.80822],[-114.160809,46.808336],[-114.161035,46.808481],[-114.161146,46.808556],[-114.161269,46.808653],[-114.161423,46.808745],[-114.161535,46.80883],[-114.161601,46.808908],[-114.161712,46.808994],[-114.161957,46.809153],[-114.162169,46.809231],[-114.162303,46.809294],[-114.162404,46.809361],[-114.162606,46.809515],[-114.163027,46.809717],[-114.163154,46.809789],[-114.16328,46.809866],[-114.163464,46.809956],[-114.163701,46.810061],[-114.164013,46.810188],[-114.16418,46.810242],[-114.164309,46.81033],[-114.164411,46.810487],[-114.16444,46.810594],[-114.164522,46.810681],[-114.164643,46.810735],[-114.164755,46.810816],[-114.164828,46.810915],[-114.164963,46.811047],[-114.165123,46.811129],[-114.165488,46.811237],[-114.165988,46.811324],[-114.166145,46.811363],[-114.16645,46.811439],[-114.166953,46.811567],[-114.167199,46.811666],[-114.167394,46.811758],[-114.167481,46.811826],[-114.167613,46.811943],[-114.167825,46.812026],[-114.168062,46.812064],[-114.168242,46.812121],[-114.168416,46.812209],[-114.168621,46.812242],[-114.168805,46.812227],[-114.168974,46.812208],[-114.169253,46.812212],[-114.169551,46.812249],[-114.169829,46.812305],[-114.17006,46.812322],[-114.170312,46.812322],[-114.170475,46.81231],[-114.170604,46.812277],[-114.170713,46.812294],[-114.17084,46.812374],[-114.170924,46.812399],[-114.170997,46.812421],[-114.171218,46.812438],[-114.171567,46.812428],[-114.171799,46.812406],[-114.172039,46.812447],[-114.172239,46.812481],[-114.172488,46.812504],[-114.172743,46.812501],[-114.173045,46.812512],[-114.173335,46.812543],[-114.173617,46.812587],[-114.173908,46.812638],[-114.174243,46.812665],[-114.174625,46.812699],[-114.174973,46.812747],[-114.17517,46.812748],[-114.175422,46.812741],[-114.175565,46.812729],[-114.175663,46.812733],[-114.175748,46.812763],[-114.175879,46.812843],[-114.176022,46.812905],[-114.176225,46.812958],[-114.176389,46.81303],[-114.176524,46.81313],[-114.176845,46.813331],[-114.177215,46.813527],[-114.177472,46.813681],[-114.177647,46.813759],[-114.177816,46.813859],[-114.177942,46.813901],[-114.178104,46.813905],[-114.178253,46.813874],[-114.178434,46.81388],[-114.178602,46.813926],[-114.178766,46.814012],[-114.17892,46.814086],[-114.179058,46.814157],[-114.179182,46.814197],[-114.179337,46.814244],[-114.179461,46.814297],[-114.179503,46.814397],[-114.179532,46.814533],[-114.179629,46.814688],[-114.179767,46.814809],[-114.179874,46.814934],[-114.179962,46.815115],[-114.179974,46.8153],[-114.179956,46.81546],[-114.179961,46.8155],[-114.179998,46.815533],[-114.18006,46.815547],[-114.180265,46.815473],[-114.180401,46.815423],[-114.180707,46.815309],[-114.180871,46.815256],[-114.181047,46.815215],[-114.181157,46.815194],[-114.181327,46.815171],[-114.181487,46.815169],[-114.181606,46.815159]]},"properties":{"kind":"trail","id":"6.05","name":"BLUE MOUNTAIN LOOKOUT MC","bmp":0,"emp":3.89,"mvum_symbol_name":"Trails open to motorcycles, Seasonal","seasonal":"seasonal","motorcycle_datesopen":"05/01-11/30","districtname":"Missoula Ranger District","trailclass":"TC4 - HIGHLY DEVELOPED"}},{"type":"Feature","geometry":{"type":"LineString","coordinates":[[-114.125161,46.821652],[-114.124865,46.821657],[-114.124492,46.821709],[-114.124206,46.821821],[-114.123843,46.821853],[-114.123549,46.821844],[-114.123318,46.821795],[-114.12316,46.821705],[-114.12293,46.821523],[-114.122787,46.821332],[-114.122658,46.821059],[-114.122572,46.820901],[-114.122522,46.820698],[-114.122491,46.820477],[-114.122407,46.820239],[-114.122291,46.820102],[-114.122137,46.819946],[-114.122112,46.819834],[-114.121979,46.819779],[-114.12184,46.819787],[-114.121724,46.819696],[-114.121573,46.819574],[-114.121458,46.819497],[-114.121077,46.819301],[-114.120783,46.819176],[-114.120481,46.8191],[-114.120159,46.819003],[-114.119854,46.818885],[-114.119156,46.81869],[-114.118129,46.818316],[-114.117294,46.817921],[-114.117014,46.817738],[-114.116811,46.817615],[-114.116786,46.817547],[-114.116828,46.817514],[-114.116897,46.817493],[-114.117048,46.817491],[-114.117184,46.817485],[-114.117396,46.817487],[-114.117562,46.81748],[-114.117698,46.817471],[-114.117844,46.817476],[-114.117936,46.817427],[-114.11785,46.817372],[-114.117707,46.817343],[-114.117505,46.817282],[-114.11733,46.817251],[-114.117166,46.817219],[-114.117024,46.817208],[-114.116908,46.817209],[-114.116815,46.817185],[-114.116701,46.817145],[-114.116611,46.817103],[-114.116583,46.817009],[-114.11657,46.816952],[-114.116555,46.816912],[-114.116617,46.81683],[-114.116615,46.816782],[-114.116618,46.816766],[-114.116621,46.816748],[-114.116638,46.816711],[-114.116679,46.816671],[-114.116732,46.816639],[-114.116813,46.816601],[-114.116852,46.816578],[-114.116873,46.816553],[-114.116897,46.816522],[-114.116909,46.816487],[-114.116909,46.816451],[-114.116906,46.816423],[-114.116896,46.816405],[-114.116864,46.816378],[-114.116831,46.816362],[-114.116768,46.816346],[-114.116697,46.816337],[-114.116555,46.816321],[-114.116324,46.816286],[-114.116177,46.81625],[-114.116021,46.816194],[-114.11567,46.816069],[-114.115602,46.816034],[-114.115671,46.816003],[-114.115751,46.815988],[-114.115849,46.815972],[-114.115928,46.815962],[-114.116129,46.815958],[-114.116316,46.815961],[-114.116416,46.815967],[-114.116535,46.815984],[-114.116706,46.816005],[-114.11676,46.816011],[-114.116845,46.816022],[-114.116986,46.816026],[-114.11723,46.816023],[-114.117232,46.816023],[-114.117264,46.816023],[-114.117377,46.816018],[-114.11739,46.816017],[-114.117432,46.816012],[-114.117484,46.815998],[-114.117532,46.815974],[-114.117578,46.815938],[-114.117617,46.815918],[-114.117666,46.815904],[-114.117772,46.815882],[-114.117821,46.815874],[-114.117862,46.815874],[-114.117916,46.815882],[-114.118003,46.815906],[-114.118478,46.816096],[-114.118545,46.816121],[-114.118592,46.81613],[-114.118639,46.816132],[-114.11873,46.816128],[-114.118974,46.816114],[-114.119072,46.8161],[-114.119173,46.816078],[-114.119611,46.816],[-114.119946,46.815912],[-114.120127,46.815875],[-114.120225,46.815861],[-114.120326,46.815848],[-114.120443,46.815846],[-114.120495,46.815847],[-114.120654,46.815851],[-114.120762,46.815847],[-114.120878,46.815836],[-114.121052,46.815813],[-114.121173,46.8158],[-114.121421,46.815784],[-114.12155,46.81578],[-114.121616,46.815778],[-114.121714,46.815779],[-114.121807,46.81578],[-114.122056,46.81579],[-114.122156,46.8158],[-114.122235,46.815812],[-114.122379,46.815833],[-114.122532,46.815849],[-114.122673,46.815856],[-114.122754,46.815848],[-114.122852,46.81583],[-114.123059,46.815782],[-114.123546,46.815629],[-114.123673,46.815575],[-114.123783,46.815527],[-114.123917,46.815486],[-114.124094,46.815439],[-114.12423,46.815421],[-114.124339,46.815398],[-114.124385,46.815385],[-114.124424,46.815367],[-114.124444,46.815354],[-114.124454,46.815336],[-114.124453,46.815326],[-114.12444,46.815316],[-114.124402,46.815308],[-114.124363,46.815305],[-114.124299,46.815306],[-114.124168,46.815311],[-114.124097,46.815308],[-114.124035,46.8153],[-114.12397,46.815285],[-114.123931,46.81527],[-114.123885,46.815252],[-114.123799,46.815202],[-114.123739,46.815152],[-114.123716,46.815123],[-114.123699,46.815095],[-114.123691,46.815069],[-114.123694,46.815043],[-114.123707,46.815018],[-114.123746,46.814995],[-114.123817,46.814974],[-114.123911,46.814944],[-114.124201,46.814844],[-114.124263,46.814819],[-114.124291,46.814799],[-114.124299,46.814794],[-114.124331,46.814756],[-114.124345,46.814715],[-114.124347,46.814671],[-114.124346,46.814658],[-114.124325,46.814415],[-114.124333,46.814372],[-114.124358,46.814331],[-114.124432,46.81423],[-114.124453,46.814203],[-114.12446,46.814156],[-114.124473,46.814096],[-114.124495,46.814045],[-114.124535,46.813999],[-114.124619,46.813925],[-114.124629,46.813912],[-114.124656,46.813875],[-114.124673,46.813835],[-114.124679,46.813806],[-114.124679,46.813774],[-114.124673,46.813736],[-114.124656,46.813707],[-114.124621,46.813672],[-114.124556,46.813636],[-114.124555,46.813636],[-114.124513,46.813608],[-114.124477,46.813567],[-114.124453,46.813532],[-114.124445,46.813496],[-114.124452,46.813448],[-114.124479,46.813392],[-114.124442,46.813328],[-114.124314,46.813202],[-114.124176,46.813096],[-114.124068,46.813026],[-114.123944,46.812948],[-114.12389,46.8129],[-114.123889,46.812882],[-114.123895,46.812858],[-114.123929,46.812808],[-114.123982,46.81278],[-114.124012,46.812759],[-114.124036,46.81273],[-114.12404,46.812699],[-114.12403,46.812662],[-114.124013,46.812624],[-114.123996,46.812605],[-114.123966,46.812594],[-114.123937,46.812591],[-114.123902,46.812597],[-114.123851,46.812611],[-114.123806,46.812635],[-114.12374,46.812657],[-114.123639,46.812673],[-114.123532,46.812688],[-114.123518,46.812691],[-114.123381,46.812704],[-114.123049,46.812761],[-114.122987,46.812767],[-114.122694,46.812778],[-114.122402,46.812758],[-114.122264,46.812739],[-114.121841,46.81268],[-114.121643,46.81266],[-114.121032,46.812629],[-114.120797,46.81261],[-114.120681,46.812597],[-114.120607,46.812588],[-114.120542,46.812572],[-114.120487,46.812552],[-114.12039,46.812504],[-114.120378,46.812498],[-114.120336,46.812476],[-114.120099,46.812355],[-114.120037,46.812307],[-114.12003,46.812302],[-114.119962,46.812254],[-114.119907,46.81223],[-114.119873,46.812224],[-114.119833,46.812217],[-114.119663,46.81219],[-114.119461,46.812146],[-114.119234,46.812089],[-114.11922,46.812085],[-114.119168,46.812068],[-114.119017,46.812019],[-114.118711,46.811927],[-114.118617,46.811887],[-114.118538,46.81183],[-114.118488,46.811786],[-114.118459,46.811744],[-114.118448,46.811729],[-114.118434,46.811674],[-114.118416,46.811632],[-114.118357,46.811594],[-114.118267,46.811564],[-114.118044,46.81151],[-114.117925,46.811495],[-114.117816,46.811492],[-114.117696,46.811495],[-114.117586,46.811505],[-114.117474,46.811524],[-114.117229,46.811575],[-114.117227,46.811576],[-114.117197,46.81158],[-114.116917,46.811615],[-114.116757,46.811629],[-114.116668,46.811644],[-114.11663,46.81165],[-114.116525,46.811679],[-114.116446,46.811716],[-114.116285,46.811813],[-114.116189,46.811859],[-114.116097,46.811907],[-114.115992,46.811943],[-114.115926,46.81196],[-114.115871,46.811968],[-114.115804,46.811969],[-114.115695,46.811959],[-114.115452,46.811929],[-114.115388,46.811924],[-114.115346,46.811921],[-114.115246,46.811917],[-114.115147,46.811923],[-114.115075,46.811932],[-114.114998,46.811957],[-114.114951,46.811976],[-114.114918,46.811988],[-114.114899,46.811996],[-114.114838,46.812032],[-114.114786,46.812074],[-114.11471,46.812114],[-114.114662,46.812126],[-114.114624,46.812133],[-114.11457,46.812151],[-114.114522,46.812171],[-114.114483,46.812193],[-114.114444,46.812219],[-114.11439,46.812235],[-114.114289,46.812253],[-114.114229,46.812263],[-114.114128,46.81228],[-114.114093,46.812281],[-114.113901,46.812289],[-114.113619,46.812311],[-114.113593,46.812314],[-114.113479,46.812318],[-114.1134,46.812317],[-114.113323,46.812302],[-114.113049,46.812221],[-114.112963,46.812206],[-114.112911,46.812197],[-114.112901,46.812195],[-114.112867,46.812196],[-114.112851,46.812197],[-114.112782,46.812212],[-114.11271,46.812223],[-114.112652,46.812227],[-114.112582,46.812226],[-114.112494,46.812221],[-114.112419,46.812204],[-114.112337,46.812174],[-114.112237,46.812123],[-114.111575,46.811678],[-114.111544,46.811645],[-114.111466,46.81156],[-114.111375,46.811496],[-114.111254,46.811412],[-114.111072,46.81133],[-114.111065,46.811327],[-114.110387,46.811025],[-114.110237,46.810952],[-114.110102,46.810885],[-114.110039,46.810855],[-114.109969,46.810813],[-114.10996,46.810807],[-114.109768,46.810691],[-114.109668,46.810615],[-114.109571,46.810518],[-114.109529,46.810462],[-114.109497,46.810395],[-114.109459,46.810304],[-114.109447,46.810222],[-114.109436,46.810128],[-114.109442,46.810064],[-114.109472,46.809976],[-114.10948,46.809961],[-114.109518,46.80989],[-114.109525,46.809877],[-114.109608,46.80979],[-114.109726,46.809697],[-114.109914,46.809566],[-114.110043,46.809501],[-114.110204,46.809434],[-114.110286,46.809407],[-114.110329,46.809387],[-114.110371,46.809367],[-114.110459,46.809311],[-114.110484,46.809292],[-114.110502,46.809277],[-114.110528,46.809256],[-114.110578,46.809198],[-114.110625,46.809132],[-114.110646,46.809062],[-114.110658,46.809001],[-114.110665,46.808953],[-114.110655,46.808885],[-114.110619,46.808741],[-114.110534,46.808477],[-114.110501,46.808426],[-114.110467,46.808389],[-114.110398,46.808335],[-114.110314,46.808309],[-114.110244,46.808298],[-114.110188,46.808295],[-114.110102,46.808306],[-114.110013,46.808324],[-114.109892,46.808372],[-114.109792,46.808416],[-114.10969,46.808482],[-114.10947,46.808637],[-114.109336,46.808769],[-114.109251,46.808882],[-114.109216,46.808909],[-114.109186,46.808925],[-114.109151,46.808929],[-114.109103,46.808928],[-114.10903,46.808931],[-114.108994,46.808954],[-114.108975,46.808979],[-114.108958,46.80902],[-114.10895,46.809059],[-114.108966,46.809118],[-114.109018,46.809197],[-114.109046,46.809251],[-114.109068,46.809292],[-114.109224,46.809613],[-114.109441,46.810177]]},"properties":{"kind":"trail","id":"6.02","name":"BLUE MTN M/C DEADMAN RIDGE","bmp":0,"emp":2.614,"mvum_symbol_name":"Trails open to motorcycles, Seasonal","seasonal":"seasonal","motorcycle_datesopen":"05/01-11/30","districtname":"Missoula Ranger District","trailclass":"TC4 - HIGHLY DEVELOPED"}},{"type":"Feature","geometry":{"type":"LineString","coordinates":[[-115.063385,47.455637],[-115.063591,47.455584],[-115.063877,47.455489],[-115.064058,47.455444],[-115.064174,47.4554],[-115.06454,47.45526],[-115.064978,47.455119],[-115.065244,47.454918],[-115.065171,47.454445],[-115.065689,47.452446],[-115.065801,47.451897],[-115.065886,47.451548],[-115.065901,47.451235],[-115.065991,47.450934],[-115.066148,47.450581],[-115.06645,47.450221],[-115.066812,47.449973],[-115.067213,47.449641],[-115.068084,47.449386],[-115.068996,47.449292],[-115.069561,47.449133],[-115.070078,47.448977],[-115.070624,47.448868],[-115.07092,47.448836],[-115.071575,47.448812],[-115.071765,47.448768],[-115.071958,47.448683],[-115.072054,47.448605],[-115.072205,47.448533],[-115.072333,47.448541],[-115.072497,47.448549],[-115.072668,47.448519],[-115.072794,47.448435],[-115.07293,47.448399],[-115.073079,47.448346],[-115.073167,47.448309],[-115.073196,47.448364],[-115.07318,47.448432],[-115.073184,47.448508],[-115.073206,47.448609],[-115.073277,47.448676],[-115.073484,47.44883],[-115.074221,47.448219],[-115.074618,47.447935],[-115.074778,47.447852],[-115.074913,47.447754],[-115.074991,47.447614],[-115.075022,47.447478],[-115.0751,47.447319],[-115.075199,47.44723],[-115.07533,47.447173],[-115.075435,47.447113],[-115.075491,47.446994],[-115.075616,47.446801],[-115.075816,47.44657],[-115.075913,47.446363],[-115.076012,47.446202],[-115.076135,47.446051],[-115.07633,47.445901],[-115.076857,47.445672],[-115.077195,47.445535],[-115.077761,47.445288],[-115.078351,47.445033],[-115.078586,47.444928],[-115.078839,47.444853],[-115.079027,47.444785],[-115.079169,47.444725],[-115.079245,47.444669],[-115.079592,47.444511],[-115.079748,47.444462],[-115.079982,47.444472],[-115.080339,47.444487],[-115.080668,47.444476],[-115.080939,47.444463],[-115.08109,47.444428],[-115.081292,47.444359],[-115.081599,47.444292],[-115.081761,47.444248],[-115.081879,47.444199],[-115.082096,47.444126],[-115.082417,47.444041],[-115.082592,47.443925],[-115.082771,47.443769],[-115.082854,47.443628],[-115.082877,47.443517],[-115.083033,47.443073],[-115.083468,47.44254],[-115.083682,47.442316],[-115.084302,47.441737],[-115.084558,47.441588],[-115.084734,47.441556],[-115.08492,47.441494],[-115.085062,47.441463],[-115.085281,47.441462],[-115.086216,47.441524],[-115.086448,47.44157],[-115.086807,47.441665],[-115.087094,47.441764],[-115.087304,47.441829],[-115.087535,47.441895],[-115.088209,47.441998],[-115.088908,47.442182],[-115.089553,47.442348],[-115.090232,47.44256],[-115.091421,47.442884],[-115.091874,47.442994],[-115.092728,47.443175],[-115.093491,47.443339],[-115.094542,47.443623],[-115.09479,47.443671],[-115.09539,47.443673],[-115.096002,47.44375],[-115.09649,47.443765],[-115.09733,47.443814],[-115.097597,47.443854],[-115.09754,47.443963],[-115.097394,47.444034],[-115.097428,47.444131],[-115.097788,47.444166],[-115.098657,47.444143],[-115.098907,47.444125],[-115.09926,47.444056],[-115.099746,47.443977],[-115.100144,47.443911],[-115.100837,47.443726],[-115.101216,47.443666],[-115.101564,47.443589],[-115.101929,47.443478],[-115.102486,47.443341],[-115.1034,47.443051],[-115.103909,47.442848],[-115.10445,47.442637],[-115.104836,47.442456],[-115.105362,47.442222],[-115.106017,47.441904],[-115.106495,47.44171],[-115.107237,47.441366],[-115.107938,47.44103],[-115.108399,47.440867],[-115.108619,47.440796],[-115.108828,47.440711],[-115.109104,47.440486],[-115.109443,47.440247],[-115.109861,47.439905],[-115.110259,47.439649],[-115.110501,47.439483],[-115.110831,47.439308],[-115.111155,47.439188],[-115.111601,47.439122],[-115.111907,47.439099],[-115.112189,47.439121],[-115.112683,47.439231],[-115.113174,47.439361],[-115.113765,47.439547],[-115.115131,47.440085],[-115.116299,47.44049],[-115.116759,47.440702],[-115.117031,47.440776],[-115.117294,47.440928],[-115.117633,47.441146],[-115.117792,47.441235],[-115.118042,47.441453],[-115.118271,47.441527],[-115.118472,47.441596],[-115.118891,47.441647],[-115.119353,47.441651],[-115.119636,47.441679],[-115.119879,47.441761],[-115.120161,47.441931],[-115.120429,47.441967],[-115.120826,47.441988],[-115.120978,47.441984],[-115.121148,47.441907],[-115.121317,47.441851],[-115.12163,47.441841],[-115.121988,47.441822],[-115.122493,47.441759],[-115.123178,47.441623],[-115.123955,47.441458],[-115.124223,47.44132],[-115.124824,47.440994],[-115.125215,47.440763],[-115.125555,47.440526],[-115.125909,47.440346],[-115.126024,47.440286],[-115.12625,47.440168],[-115.126636,47.439954],[-115.126815,47.439772],[-115.126976,47.439492],[-115.127057,47.439229],[-115.12721,47.438988],[-115.127439,47.438856],[-115.128028,47.438643],[-115.128407,47.438584],[-115.128981,47.438533],[-115.129815,47.438413],[-115.130451,47.438305],[-115.131237,47.438222],[-115.131649,47.438246],[-115.132257,47.43795],[-115.132693,47.437664],[-115.133169,47.437572],[-115.133864,47.437478],[-115.134642,47.437286],[-115.135124,47.437363],[-115.135757,47.437682],[-115.136449,47.438016],[-115.137082,47.438208],[-115.137694,47.438406],[-115.138003,47.43849],[-115.138229,47.438632],[-115.138487,47.438697],[-115.139053,47.438757],[-115.1397,47.438791],[-115.140079,47.43888],[-115.140788,47.439038],[-115.141203,47.43921],[-115.141494,47.43916],[-115.141589,47.439028],[-115.141656,47.438775],[-115.141718,47.438558],[-115.141904,47.438326],[-115.142349,47.437979],[-115.142786,47.437747],[-115.143578,47.437158],[-115.144372,47.436742],[-115.144995,47.436316],[-115.14581,47.435899],[-115.146611,47.435472],[-115.146944,47.434988],[-115.147057,47.434494],[-115.146969,47.434193],[-115.146783,47.433781],[-115.146436,47.433496],[-115.145692,47.433277],[-115.145078,47.433183],[-115.14427,47.433009],[-115.143915,47.432839],[-115.143833,47.43275],[-115.143825,47.432635],[-115.143908,47.432499],[-115.143997,47.432387],[-115.144174,47.432224],[-115.144417,47.432075],[-115.144748,47.43191],[-115.144893,47.431791],[-115.144908,47.431699],[-115.14487,47.43161],[-115.144271,47.431274],[-115.14378,47.431111],[-115.143533,47.431082]]},"properties":{"kind":"trail","id":"1400","name":"WEST FORK SWAMP CREEK","bmp":0,"emp":5.6659,"mvum_symbol_name":"Trails open to motorcycles, Yearlong","seasonal":"yearlong","motorcycle_datesopen":"01/01-12/31","districtname":"Plains/Thompson Falls Ranger District","trailclass":"TC3 - DEVELOPED"}},{"type":"Feature","geometry":{"type":"LineString","coordinates":[[-112.926878,47.098389],[-112.92675,47.098278],[-112.926661,47.098078],[-112.926575,47.097869],[-112.926462,47.097675],[-112.926271,47.097444],[-112.926062,47.097253],[-112.925926,47.097139],[-112.925814,47.097024],[-112.925699,47.096863],[-112.925669,47.096639],[-112.92566,47.096381],[-112.925652,47.096129],[-112.925555,47.095805],[-112.925411,47.095571],[-112.925203,47.095333],[-112.924993,47.09507],[-112.924751,47.094803],[-112.924497,47.094478],[-112.924201,47.094122],[-112.923991,47.093794],[-112.923847,47.093496],[-112.92379,47.093289],[-112.923788,47.092949],[-112.923863,47.092741],[-112.92391,47.092591],[-112.924016,47.092363],[-112.924106,47.092058],[-112.92415,47.091895],[-112.924263,47.09182],[-112.924408,47.091788],[-112.924599,47.091748],[-112.924716,47.091691],[-112.924767,47.09163],[-112.924773,47.091559],[-112.924772,47.091514],[-112.924759,47.091466],[-112.924728,47.091436],[-112.924626,47.091395],[-112.924585,47.091369],[-112.924559,47.091329],[-112.92455,47.091284]]},"properties":{"kind":"trail","id":"17.1-A","name":"BEAR CREEK/ PENNEY LAKE","bmp":0,"emp":0.5,"mvum_symbol_name":"Trails open to motorcycles, Seasonal","seasonal":"seasonal","motorcycle_datesopen":"05/01-11/30","districtname":"Seeley Lake Ranger District","trailclass":"TC1 - MINIMALLY DEVELOPED"}},{"type":"Feature","geometry":{"type":"LineString","coordinates":[[-114.529373,46.694729],[-114.529038,46.694837],[-114.528801,46.694831],[-114.52853,46.694793],[-114.528218,46.694695],[-114.52803,46.69462],[-114.527943,46.694582],[-114.527872,46.694523],[-114.527808,46.69442],[-114.527745,46.694302],[-114.527655,46.694083],[-114.527647,46.69397],[-114.527662,46.693752],[-114.527581,46.693607],[-114.527407,46.6935],[-114.527358,46.693362],[-114.527325,46.693226],[-114.527262,46.693061],[-114.527193,46.692918],[-114.527089,46.692796],[-114.526935,46.692682],[-114.526779,46.692593],[-114.526625,46.692529],[-114.526492,46.692469],[-114.526259,46.692376],[-114.526123,46.692326],[-114.525852,46.692247],[-114.525591,46.692192],[-114.525246,46.692128],[-114.524955,46.692089],[-114.524715,46.692039],[-114.524435,46.691914],[-114.524236,46.691791],[-114.524085,46.691633],[-114.523982,46.691464],[-114.523926,46.69125],[-114.523844,46.690976],[-114.523744,46.690799],[-114.523478,46.690607],[-114.523265,46.690416],[-114.523042,46.690256],[-114.522826,46.69012],[-114.52254,46.690091],[-114.522243,46.690124],[-114.521871,46.690162],[-114.521494,46.690223],[-114.521186,46.690299],[-114.520923,46.690355],[-114.520642,46.69042],[-114.520269,46.690409],[-114.519765,46.690305],[-114.519207,46.690233],[-114.518627,46.690141],[-114.517959,46.689997],[-114.517242,46.689842],[-114.51661,46.689661],[-114.516139,46.689498],[-114.516083,46.689472],[-114.515727,46.68931],[-114.515524,46.689091],[-114.515421,46.688853],[-114.515498,46.688513],[-114.515443,46.688216],[-114.515359,46.687902],[-114.51538,46.687546],[-114.515489,46.687261],[-114.515646,46.686899],[-114.515751,46.686577],[-114.515646,46.68632],[-114.515515,46.686083],[-114.515426,46.685713],[-114.515506,46.685411],[-114.515535,46.685129],[-114.515414,46.685004],[-114.51514,46.684978],[-114.514929,46.685044],[-114.514693,46.685129],[-114.5144,46.685198],[-114.514223,46.685038],[-114.514171,46.684778],[-114.514282,46.684512],[-114.514369,46.684284],[-114.514484,46.684054],[-114.514576,46.683882],[-114.514537,46.683753],[-114.514422,46.683683],[-114.51418,46.683713],[-114.514001,46.683833],[-114.513801,46.68401],[-114.51368,46.684165],[-114.51349,46.684173],[-114.513291,46.68407],[-114.513046,46.683782],[-114.512853,46.683454],[-114.512714,46.683124],[-114.512632,46.682828],[-114.512607,46.682568],[-114.512617,46.68238],[-114.512598,46.682176],[-114.5127,46.681899],[-114.512719,46.681768],[-114.512704,46.681654],[-114.512792,46.681406],[-114.512871,46.681182],[-114.513006,46.680962],[-114.513151,46.680755],[-114.513271,46.680459],[-114.513327,46.680201],[-114.513407,46.67987],[-114.513494,46.679471],[-114.513536,46.679109],[-114.513577,46.678697],[-114.513585,46.678183],[-114.513591,46.677864],[-114.513648,46.677573],[-114.513873,46.67725],[-114.514112,46.676987],[-114.514301,46.676739],[-114.514519,46.676422],[-114.5146,46.676177],[-114.514621,46.675983],[-114.514614,46.675863],[-114.514606,46.675731],[-114.514574,46.675601],[-114.514512,46.675458],[-114.514471,46.67527],[-114.514454,46.675046],[-114.514432,46.674805],[-114.514458,46.674573],[-114.514487,46.674332],[-114.51457,46.674109],[-114.514681,46.673846],[-114.514861,46.673511],[-114.515025,46.673248],[-114.515135,46.673062],[-114.515391,46.67277],[-114.515612,46.672568],[-114.515814,46.672381],[-114.516077,46.672163],[-114.516297,46.671953],[-114.51652,46.671739],[-114.516755,46.671476],[-114.51689,46.67125],[-114.517128,46.671023],[-114.517408,46.67095],[-114.517654,46.670928],[-114.518011,46.670901],[-114.518435,46.670792],[-114.518792,46.670639],[-114.519098,46.67049],[-114.519352,46.670347],[-114.519662,46.670204],[-114.51999,46.670124],[-114.520306,46.670052],[-114.520713,46.66996],[-114.521103,46.669871],[-114.52171,46.669702],[-114.522228,46.669566],[-114.522786,46.669423],[-114.523457,46.669171],[-114.523956,46.668923],[-114.524508,46.668632],[-114.524968,46.668348],[-114.525566,46.66808],[-114.526012,46.667898],[-114.526672,46.667619],[-114.527112,46.667412],[-114.527685,46.667137],[-114.52814,46.66688],[-114.528476,46.666632],[-114.528659,46.666374],[-114.528851,46.666118],[-114.529035,46.665827],[-114.529274,46.665569],[-114.529599,46.665335],[-114.5299,46.66522],[-114.530307,46.66513],[-114.53069,46.665091],[-114.531064,46.665072],[-114.531423,46.665075],[-114.531965,46.665065],[-114.532378,46.665044],[-114.532889,46.664999],[-114.533369,46.664884],[-114.533727,46.664703],[-114.533935,46.664535],[-114.534084,46.664341],[-114.534266,46.664028],[-114.534476,46.663711],[-114.534768,46.663377],[-114.535035,46.663115],[-114.535233,46.662801],[-114.53544,46.662495],[-114.535615,46.662199],[-114.535788,46.661831],[-114.53602,46.66153],[-114.536285,46.66121],[-114.536548,46.660948],[-114.536817,46.660673],[-114.53708,46.660372],[-114.53728,46.660119],[-114.537511,46.659724],[-114.537623,46.659439],[-114.537654,46.659215],[-114.537752,46.65898],[-114.537886,46.65871],[-114.537941,46.658485],[-114.538077,46.658108],[-114.538159,46.657788],[-114.538191,46.657531],[-114.538222,46.657187],[-114.538215,46.65694],[-114.538244,46.656523],[-114.538348,46.656228],[-114.538515,46.65597],[-114.538764,46.655728],[-114.538995,46.655558],[-114.53932,46.655321],[-114.539662,46.655141],[-114.540016,46.654994],[-114.540335,46.654867],[-114.540676,46.654758],[-114.540916,46.654599],[-114.541026,46.654446],[-114.541074,46.654238],[-114.541034,46.654066],[-114.540971,46.653902],[-114.540907,46.653737],[-114.54089,46.653556],[-114.540899,46.653391],[-114.540962,46.653212],[-114.54105,46.653041],[-114.54118,46.652854],[-114.541378,46.652587],[-114.541496,46.652318],[-114.54157,46.652042],[-114.541616,46.651851],[-114.541626,46.651652],[-114.5416,46.651417],[-114.541601,46.651175],[-114.541623,46.650946],[-114.54169,46.650726],[-114.541785,46.650508],[-114.54192,46.650287],[-114.542207,46.64986],[-114.543012,46.648873],[-114.543353,46.648468],[-114.543904,46.647748],[-114.543994,46.64764],[-114.544222,46.647564],[-114.544453,46.64752],[-114.544667,46.647497],[-114.545057,46.647529],[-114.545473,46.647541],[-114.54625,46.64758],[-114.54704,46.647614],[-114.547576,46.64759],[-114.548004,46.647519],[-114.54881,46.647302],[-114.54922,46.647151],[-114.549866,46.646779],[-114.550411,46.646466],[-114.550808,46.646237],[-114.551158,46.646013],[-114.551526,46.645809],[-114.551889,46.645639],[-114.552233,46.645558],[-114.552663,46.645553],[-114.553086,46.645556],[-114.553444,46.64554],[-114.553738,46.645485],[-114.554072,46.645344],[-114.554311,46.645174],[-114.554494,46.644949],[-114.554646,46.64475],[-114.554744,46.644553],[-114.554781,46.644356],[-114.55475,46.64416],[-114.554725,46.643971],[-114.554814,46.643819],[-114.554964,46.643713],[-114.555077,46.643648],[-114.555276,46.6436],[-114.555499,46.643593],[-114.555777,46.643622],[-114.556079,46.643655],[-114.556428,46.643675],[-114.556796,46.643687],[-114.557148,46.643693],[-114.55759,46.643731],[-114.557982,46.643738],[-114.558256,46.643702],[-114.558615,46.643597],[-114.558991,46.643366],[-114.559245,46.643155]]},"properties":{"kind":"trail","id":"295","name":"LEE RIDGE","bmp":0,"emp":6.5,"mvum_symbol_name":"Trails open to motorcycles, Seasonal","seasonal":"seasonal","motorcycle_datesopen":"05/16-11/30","districtname":"Missoula Ranger District","trailclass":"TC2 - MODERATELY DEVELOPED"}},{"type":"Feature","geometry":{"type":"LineString","coordinates":[[-115.550711,47.612439],[-115.551255,47.612433],[-115.551639,47.612509],[-115.551997,47.612507],[-115.552406,47.612442],[-115.552755,47.612434],[-115.553097,47.612456],[-115.55336,47.612476],[-115.553609,47.612456],[-115.553933,47.612453],[-115.554318,47.612447],[-115.555094,47.61238],[-115.555302,47.612346],[-115.55546,47.612337],[-115.555626,47.612336],[-115.555798,47.612389],[-115.555947,47.612395],[-115.556052,47.61239],[-115.556245,47.61238],[-115.556367,47.612361],[-115.556477,47.612308],[-115.556498,47.612245],[-115.556451,47.612113],[-115.55644,47.612016],[-115.556526,47.611904],[-115.55662,47.611796],[-115.556769,47.611715],[-115.556923,47.611637],[-115.557097,47.611585],[-115.557347,47.611548],[-115.557784,47.611506],[-115.558291,47.611492],[-115.558654,47.611518],[-115.559047,47.611555],[-115.559597,47.611612],[-115.560272,47.611679],[-115.56052,47.611742],[-115.560761,47.611842],[-115.560996,47.611892],[-115.561213,47.611902],[-115.561364,47.611894],[-115.561566,47.611843],[-115.561733,47.611755],[-115.561853,47.611666],[-115.561974,47.611642],[-115.562948,47.611484],[-115.56325,47.61147],[-115.563493,47.6114],[-115.563695,47.611378],[-115.563856,47.611371],[-115.56443,47.611358],[-115.564799,47.61135],[-115.565219,47.61134],[-115.565413,47.611376],[-115.565951,47.611616],[-115.566191,47.611697],[-115.566877,47.611869],[-115.567538,47.612004],[-115.567952,47.612066],[-115.568276,47.612068],[-115.568771,47.612052],[-115.569621,47.611966],[-115.569943,47.611977],[-115.570429,47.611952],[-115.570812,47.611978],[-115.571015,47.612002],[-115.571498,47.612058],[-115.572336,47.612194],[-115.572742,47.612263],[-115.573168,47.612389],[-115.573388,47.612491],[-115.573715,47.612594],[-115.5739,47.612668],[-115.574164,47.612726],[-115.57434,47.612727],[-115.574525,47.612715],[-115.574997,47.61278],[-115.575644,47.612854],[-115.5761,47.612934],[-115.576666,47.613044],[-115.57717,47.613147],[-115.577729,47.613263],[-115.57795,47.613312],[-115.578418,47.613351],[-115.578752,47.613322],[-115.578944,47.613295],[-115.579424,47.613256],[-115.579667,47.613246],[-115.579902,47.613313],[-115.580091,47.613361],[-115.58056,47.613477],[-115.58103,47.613642],[-115.581152,47.613679],[-115.581502,47.613752],[-115.581761,47.613774],[-115.582157,47.613789],[-115.582667,47.613839],[-115.583334,47.613947],[-115.583829,47.614069],[-115.584234,47.614232],[-115.584624,47.614371],[-115.584844,47.614408],[-115.585271,47.614413],[-115.585889,47.614408],[-115.586294,47.614288],[-115.586439,47.614173],[-115.586578,47.614105],[-115.586764,47.614095],[-115.586925,47.614117],[-115.58713,47.614205],[-115.587346,47.614309],[-115.58759,47.614308],[-115.588022,47.61432],[-115.588677,47.614319],[-115.589568,47.614357],[-115.590203,47.614362],[-115.590811,47.614341],[-115.59132,47.614314],[-115.591825,47.614323],[-115.592423,47.614424],[-115.593047,47.614586],[-115.593299,47.614649],[-115.593537,47.614741],[-115.594134,47.614982],[-115.594582,47.615228],[-115.595043,47.615493],[-115.595337,47.615601],[-115.595655,47.615677],[-115.596204,47.615714],[-115.59661,47.615715],[-115.596781,47.615714],[-115.597062,47.615749],[-115.597242,47.615797],[-115.597671,47.615951],[-115.5981,47.616181],[-115.59849,47.616493],[-115.598961,47.616773],[-115.599304,47.616992],[-115.599775,47.617195],[-115.599869,47.617239],[-115.600193,47.617404],[-115.600381,47.617479],[-115.60081,47.617676],[-115.601218,47.617863],[-115.60171,47.618],[-115.601913,47.618027],[-115.602457,47.618092],[-115.603194,47.618135],[-115.603666,47.618245],[-115.604151,47.618357],[-115.604679,47.61853],[-115.605733,47.618853],[-115.606692,47.61916],[-115.607779,47.619556],[-115.608766,47.619894],[-115.609693,47.620238],[-115.610074,47.620441],[-115.610381,47.620628],[-115.61057,47.620755],[-115.610877,47.621009],[-115.61118,47.621342],[-115.611544,47.621669],[-115.611764,47.621883],[-115.612204,47.622196],[-115.612625,47.622493],[-115.612887,47.622675],[-115.613421,47.622962],[-115.613975,47.623226],[-115.614424,47.623335],[-115.615409,47.623532],[-115.616602,47.623692],[-115.617264,47.623739],[-115.617818,47.623766],[-115.618368,47.623697],[-115.618896,47.623614],[-115.619306,47.623556],[-115.620069,47.623399],[-115.62019,47.623393],[-115.620346,47.623351],[-115.62039,47.62331],[-115.620549,47.623176],[-115.620711,47.623137],[-115.621074,47.623123],[-115.621174,47.623086],[-115.621768,47.623011],[-115.62232,47.622955],[-115.622967,47.622992],[-115.62339,47.623077],[-115.623876,47.623199],[-115.624528,47.623387],[-115.624925,47.623502],[-115.625543,47.62367],[-115.626087,47.62387],[-115.626314,47.623939],[-115.626754,47.624068],[-115.627225,47.624262],[-115.62834,47.62452],[-115.628895,47.624626],[-115.629372,47.624653],[-115.629486,47.624653],[-115.630164,47.624625],[-115.630905,47.624572],[-115.631419,47.624561],[-115.632273,47.624516],[-115.632607,47.624474],[-115.632842,47.624392],[-115.633314,47.624187],[-115.633716,47.624016],[-115.634372,47.623766],[-115.634873,47.623573],[-115.635403,47.623475],[-115.635777,47.623485],[-115.635965,47.623508],[-115.636361,47.623629],[-115.637235,47.623972],[-115.637448,47.623999],[-115.637775,47.623962],[-115.637888,47.623945],[-115.638181,47.623902],[-115.638424,47.62383],[-115.638774,47.623778],[-115.638993,47.623736],[-115.639272,47.623504],[-115.639369,47.623309],[-115.639427,47.623108],[-115.639528,47.622794],[-115.639544,47.622611],[-115.639802,47.622322],[-115.640036,47.622195],[-115.640349,47.622128],[-115.64075,47.622096],[-115.641326,47.621985],[-115.641526,47.621874],[-115.641748,47.621693],[-115.641983,47.621405],[-115.642439,47.621172],[-115.642745,47.621084],[-115.643015,47.621031],[-115.643354,47.621002],[-115.643998,47.621015],[-115.644273,47.620881],[-115.644336,47.620756],[-115.644758,47.620545],[-115.645181,47.62042],[-115.645631,47.62026],[-115.646234,47.620061],[-115.646486,47.619968],[-115.646716,47.619825],[-115.64686,47.619715],[-115.647226,47.619549],[-115.647716,47.619341],[-115.648097,47.619202],[-115.648535,47.619032],[-115.648989,47.61892],[-115.649492,47.618804],[-115.649726,47.618748]]},"properties":{"kind":"trail","id":"627","name":"CLEAR CREEK","bmp":0,"emp":5.4646,"mvum_symbol_name":"Trails open to motorcycles, Yearlong","seasonal":"yearlong","motorcycle_datesopen":"01/01-12/31","districtname":"Plains/Thompson Falls Ranger District","trailclass":"TC3 - DEVELOPED"}},{"type":"Feature","geometry":{"type":"LineString","coordinates":[[-115.156794,47.401811],[-115.15679,47.401884],[-115.156624,47.401926],[-115.156296,47.401918],[-115.155699,47.401906],[-115.154561,47.402021],[-115.152659,47.403166],[-115.152132,47.403743],[-115.151402,47.404219],[-115.151362,47.404541],[-115.1512,47.404801],[-115.150915,47.405093],[-115.149427,47.406365],[-115.14891,47.406874],[-115.148142,47.407495],[-115.147635,47.408053],[-115.147587,47.408404],[-115.14774,47.408958],[-115.147587,47.40916],[-115.147253,47.409905],[-115.147302,47.410477],[-115.147196,47.410807],[-115.147011,47.41097],[-115.146323,47.411205],[-115.146039,47.411199],[-115.145087,47.41104],[-115.14449,47.411031],[-115.143538,47.410761],[-115.143141,47.410718],[-115.142397,47.410427],[-115.142195,47.410426],[-115.141807,47.410667],[-115.141104,47.410721],[-115.14075,47.410852],[-115.139755,47.41106],[-115.139457,47.411187],[-115.139085,47.411763],[-115.139334,47.412469],[-115.13926,47.412761],[-115.138856,47.412995],[-115.138479,47.41311],[-115.137711,47.413505],[-115.137103,47.413994],[-115.136765,47.414387],[-115.136465,47.414575],[-115.134872,47.414947],[-115.133975,47.414887],[-115.133097,47.414737],[-115.132787,47.414802],[-115.132435,47.414951],[-115.132176,47.415148],[-115.131828,47.415679],[-115.131681,47.41575],[-115.131534,47.415735],[-115.13132,47.415624],[-115.130865,47.415306],[-115.130591,47.41525],[-115.130105,47.415247],[-115.129847,47.415405],[-115.129862,47.41574],[-115.129807,47.415943],[-115.129677,47.416095],[-115.129291,47.416199],[-115.128782,47.416244],[-115.127821,47.416161],[-115.127745,47.416242],[-115.127586,47.416885],[-115.127566,47.41723],[-115.127696,47.417806],[-115.127266,47.418289],[-115.127403,47.418359],[-115.127608,47.418349],[-115.127948,47.418459],[-115.127952,47.418613],[-115.127549,47.419358],[-115.127485,47.419746],[-115.127532,47.420376],[-115.126958,47.420959],[-115.126514,47.421615]]},"properties":{"kind":"trail","id":"240","name":"BURNT FLAT DIVIDE","bmp":0,"emp":2.7,"mvum_symbol_name":"Trails open to motorcycles, Yearlong","seasonal":"yearlong","motorcycle_datesopen":"01/01-12/31","districtname":"Superior Ranger District","trailclass":"TC3 - DEVELOPED"}},{"type":"Feature","geometry":{"type":"LineString","coordinates":[[-113.544495,46.601372],[-113.544506,46.601318],[-113.544683,46.600976],[-113.544882,46.600766],[-113.545126,46.600565],[-113.545332,46.600396],[-113.545627,46.600179],[-113.545989,46.600018],[-113.546172,46.599954],[-113.546362,46.599837],[-113.546711,46.599663],[-113.547064,46.599483],[-113.547364,46.59934],[-113.547706,46.599174],[-113.547962,46.59902],[-113.548193,46.598866],[-113.54835,46.598679],[-113.548352,46.598547],[-113.548312,46.598219],[-113.548229,46.597813],[-113.548154,46.597445],[-113.548087,46.597195],[-113.547967,46.596809],[-113.547859,46.596546],[-113.547771,46.596272],[-113.547657,46.595972],[-113.547644,46.595796],[-113.547697,46.595663],[-113.547758,46.59557],[-113.54795,46.595374],[-113.548146,46.595218],[-113.548376,46.595043],[-113.548558,46.594877],[-113.548621,46.594765],[-113.548656,46.594635],[-113.548655,46.59447],[-113.548606,46.594249],[-113.548542,46.594076],[-113.548419,46.59388],[-113.548348,46.593778],[-113.548309,46.593689],[-113.548267,46.593602],[-113.548201,46.59325],[-113.548121,46.592937],[-113.548155,46.5927],[-113.548221,46.592615],[-113.548354,46.592424],[-113.548449,46.592212],[-113.548518,46.591913],[-113.548559,46.591659],[-113.548637,46.591376],[-113.54867,46.59118],[-113.548716,46.590994],[-113.548788,46.590788],[-113.548901,46.590598],[-113.549017,46.59044],[-113.549126,46.590296],[-113.549268,46.590132],[-113.549516,46.589922],[-113.549712,46.589781],[-113.549985,46.589598],[-113.550173,46.589448],[-113.550315,46.589331],[-113.550445,46.589203],[-113.550578,46.58906],[-113.550753,46.588843],[-113.550925,46.58859],[-113.551084,46.588381],[-113.551244,46.58801],[-113.55151,46.587531],[-113.551708,46.587191],[-113.551964,46.586842],[-113.552156,46.586643],[-113.552336,46.586491],[-113.552572,46.586403],[-113.552817,46.586375],[-113.553037,46.586381],[-113.553249,46.586398]]},"properties":{"kind":"trail","id":"21","name":"JOHN LONG","bmp":2.818,"emp":4.1,"mvum_symbol_name":"Trails open to motorcycles, Yearlong","seasonal":"yearlong","motorcycle_datesopen":"01/01-12/31","districtname":"Missoula Ranger District","trailclass":"TC3 - DEVELOPED"}},{"type":"Feature","geometry":{"type":"LineString","coordinates":[[-115.379936,47.520242],[-115.380069,47.520136],[-115.380137,47.519997],[-115.380297,47.519846],[-115.380447,47.519647],[-115.380441,47.519445],[-115.380465,47.519264],[-115.38062,47.519065],[-115.380746,47.518946],[-115.380964,47.518668],[-115.381021,47.518433],[-115.380979,47.517656],[-115.381106,47.517406],[-115.381452,47.517028],[-115.381773,47.516277],[-115.381921,47.516063],[-115.382168,47.515945],[-115.382916,47.515652],[-115.383315,47.515455],[-115.383656,47.514933],[-115.384593,47.514144],[-115.384688,47.514008],[-115.384669,47.513589],[-115.384634,47.513321],[-115.384697,47.513159],[-115.384704,47.513116],[-115.384735,47.512931],[-115.38486,47.512708],[-115.385032,47.512586],[-115.385354,47.512366],[-115.385592,47.512227],[-115.385857,47.512093],[-115.386116,47.511992],[-115.386273,47.511907],[-115.386377,47.511742],[-115.386446,47.511546],[-115.386528,47.511359],[-115.386736,47.511146],[-115.386966,47.510995],[-115.387308,47.51088],[-115.387516,47.510774],[-115.387829,47.510641],[-115.388297,47.510497],[-115.388822,47.510313],[-115.389093,47.510192],[-115.389471,47.510071],[-115.389669,47.510001],[-115.390007,47.509879],[-115.390293,47.509798],[-115.39063,47.509704],[-115.391285,47.50958],[-115.391923,47.509443],[-115.392364,47.509354],[-115.392916,47.509238],[-115.393043,47.509204],[-115.393309,47.509097],[-115.393482,47.509039],[-115.393741,47.508885],[-115.393988,47.508705],[-115.394177,47.508544],[-115.394413,47.508344],[-115.394672,47.508097],[-115.394805,47.507934],[-115.394889,47.507644],[-115.394992,47.507394],[-115.395078,47.507158],[-115.395191,47.50696],[-115.395249,47.506784],[-115.395289,47.506581],[-115.395362,47.506382],[-115.395425,47.506189],[-115.395553,47.505974],[-115.395596,47.505782],[-115.395199,47.50574],[-115.394748,47.50573],[-115.394689,47.505646],[-115.394873,47.505541],[-115.395314,47.505374],[-115.395314,47.505296],[-115.395167,47.505213],[-115.395,47.505208],[-115.394717,47.50522],[-115.394455,47.505268],[-115.394256,47.5053],[-115.394318,47.505089],[-115.394468,47.504902],[-115.394653,47.504758],[-115.394989,47.504654],[-115.395243,47.504534],[-115.395785,47.504334],[-115.396353,47.504109],[-115.39644,47.504046],[-115.396781,47.503859],[-115.397366,47.503541],[-115.397864,47.503207],[-115.398321,47.502945],[-115.398901,47.502648],[-115.399483,47.502385],[-115.399637,47.502301],[-115.400006,47.502134],[-115.400555,47.501871],[-115.401083,47.501644],[-115.401383,47.501528],[-115.401676,47.501386],[-115.401909,47.501219],[-115.402154,47.501043],[-115.402348,47.500852],[-115.40251,47.50067],[-115.40261,47.500544],[-115.402753,47.500258],[-115.402923,47.499939],[-115.40305,47.499765],[-115.403431,47.499509],[-115.403998,47.499142],[-115.404863,47.498674],[-115.405237,47.498496],[-115.405448,47.498424],[-115.405796,47.498307],[-115.405915,47.49821],[-115.405958,47.498054],[-115.405821,47.497913],[-115.405699,47.497842],[-115.40557,47.497738],[-115.405496,47.497655],[-115.405462,47.497535],[-115.405472,47.49737],[-115.405553,47.497118],[-115.405706,47.496706],[-115.405795,47.496553],[-115.406024,47.496214],[-115.406348,47.495802],[-115.406534,47.495506],[-115.406733,47.495149],[-115.406953,47.494723],[-115.4071,47.494327],[-115.407116,47.494184],[-115.407115,47.494068],[-115.407124,47.493856],[-115.407148,47.493712],[-115.407206,47.493533],[-115.407262,47.493461],[-115.407353,47.493396],[-115.407522,47.493319],[-115.407689,47.493285],[-115.408061,47.493203],[-115.408321,47.493132],[-115.408483,47.493055],[-115.4088,47.492879],[-115.408944,47.492792],[-115.40897,47.492695],[-115.408945,47.492545],[-115.408863,47.492353],[-115.408864,47.492254],[-115.408994,47.492184],[-115.409189,47.492188],[-115.409357,47.492204],[-115.409536,47.492206],[-115.409664,47.492084],[-115.409632,47.491937],[-115.409502,47.491724],[-115.409464,47.491597],[-115.409462,47.491509],[-115.4096,47.491472],[-115.409748,47.49145],[-115.409926,47.491449],[-115.410178,47.49145],[-115.41037,47.491427],[-115.410606,47.491395],[-115.41087,47.491291],[-115.410962,47.491209],[-115.411162,47.491039],[-115.411234,47.490956],[-115.411291,47.490846],[-115.411316,47.49071],[-115.411245,47.490545],[-115.41106,47.490269],[-115.410905,47.490085],[-115.410669,47.489602],[-115.410501,47.489228],[-115.410362,47.489076],[-115.410159,47.488965],[-115.409853,47.488948],[-115.409725,47.488922],[-115.409625,47.488866],[-115.409522,47.488783],[-115.409391,47.488554],[-115.409328,47.488384],[-115.409294,47.488121],[-115.409085,47.487736],[-115.408998,47.487537],[-115.408876,47.487318],[-115.408796,47.487072],[-115.408699,47.486898],[-115.408503,47.486634],[-115.408392,47.48654],[-115.408011,47.486326],[-115.40789,47.486195],[-115.407689,47.485949],[-115.407524,47.485779],[-115.407333,47.485525],[-115.406917,47.485142],[-115.406651,47.484867],[-115.406217,47.484321]]},"properties":{"kind":"trail","id":"572","name":"WEST FORK DRY CREEK","bmp":0,"emp":3.9,"mvum_symbol_name":"Trails open to motorcycles, Yearlong","seasonal":"yearlong","motorcycle_datesopen":"01/01-12/31","districtname":"Plains/Thompson Falls Ranger District","trailclass":"TC3 - DEVELOPED"}},{"type":"Feature","geometry":{"type":"LineString","coordinates":[[-115.65136,47.57658],[-115.651348,47.576668],[-115.651393,47.576756],[-115.651535,47.576894],[-115.652112,47.577244],[-115.65251,47.577425],[-115.652605,47.577533],[-115.652814,47.57786],[-115.653048,47.578188],[-115.653248,47.578547],[-115.653358,47.579],[-115.653488,47.57945],[-115.653666,47.579727],[-115.653836,47.580149],[-115.653958,47.580566],[-115.654047,47.580979],[-115.654194,47.581433],[-115.654356,47.581636],[-115.65523,47.58236],[-115.655489,47.582668],[-115.655829,47.58331],[-115.655877,47.583582],[-115.655921,47.584094],[-115.655815,47.584476],[-115.65565,47.584807],[-115.655513,47.585026],[-115.655515,47.585109],[-115.655998,47.585212],[-115.656041,47.5853],[-115.655933,47.585381],[-115.655676,47.585683],[-115.655577,47.585985],[-115.655714,47.586439],[-115.655876,47.586789],[-115.656084,47.587203],[-115.656218,47.587532],[-115.656441,47.587854],[-115.656588,47.587977],[-115.656936,47.58818],[-115.657377,47.588351],[-115.657847,47.588516],[-115.658025,47.58858],[-115.658333,47.588713],[-115.658478,47.588812],[-115.658696,47.588987],[-115.658784,47.589084],[-115.658974,47.589426],[-115.659019,47.589589],[-115.659082,47.58988],[-115.659374,47.590293],[-115.659648,47.590688],[-115.659828,47.591072],[-115.659891,47.591171],[-115.66009,47.591347],[-115.660593,47.591568],[-115.660726,47.59172],[-115.66079,47.592093],[-115.660827,47.592366],[-115.660888,47.592597],[-115.661063,47.592901],[-115.661408,47.593339],[-115.661579,47.593624],[-115.661596,47.593733],[-115.661755,47.593986],[-115.662392,47.594711],[-115.663096,47.595603],[-115.664021,47.596739],[-115.664292,47.597084],[-115.664538,47.597451],[-115.664653,47.597824],[-115.664711,47.598311],[-115.664794,47.598727],[-115.664755,47.598919],[-115.664927,47.598948],[-115.665067,47.598808],[-115.665251,47.59881],[-115.665491,47.599231],[-115.665721,47.599714],[-115.666327,47.6004],[-115.66706,47.601135],[-115.667436,47.60152],[-115.668207,47.602156],[-115.668953,47.602694],[-115.669363,47.603035],[-115.669827,47.60342],[-115.670192,47.60372],[-115.670729,47.604126],[-115.671168,47.60443],[-115.671531,47.604675],[-115.672027,47.604979],[-115.672395,47.605231],[-115.673026,47.605679],[-115.673289,47.605872],[-115.673678,47.606192],[-115.674044,47.606569],[-115.674564,47.607037],[-115.674737,47.607432],[-115.674832,47.607793],[-115.674874,47.608117],[-115.675009,47.608468],[-115.675099,47.608699],[-115.673458,47.609327],[-115.672879,47.609745],[-115.67356,47.609709],[-115.674901,47.609444],[-115.676059,47.609575],[-115.67806,47.609584],[-115.679148,47.609603],[-115.681281,47.60976],[-115.682526,47.609654],[-115.683685,47.609786],[-115.683079,47.610475],[-115.681199,47.611503],[-115.68046,47.611693],[-115.678925,47.612088],[-115.67879,47.612124],[-115.676152,47.612816],[-115.67517,47.613217],[-115.674281,47.613921],[-115.673391,47.614626],[-115.6724,47.614949],[-115.671602,47.615455],[-115.671708,47.615875],[-115.672574,47.615945],[-115.672896,47.61588],[-115.673356,47.615787],[-115.67439,47.615345],[-115.675036,47.615002],[-115.676236,47.614512],[-115.677901,47.614578],[-115.679415,47.615309],[-115.680623,47.615862],[-115.682118,47.615937],[-115.683495,47.615979],[-115.684601,47.616152],[-115.684731,47.616164],[-115.684649,47.6163],[-115.684464,47.616381],[-115.684242,47.616437],[-115.683733,47.616465],[-115.683304,47.616584],[-115.683118,47.616696],[-115.68309,47.616777]]},"properties":{"kind":"trail","id":"1707","name":"TWENTY FOUR MILE CREEK","bmp":0,"emp":4.7629,"mvum_symbol_name":"Trails open to motorcycles, Yearlong","seasonal":"yearlong","motorcycle_datesopen":"01/01-12/31","districtname":"Plains/Thompson Falls Ranger District","trailclass":"TC2 - MODERATELY DEVELOPED"}},{"type":"Feature","geometry":{"type":"LineString","coordinates":[[-114.213193,46.747107],[-114.213215,46.74706],[-114.213243,46.747034],[-114.213274,46.747007],[-114.213319,46.746988],[-114.213503,46.746906],[-114.21373,46.746807],[-114.213985,46.746696],[-114.214026,46.746435],[-114.214062,46.746291],[-114.214063,46.74629],[-114.214103,46.746206],[-114.214143,46.74615],[-114.214177,46.7461],[-114.214194,46.746057],[-114.214197,46.746011],[-114.214196,46.745983],[-114.214195,46.745954],[-114.214194,46.745897],[-114.214194,46.745856],[-114.214204,46.745818],[-114.214233,46.745788],[-114.214292,46.745747],[-114.214431,46.745706],[-114.214573,46.745669],[-114.214667,46.745629],[-114.214695,46.745595],[-114.214706,46.745563],[-114.214694,46.74554],[-114.214661,46.745527],[-114.214612,46.745519],[-114.214528,46.745506],[-114.214313,46.745474],[-114.214207,46.745455],[-114.214097,46.745419],[-114.214028,46.745388],[-114.214005,46.745366],[-114.213981,46.745331],[-114.213982,46.745302],[-114.213989,46.745266],[-114.21401,46.745227],[-114.214053,46.745197],[-114.214107,46.745178],[-114.214171,46.745165],[-114.214268,46.745161],[-114.214411,46.745163],[-114.214651,46.745177],[-114.214795,46.745187],[-114.214963,46.745204],[-114.215117,46.745219],[-114.215252,46.745218],[-114.21541,46.7452],[-114.215509,46.745182],[-114.215602,46.745135],[-114.215774,46.745039],[-114.215955,46.744958],[-114.216092,46.744902],[-114.216268,46.744852],[-114.216393,46.744811],[-114.216484,46.744776],[-114.216597,46.744724],[-114.216668,46.744699],[-114.21672,46.7447],[-114.216769,46.744707],[-114.216861,46.744725],[-114.216952,46.744735],[-114.21707,46.74474],[-114.217236,46.744728],[-114.217559,46.744702],[-114.217575,46.74464],[-114.217605,46.744586],[-114.217661,46.744508],[-114.21775,46.744418],[-114.21786,46.744336],[-114.217913,46.744297],[-114.218128,46.744156],[-114.218258,46.74407],[-114.218406,46.743976],[-114.218426,46.743954],[-114.218444,46.743936],[-114.218468,46.743902],[-114.218493,46.74387],[-114.218536,46.743839],[-114.218615,46.743791],[-114.218727,46.743724],[-114.218798,46.743669],[-114.218802,46.743666],[-114.218863,46.743609],[-114.21892,46.743554],[-114.218927,46.743543],[-114.218951,46.743507],[-114.218968,46.743468],[-114.218983,46.743398],[-114.218995,46.743334],[-114.219009,46.743257],[-114.219021,46.743201],[-114.219026,46.743192],[-114.219044,46.74316],[-114.219048,46.743152],[-114.219119,46.743087],[-114.21914,46.743069],[-114.219172,46.743042],[-114.21918,46.743035],[-114.21927,46.742986],[-114.219347,46.742959],[-114.219408,46.742939],[-114.219474,46.742926],[-114.219511,46.742923],[-114.219562,46.742919],[-114.219617,46.742914],[-114.219661,46.7429],[-114.219717,46.742869],[-114.219964,46.742709],[-114.220015,46.742681],[-114.220176,46.742593],[-114.220334,46.742503],[-114.220481,46.742396],[-114.220579,46.74233],[-114.220653,46.742256],[-114.220727,46.742188],[-114.220794,46.742121],[-114.220827,46.742072],[-114.220859,46.741994],[-114.22089,46.741912],[-114.220915,46.741806],[-114.220928,46.741715],[-114.220925,46.741623],[-114.220915,46.741474],[-114.220917,46.741406],[-114.220929,46.741342],[-114.220951,46.741295],[-114.22098,46.741256],[-114.221053,46.741193],[-114.221098,46.741147],[-114.221121,46.741112],[-114.221127,46.741086],[-114.221126,46.741036],[-114.221139,46.740982],[-114.221172,46.740929],[-114.22124,46.740842],[-114.22128,46.740778],[-114.221298,46.740716],[-114.221305,46.740662],[-114.221295,46.740576],[-114.22126,46.740484],[-114.221228,46.740417],[-114.221186,46.740359],[-114.221133,46.740294],[-114.221057,46.740219],[-114.220919,46.740097],[-114.220815,46.739978],[-114.22075,46.739896],[-114.220714,46.739844],[-114.220689,46.739799],[-114.220676,46.739752],[-114.220664,46.739708],[-114.220657,46.739629],[-114.220656,46.739549],[-114.220654,46.739499],[-114.220645,46.73943],[-114.220634,46.73937],[-114.220612,46.739311],[-114.220605,46.739274],[-114.22061,46.739228],[-114.220624,46.739151],[-114.22065,46.739058],[-114.220672,46.73899],[-114.220675,46.73898],[-114.220679,46.738972],[-114.220696,46.738934],[-114.2207,46.738927],[-114.22074,46.738883],[-114.22078,46.738849],[-114.220881,46.738779],[-114.221004,46.738689],[-114.221055,46.738643],[-114.221141,46.738565],[-114.221214,46.738498],[-114.221231,46.738478],[-114.22126,46.738445],[-114.22128,46.738422],[-114.221362,46.738299],[-114.221383,46.738266],[-114.221454,46.738155],[-114.221505,46.738083],[-114.221538,46.738049],[-114.221551,46.738036],[-114.221572,46.738014],[-114.221684,46.737942],[-114.221751,46.737901],[-114.221818,46.737872],[-114.221897,46.737847],[-114.221973,46.737828],[-114.222045,46.737819],[-114.222106,46.737821],[-114.222171,46.737827],[-114.222376,46.737972],[-114.222686,46.738099],[-114.222984,46.738086],[-114.223188,46.737971],[-114.223359,46.737891],[-114.223523,46.737726],[-114.223824,46.737513],[-114.223952,46.737355],[-114.224482,46.736952],[-114.22456,46.736742],[-114.224851,46.736509],[-114.225012,46.736356],[-114.22527,46.736311],[-114.225547,46.73626],[-114.225692,46.73614],[-114.225978,46.736075],[-114.226114,46.736083],[-114.226235,46.736024],[-114.226447,46.735889],[-114.226562,46.735764],[-114.227983,46.734872],[-114.228273,46.73466],[-114.228633,46.734209],[-114.228832,46.733913],[-114.22925,46.733319],[-114.229342,46.733202],[-114.229361,46.732836],[-114.229338,46.732464],[-114.22959,46.732186],[-114.230175,46.731832],[-114.230143,46.73183],[-114.230039,46.731782],[-114.229966,46.731689],[-114.229917,46.73149],[-114.229901,46.731348],[-114.229932,46.731157],[-114.229942,46.731052],[-114.229923,46.730971],[-114.229843,46.730883],[-114.229702,46.730867],[-114.229516,46.730889],[-114.229285,46.730981],[-114.229105,46.731071],[-114.228953,46.731118],[-114.228803,46.73113],[-114.228762,46.730989],[-114.228823,46.730907],[-114.228881,46.730836],[-114.228894,46.730758],[-114.228718,46.730719],[-114.228535,46.73077],[-114.228096,46.730912],[-114.22789,46.730926],[-114.227634,46.730926],[-114.227412,46.7309],[-114.227187,46.73084],[-114.226925,46.730725],[-114.226673,46.730582],[-114.226187,46.730187],[-114.225873,46.72998],[-114.225521,46.729794],[-114.225235,46.729587],[-114.225147,46.7295],[-114.225116,46.729416],[-114.225114,46.729256],[-114.225176,46.729147],[-114.22536,46.729059],[-114.225488,46.729054],[-114.225806,46.729088],[-114.226096,46.729158],[-114.226285,46.729175],[-114.226376,46.729113],[-114.226332,46.728986],[-114.226236,46.728888],[-114.226011,46.728697],[-114.225833,46.72857],[-114.225771,46.728504],[-114.225768,46.728386],[-114.225929,46.728357],[-114.226241,46.728306],[-114.226414,46.728186],[-114.226455,46.728066],[-114.226422,46.727916],[-114.226077,46.727856],[-114.225831,46.72787],[-114.225654,46.727819],[-114.225599,46.727731],[-114.225576,46.727567],[-114.225529,46.727487],[-114.225289,46.727436],[-114.225066,46.727393],[-114.22493,46.727261],[-114.224919,46.727185],[-114.224963,46.727049],[-114.225043,46.726911],[-114.22506,46.72669],[-114.225003,46.726596],[-114.224867,46.7265],[-114.224579,46.726449],[-114.224357,46.72642],[-114.224174,46.726342],[-114.223893,46.72614],[-114.223453,46.725818],[-114.22318,46.725576],[-114.222786,46.725326],[-114.222338,46.725045],[-114.222084,46.724921],[-114.221866,46.724856],[-114.221714,46.724854],[-114.221715,46.725047],[-114.221727,46.725129],[-114.221653,46.7252],[-114.221534,46.725167],[-114.221335,46.725035],[-114.220936,46.724766],[-114.220238,46.724278],[-114.219803,46.723967],[-114.219476,46.723659],[-114.219266,46.723401],[-114.219057,46.723122],[-114.218873,46.7228],[-114.218763,46.722499],[-114.218662,46.72235],[-114.218449,46.722196],[-114.218382,46.722119],[-114.218366,46.721933],[-114.218325,46.721792],[-114.218268,46.721644],[-114.218126,46.721479],[-114.217877,46.721283],[-114.217662,46.721152],[-114.217152,46.720945],[-114.216571,46.720689],[-114.216015,46.720416],[-114.21555,46.720169],[-114.215104,46.719907],[-114.215014,46.719834],[-114.214817,46.719548],[-114.214726,46.719425],[-114.214363,46.719064],[-114.214106,46.718776],[-114.213866,46.718456],[-114.21345,46.718039],[-114.213058,46.717674],[-114.212698,46.717433],[-114.212259,46.717256],[-114.211779,46.717111],[-114.211371,46.716928],[-114.211116,46.71679],[-114.210837,46.716576],[-114.210571,46.716324],[-114.210284,46.715956],[-114.210014,46.715569],[-114.209793,46.715241],[-114.209649,46.715054],[-114.209458,46.714922],[-114.209296,46.714852],[-114.208826,46.714687],[-114.208489,46.714619],[-114.207994,46.714576],[-114.207668,46.714554],[-114.207396,46.714543],[-114.206895,46.714485],[-114.206566,46.714419],[-114.206324,46.714346],[-114.206134,46.714272],[-114.205855,46.71414],[-114.205416,46.713823],[-114.205104,46.713545],[-114.204768,46.713309],[-114.204662,46.713245],[-114.204497,46.713189],[-114.204152,46.713167],[-114.20354,46.713157],[-114.203348,46.713151],[-114.203158,46.713126],[-114.202843,46.713035]]},"properties":{"kind":"trail","id":"1310","name":"MILL CREEK","bmp":0,"emp":4,"mvum_symbol_name":"Trails open to motorcycles, Yearlong","seasonal":"yearlong","motorcycle_datesopen":"01/01-12/31","districtname":"Missoula Ranger District","trailclass":"TC2 - MODERATELY DEVELOPED"}},{"type":"Feature","geometry":{"type":"LineString","coordinates":[[-113.655126,47.340148],[-113.655197,47.340137],[-113.655268,47.340168],[-113.655297,47.340206],[-113.655308,47.340308],[-113.655278,47.340498],[-113.655278,47.340549],[-113.655403,47.340676],[-113.655517,47.340814],[-113.655604,47.340934],[-113.655651,47.34108],[-113.655805,47.341298],[-113.656066,47.341574],[-113.656189,47.341703],[-113.656274,47.341849],[-113.656331,47.342044],[-113.656388,47.342114],[-113.656454,47.342134],[-113.656525,47.34212],[-113.656574,47.342083],[-113.656581,47.342024],[-113.656545,47.341979],[-113.656456,47.341889],[-113.656203,47.341391],[-113.656054,47.341223],[-113.655974,47.341127],[-113.655961,47.341065],[-113.655988,47.34099],[-113.656043,47.340949],[-113.656145,47.340931],[-113.65633,47.340946],[-113.656429,47.340958],[-113.656503,47.340938],[-113.656544,47.340903],[-113.656548,47.340862],[-113.656534,47.340793],[-113.65653,47.340702],[-113.656569,47.340634],[-113.656671,47.340548],[-113.656781,47.340495],[-113.656923,47.340474],[-113.657017,47.340445],[-113.657058,47.340408],[-113.657069,47.340347],[-113.657048,47.340257],[-113.656991,47.340087],[-113.656901,47.339945],[-113.656783,47.339809],[-113.656771,47.33976],[-113.656781,47.339716],[-113.656819,47.339679],[-113.656874,47.339663],[-113.656928,47.339666],[-113.656983,47.339712],[-113.657099,47.339853],[-113.657342,47.340039],[-113.657431,47.340126],[-113.657501,47.34026],[-113.657717,47.34063],[-113.657749,47.340713],[-113.65774,47.340779],[-113.657682,47.340827],[-113.657535,47.340919],[-113.657338,47.341055],[-113.657286,47.341119],[-113.65729,47.341196],[-113.65731,47.341256],[-113.657279,47.341306],[-113.657217,47.341337],[-113.657117,47.341335],[-113.657021,47.341301],[-113.656838,47.341276],[-113.656732,47.341302],[-113.656678,47.341334],[-113.656667,47.341377],[-113.65671,47.341448],[-113.657003,47.341701],[-113.65759,47.342081],[-113.657818,47.34221],[-113.658035,47.342321],[-113.658447,47.342497],[-113.658562,47.342554],[-113.658939,47.342727],[-113.659087,47.342775],[-113.659341,47.342862],[-113.659857,47.343019],[-113.65992,47.343046],[-113.660046,47.343125],[-113.660143,47.343179],[-113.660281,47.343238],[-113.660366,47.343256],[-113.660481,47.34327],[-113.6606,47.343315],[-113.66071,47.34334],[-113.660783,47.343346],[-113.660902,47.343332],[-113.660989,47.343305],[-113.661057,47.343334],[-113.661187,47.343377],[-113.661377,47.343439],[-113.661511,47.343503],[-113.66169,47.343571],[-113.661835,47.343615],[-113.661996,47.343664],[-113.662955,47.343887],[-113.663351,47.343983],[-113.663617,47.344135],[-113.663757,47.344268],[-113.663941,47.344502],[-113.663991,47.344575],[-113.664084,47.344684],[-113.664215,47.344806],[-113.664402,47.34487],[-113.664891,47.344888]]},"properties":{"kind":"trail","id":"380","name":"BEAVER LAKE","bmp":0,"emp":0.921,"mvum_symbol_name":"Wheeled OHV <50\", Yearlong","seasonal":"yearlong","atv_datesopen":"01/01-12/31","motorcycle_datesopen":"01/01-12/31","otherwheeled_ohv_datesopen":"01/01-12/31","districtname":"Seeley Lake Ranger District","trailclass":"TC3 - DEVELOPED"}},{"type":"Feature","geometry":{"type":"LineString","coordinates":[[-115.384704,47.513116],[-115.384077,47.512644],[-115.382285,47.511805],[-115.381229,47.511378],[-115.380196,47.511157],[-115.379404,47.511013],[-115.378872,47.51083],[-115.378379,47.510091],[-115.377587,47.509668],[-115.375832,47.5093],[-115.374974,47.509055],[-115.373928,47.508782],[-115.373186,47.508629],[-115.372771,47.508587],[-115.372093,47.508546],[-115.371155,47.50839],[-115.37063,47.508306],[-115.370117,47.508295],[-115.369923,47.508256],[-115.369874,47.508179],[-115.369958,47.507848],[-115.370084,47.507586],[-115.370158,47.507226],[-115.370151,47.506926],[-115.369987,47.506551],[-115.369638,47.50593],[-115.369414,47.505637],[-115.369213,47.50548],[-115.368544,47.505096],[-115.368067,47.504746],[-115.367425,47.504225],[-115.367143,47.504065],[-115.366808,47.503931],[-115.366316,47.50382],[-115.365586,47.503684],[-115.365028,47.503499],[-115.364217,47.503196],[-115.36381,47.502973],[-115.363468,47.502705],[-115.36322,47.502421],[-115.363066,47.502059],[-115.362957,47.501401],[-115.36286,47.50089],[-115.362678,47.50039],[-115.362485,47.499939],[-115.362367,47.499574],[-115.362433,47.499329],[-115.362786,47.498813],[-115.363225,47.498268],[-115.36337,47.497972],[-115.363451,47.49771],[-115.363432,47.497392],[-115.363375,47.496696],[-115.363238,47.496082],[-115.363151,47.495627],[-115.362969,47.495199],[-115.362855,47.494754],[-115.362798,47.494644],[-115.36264,47.494754],[-115.362534,47.494968],[-115.362186,47.495308],[-115.361855,47.495539],[-115.361506,47.495686],[-115.360965,47.49589],[-115.360763,47.495903],[-115.3606,47.495897],[-115.36043,47.49582],[-115.360123,47.495545],[-115.359776,47.495304],[-115.359428,47.495124],[-115.358821,47.494926],[-115.35831,47.494702],[-115.357912,47.494407],[-115.357615,47.494141],[-115.357355,47.493703],[-115.357288,47.493352],[-115.35716,47.493111],[-115.356837,47.492685],[-115.356641,47.492387],[-115.356521,47.492289],[-115.35627,47.492219],[-115.355548,47.492143],[-115.355062,47.492077],[-115.354529,47.491917],[-115.353519,47.49155],[-115.351996,47.490985],[-115.351592,47.490854],[-115.350765,47.490569],[-115.350517,47.490455],[-115.350371,47.490339],[-115.350257,47.490191],[-115.350247,47.490026],[-115.350443,47.489785],[-115.350652,47.489582],[-115.350927,47.489315],[-115.351111,47.489001],[-115.351308,47.488727],[-115.351533,47.488528],[-115.351697,47.488393],[-115.351872,47.488327],[-115.352164,47.488259],[-115.35244,47.488259],[-115.35268,47.488261],[-115.352941,47.488272],[-115.353184,47.488309],[-115.353467,47.488375],[-115.353716,47.488458],[-115.353985,47.488475],[-115.354228,47.488468],[-115.354582,47.48837],[-115.35485,47.488332],[-115.355053,47.488335],[-115.355424,47.488429],[-115.355814,47.488505],[-115.356103,47.488554],[-115.356451,47.488583],[-115.357132,47.488648],[-115.357607,47.488692],[-115.357891,47.48873],[-115.358319,47.488708],[-115.358644,47.488675],[-115.358974,47.488581],[-115.359282,47.488538],[-115.359525,47.488575],[-115.359655,47.488577],[-115.359769,47.488472],[-115.359649,47.488374],[-115.359396,47.488213],[-115.359072,47.48804],[-115.358763,47.487852],[-115.358506,47.487651],[-115.358482,47.487506],[-115.358506,47.487321],[-115.35862,47.487178],[-115.358885,47.486969],[-115.359176,47.486778],[-115.359459,47.486519],[-115.359637,47.48629],[-115.359725,47.486027],[-115.359791,47.485702],[-115.359879,47.485291],[-115.360009,47.484968],[-115.360186,47.484626],[-115.360422,47.484259],[-115.360686,47.483902],[-115.360963,47.48358],[-115.361204,47.483381],[-115.361455,47.483228],[-115.361681,47.483139],[-115.362067,47.483081],[-115.362401,47.48302],[-115.362601,47.482994],[-115.362893,47.482916],[-115.363046,47.482795],[-115.363145,47.482553],[-115.363168,47.482285],[-115.36321,47.482148]]},"properties":{"kind":"trail","id":"570","name":"JOAN CREEK","bmp":0,"emp":4.1,"mvum_symbol_name":"Trails open to motorcycles, Yearlong","seasonal":"yearlong","motorcycle_datesopen":"01/01-12/31","districtname":"Plains/Thompson Falls Ranger District","trailclass":"TC2 - MODERATELY DEVELOPED"}},{"type":"Feature","geometry":{"type":"LineString","coordinates":[[-115.064726,47.370257],[-115.064616,47.370572],[-115.064533,47.371777],[-115.064531,47.371812],[-115.064517,47.372014],[-115.064648,47.373921],[-115.065006,47.37617],[-115.065099,47.376521],[-115.065017,47.376994],[-115.064934,47.377084],[-115.06469,47.3771],[-115.064509,47.377231],[-115.064507,47.377331],[-115.06459,47.377424],[-115.064759,47.377496],[-115.064841,47.377616],[-115.06481,47.377867],[-115.064518,47.378113],[-115.064274,47.378186],[-115.063485,47.378297],[-115.063388,47.378379],[-115.063454,47.378618],[-115.063753,47.378961],[-115.063778,47.379154],[-115.063534,47.379571],[-115.063252,47.379735],[-115.063115,47.379931],[-115.063278,47.380373],[-115.063101,47.380963],[-115.063126,47.381434],[-115.063344,47.381848],[-115.063424,47.38219],[-115.063419,47.382313],[-115.063426,47.382403],[-115.063449,47.382451],[-115.063437,47.382496],[-115.063436,47.382539],[-115.063415,47.382616],[-115.063363,47.382708],[-115.063311,47.38281],[-115.063228,47.382919],[-115.063147,47.382982],[-115.063005,47.383045],[-115.062724,47.3832],[-115.062643,47.383309],[-115.062559,47.383372],[-115.06251,47.383451],[-115.062446,47.383518],[-115.062407,47.383555],[-115.062406,47.383582],[-115.062411,47.383613],[-115.062393,47.383636],[-115.062362,47.383651],[-115.062352,47.383669],[-115.062372,47.383684],[-115.062419,47.383689],[-115.062561,47.383692],[-115.062745,47.383693],[-115.062858,47.383678],[-115.062966,47.383656],[-115.063055,47.383642],[-115.063101,47.383639],[-115.063171,47.383644],[-115.063209,47.383677],[-115.063221,47.383737],[-115.063205,47.383784],[-115.063172,47.383825],[-115.063091,47.383872],[-115.062989,47.383928],[-115.062859,47.383982],[-115.062776,47.384022],[-115.062661,47.384051],[-115.062505,47.384088],[-115.062366,47.384121],[-115.062231,47.384158],[-115.062156,47.38419],[-115.062071,47.384227],[-115.061929,47.38428],[-115.061742,47.384283],[-115.061641,47.384292],[-115.06157,47.384303],[-115.061485,47.38432],[-115.061309,47.384481],[-115.06081,47.384958],[-115.060615,47.38543],[-115.060605,47.385579],[-115.060748,47.385867],[-115.060876,47.386049],[-115.060954,47.386336],[-115.061007,47.386839],[-115.060848,47.387211],[-115.060486,47.387477],[-115.059597,47.3876],[-115.059226,47.387746],[-115.059243,47.387926],[-115.059496,47.388138],[-115.059941,47.388302],[-115.060046,47.388443],[-115.06005,47.388664],[-115.059995,47.389152],[-115.059858,47.389692],[-115.059811,47.390013],[-115.059874,47.390433],[-115.059733,47.390616],[-115.059438,47.390937],[-115.059036,47.391166],[-115.058897,47.391389],[-115.058872,47.391609],[-115.059115,47.392248],[-115.059231,47.392705],[-115.059233,47.393056],[-115.0594,47.393265],[-115.059451,47.393645],[-115.059481,47.393971],[-115.059194,47.394358],[-115.059015,47.39462],[-115.058708,47.394896],[-115.057965,47.395141],[-115.05633,47.395509],[-115.05589,47.395659],[-115.055515,47.395946],[-115.055278,47.396145],[-115.055196,47.396444],[-115.055292,47.39665],[-115.055475,47.396897],[-115.055492,47.397067],[-115.055345,47.397229],[-115.054941,47.397725],[-115.054068,47.398317],[-115.053074,47.398703],[-115.051333,47.399109],[-115.050905,47.399323],[-115.05058,47.399752],[-115.050376,47.400521],[-115.050075,47.401198],[-115.04976,47.401527],[-115.049559,47.401963],[-115.049327,47.402238],[-115.048938,47.402443],[-115.048357,47.402711],[-115.048109,47.402963],[-115.048045,47.403157],[-115.04808,47.403444],[-115.047869,47.403658],[-115.047832,47.403696],[-115.047764,47.403758],[-115.047403,47.404089],[-115.046861,47.404226],[-115.046415,47.404341],[-115.046134,47.404245],[-115.045606,47.404188],[-115.045382,47.404215],[-115.045202,47.404314],[-115.045097,47.404547],[-115.045107,47.404753],[-115.044974,47.404872],[-115.044425,47.404872],[-115.044019,47.404954],[-115.043921,47.405102],[-115.043939,47.4052],[-115.044041,47.405365],[-115.044326,47.405577],[-115.044285,47.405785],[-115.044488,47.40613],[-115.044929,47.406312],[-115.045234,47.406663],[-115.04509,47.407066],[-115.044845,47.407273],[-115.044783,47.407544],[-115.044956,47.407696],[-115.045292,47.408076],[-115.04576,47.40874],[-115.045863,47.409203],[-115.045707,47.410302],[-115.044874,47.410907]]},"properties":{"kind":"trail","id":"709","name":"OLSON PEAK","bmp":0.9630000000000001,"emp":4.5,"mvum_symbol_name":"Trails open to motorcycles, Yearlong","seasonal":"yearlong","motorcycle_datesopen":"01/01-12/31","districtname":"Superior Ranger District","trailclass":"TC3 - DEVELOPED"}},{"type":"Feature","geometry":{"type":"LineString","coordinates":[[-114.58868,47.089613],[-114.588788,47.090247],[-114.588811,47.090532],[-114.588787,47.091712],[-114.588851,47.092341],[-114.589013,47.093114],[-114.589472,47.094086],[-114.589802,47.094882],[-114.590204,47.095512],[-114.590661,47.096212],[-114.591303,47.09687],[-114.592052,47.097628],[-114.592709,47.098231],[-114.593055,47.098532],[-114.593417,47.098735],[-114.594236,47.098927],[-114.595062,47.099107],[-114.595665,47.099355],[-114.596604,47.099912],[-114.597369,47.100422],[-114.59821,47.100929],[-114.59948,47.101586],[-114.600341,47.102133],[-114.600949,47.102598],[-114.601689,47.103263],[-114.601916,47.103574],[-114.602172,47.104234],[-114.602214,47.10488],[-114.602135,47.105703],[-114.602197,47.106516],[-114.602455,47.107145],[-114.602842,47.107446],[-114.603323,47.107677],[-114.604024,47.107979],[-114.605092,47.108296],[-114.606513,47.108634],[-114.607396,47.108979],[-114.607982,47.109349],[-114.608308,47.10976],[-114.608627,47.110488],[-114.608731,47.110736],[-114.60927,47.11174],[-114.609591,47.112231],[-114.609978,47.112488],[-114.61038,47.112698],[-114.610822,47.113107],[-114.610961,47.113258],[-114.611724,47.11374],[-114.612849,47.114352],[-114.613933,47.114944],[-114.614576,47.115393],[-114.615445,47.116069],[-114.616545,47.117001],[-114.616973,47.117427],[-114.617213,47.117877],[-114.617818,47.1194],[-114.618323,47.120798],[-114.618624,47.121757],[-114.618931,47.123019],[-114.619212,47.123602],[-114.619534,47.123805],[-114.620015,47.124039],[-114.620764,47.124242],[-114.621327,47.124489],[-114.621989,47.124929],[-114.622343,47.125071],[-114.622692,47.125182],[-114.62348,47.1254],[-114.623936,47.12548],[-114.62465,47.125511],[-114.625075,47.125494],[-114.62591,47.125511],[-114.626284,47.1255],[-114.626661,47.1255],[-114.627125,47.125495],[-114.627557,47.125524],[-114.627882,47.125518],[-114.62812,47.125461],[-114.628445,47.125351],[-114.628773,47.125354],[-114.62904,47.125397],[-114.629792,47.125618],[-114.630275,47.125806],[-114.630677,47.12599],[-114.631129,47.126193],[-114.631621,47.126468],[-114.6322,47.12677],[-114.63279,47.127143],[-114.633276,47.127529],[-114.633628,47.127788],[-114.634152,47.128227],[-114.634555,47.128511],[-114.634836,47.128792],[-114.635005,47.129033],[-114.635225,47.129336],[-114.635389,47.129626],[-114.635429,47.129738],[-114.635706,47.130155],[-114.635799,47.130291],[-114.635931,47.130604],[-114.635896,47.131127],[-114.635829,47.131499],[-114.635795,47.131926],[-114.63576,47.132128],[-114.635751,47.132571],[-114.635693,47.132934],[-114.635733,47.133261],[-114.635808,47.133343],[-114.63608,47.133534],[-114.636219,47.133594],[-114.636753,47.133749],[-114.637419,47.133922],[-114.638007,47.134031],[-114.638424,47.134111],[-114.638955,47.13426],[-114.639347,47.134363],[-114.639814,47.134499],[-114.640155,47.134637],[-114.640317,47.13482],[-114.64024,47.13509],[-114.639986,47.135483],[-114.639692,47.136038],[-114.639585,47.13635],[-114.639447,47.136502],[-114.639358,47.136819],[-114.639245,47.137248],[-114.639231,47.137523],[-114.639309,47.137742],[-114.639423,47.137836],[-114.639633,47.13789],[-114.639939,47.138093],[-114.640034,47.138204],[-114.640035,47.138339],[-114.63985,47.138553],[-114.639656,47.138683],[-114.639435,47.138687],[-114.639186,47.138699],[-114.63909,47.138763],[-114.638951,47.139006],[-114.638968,47.139401],[-114.638899,47.139535],[-114.638685,47.139809],[-114.638408,47.140171],[-114.638359,47.140582],[-114.638431,47.141164],[-114.638877,47.141666],[-114.639102,47.142123],[-114.639157,47.142398],[-114.639104,47.142915],[-114.639029,47.143215],[-114.639326,47.143677],[-114.639679,47.144073],[-114.639859,47.144444],[-114.640005,47.144743],[-114.640155,47.145107],[-114.640363,47.145436],[-114.640608,47.145719],[-114.640931,47.146083],[-114.641311,47.146509],[-114.641607,47.146817],[-114.641745,47.147077],[-114.641902,47.147409],[-114.642101,47.147721],[-114.642469,47.14812],[-114.642805,47.148485],[-114.643129,47.148779],[-114.643414,47.149082],[-114.643526,47.149204],[-114.643685,47.149252],[-114.64401,47.149302],[-114.644568,47.149552],[-114.645057,47.149756],[-114.645498,47.149944],[-114.646006,47.150327],[-114.646351,47.150603],[-114.646535,47.150839],[-114.646673,47.151058],[-114.646818,47.151271],[-114.646938,47.151552],[-114.647101,47.151686],[-114.646919,47.152195],[-114.646935,47.152359],[-114.647005,47.152694],[-114.647075,47.153108],[-114.647143,47.153817],[-114.647113,47.154276],[-114.647086,47.154638],[-114.647191,47.155016],[-114.647303,47.15533],[-114.647512,47.155862],[-114.647907,47.15641],[-114.648154,47.156795],[-114.648422,47.157107],[-114.648768,47.157517],[-114.648918,47.15778],[-114.649048,47.158043],[-114.649103,47.158401],[-114.649061,47.158757],[-114.648988,47.159129],[-114.648902,47.159652],[-114.648804,47.160052],[-114.648708,47.160403],[-114.648586,47.160722],[-114.648583,47.16073],[-114.648402,47.161191],[-114.648378,47.161292],[-114.648298,47.161867],[-114.648238,47.16229],[-114.648321,47.162684],[-114.648377,47.163099],[-114.648505,47.16355],[-114.648647,47.163934],[-114.648729,47.164114],[-114.648803,47.164295],[-114.648848,47.164471],[-114.648848,47.164719],[-114.648947,47.16508],[-114.649089,47.165541],[-114.649212,47.165942],[-114.649394,47.166324],[-114.649436,47.166512],[-114.649501,47.166759],[-114.649675,47.167223],[-114.64978,47.167609],[-114.649859,47.168009],[-114.64987,47.168058],[-114.649943,47.168104],[-114.650005,47.168191],[-114.650031,47.168293],[-114.650038,47.168468],[-114.650001,47.168611],[-114.649962,47.168826],[-114.649964,47.168914],[-114.649997,47.168968],[-114.650107,47.169023],[-114.65024,47.169142],[-114.650404,47.169219],[-114.650539,47.169347],[-114.650717,47.169556],[-114.65114,47.170138],[-114.651244,47.170331],[-114.651306,47.170425],[-114.651441,47.170542],[-114.652078,47.171064],[-114.652153,47.171151],[-114.652177,47.17124],[-114.65217,47.171366],[-114.652155,47.171465],[-114.652078,47.171622],[-114.651998,47.171739],[-114.651821,47.171934],[-114.651576,47.17226],[-114.65152,47.172342],[-114.651505,47.172434],[-114.651553,47.172523],[-114.651615,47.172579],[-114.651881,47.172683],[-114.652352,47.17289],[-114.652489,47.172993],[-114.653104,47.173321],[-114.653467,47.173483],[-114.653748,47.173545],[-114.654362,47.17363],[-114.654726,47.173709],[-114.654875,47.173713],[-114.655332,47.173675],[-114.655578,47.173668],[-114.655842,47.173697],[-114.656075,47.173749],[-114.656334,47.173856],[-114.656532,47.17394],[-114.656672,47.17405],[-114.656854,47.174203],[-114.657265,47.174572],[-114.657469,47.174718],[-114.657704,47.174834],[-114.658,47.174956],[-114.658358,47.175067],[-114.658675,47.175117],[-114.659115,47.175222],[-114.659269,47.17528],[-114.659701,47.175472],[-114.66032,47.175704],[-114.660508,47.175752],[-114.661107,47.175875],[-114.661301,47.175931],[-114.661413,47.175976],[-114.661494,47.176028],[-114.661795,47.176275],[-114.662108,47.176502],[-114.662054,47.176537],[-114.66205,47.176683],[-114.662074,47.176768],[-114.662203,47.176934],[-114.662546,47.177293],[-114.662881,47.177496],[-114.663007,47.177634],[-114.66344,47.177962],[-114.663828,47.178177],[-114.664336,47.178509],[-114.664708,47.178863],[-114.664799,47.179038],[-114.66492,47.179201],[-114.664984,47.179299],[-114.665581,47.179363],[-114.665749,47.179356],[-114.666073,47.179303],[-114.666696,47.179234],[-114.666948,47.179243],[-114.667065,47.179253],[-114.667141,47.179295],[-114.667162,47.179361],[-114.667185,47.179489],[-114.667043,47.179611],[-114.666963,47.179688],[-114.666901,47.179755],[-114.666674,47.180097],[-114.666478,47.180422],[-114.666445,47.180497],[-114.666435,47.180563],[-114.666442,47.180622],[-114.666472,47.180686],[-114.666515,47.180748],[-114.666593,47.180813],[-114.666712,47.180896],[-114.667549,47.181411],[-114.66801,47.181694],[-114.668355,47.18182],[-114.668475,47.181813],[-114.668522,47.181917],[-114.668648,47.182052],[-114.668772,47.182155],[-114.669001,47.182312],[-114.66995,47.182897],[-114.67011,47.182986],[-114.670183,47.183025],[-114.670809,47.183303],[-114.670937,47.183372],[-114.671015,47.183439],[-114.671072,47.183527],[-114.67115,47.18365],[-114.671237,47.183861],[-114.671392,47.184298],[-114.671546,47.184656],[-114.671763,47.184995],[-114.671895,47.185168],[-114.672007,47.185284],[-114.67217,47.185426],[-114.672351,47.185565],[-114.672495,47.185657],[-114.672673,47.185744],[-114.672864,47.185828],[-114.673189,47.185947],[-114.673527,47.186079],[-114.673979,47.186253],[-114.674124,47.186316],[-114.674248,47.18638],[-114.674406,47.186475],[-114.674627,47.186629],[-114.674901,47.186839],[-114.675418,47.18727],[-114.675682,47.18751],[-114.675949,47.18775],[-114.677001,47.188854],[-114.677142,47.188969],[-114.677399,47.189165],[-114.677794,47.189451],[-114.678116,47.189657],[-114.678822,47.190114],[-114.67895,47.190209],[-114.679239,47.190441],[-114.67934,47.190508],[-114.67942,47.190545],[-114.679527,47.190575],[-114.679648,47.190583],[-114.679765,47.190577],[-114.679885,47.190554],[-114.680128,47.19046],[-114.680244,47.190429],[-114.680324,47.190419],[-114.6804,47.190429],[-114.680481,47.190455],[-114.680573,47.190515],[-114.680816,47.190748],[-114.68094,47.190853],[-114.681064,47.190937],[-114.681691,47.191335],[-114.68184,47.191447],[-114.682132,47.191682],[-114.682249,47.19177],[-114.682314,47.191809],[-114.6825,47.191902],[-114.682647,47.191975],[-114.683065,47.192251],[-114.683239,47.192356],[-114.683348,47.19241],[-114.683512,47.192478],[-114.683886,47.192637],[-114.684546,47.192954],[-114.684845,47.193121],[-114.685052,47.193233],[-114.685188,47.193315],[-114.685451,47.193497],[-114.685841,47.193747],[-114.68593,47.193813],[-114.686027,47.19391],[-114.686214,47.194104],[-114.686317,47.194194],[-114.686501,47.194337],[-114.68675,47.194561],[-114.687017,47.194804],[-114.687293,47.195028],[-114.687349,47.195072],[-114.687377,47.195117],[-114.687401,47.195206],[-114.687409,47.195364],[-114.687434,47.195457],[-114.687484,47.195588],[-114.687639,47.195888],[-114.687684,47.195971],[-114.687707,47.196043],[-114.687718,47.196183],[-114.687729,47.196254],[-114.6878,47.196461],[-114.687862,47.196706],[-114.68787,47.196786],[-114.687872,47.196863],[-114.687868,47.196933],[-114.687819,47.19711],[-114.68779,47.197239],[-114.687775,47.197308],[-114.687782,47.197395],[-114.687808,47.19755],[-114.687821,47.197772],[-114.687813,47.19789],[-114.687818,47.197978],[-114.687829,47.198054],[-114.687857,47.198147],[-114.687903,47.19826],[-114.687951,47.198338],[-114.688016,47.198408],[-114.688111,47.198472],[-114.688235,47.198558],[-114.688542,47.198782],[-114.688632,47.198855],[-114.688802,47.199001],[-114.688933,47.19909],[-114.689005,47.199144],[-114.689085,47.199176],[-114.68915,47.199184],[-114.689221,47.199173],[-114.689272,47.199153],[-114.689383,47.199101],[-114.689509,47.19902],[-114.689645,47.198929],[-114.689768,47.198825],[-114.68989,47.198697],[-114.689986,47.198577],[-114.690053,47.198463],[-114.690089,47.198363],[-114.690157,47.198075],[-114.690174,47.198036],[-114.690189,47.197999],[-114.690193,47.19799],[-114.690239,47.197926],[-114.690356,47.19783],[-114.690445,47.197757],[-114.690505,47.197686],[-114.690547,47.19762],[-114.690558,47.197556],[-114.690546,47.197481],[-114.690473,47.197321],[-114.690474,47.197197],[-114.690529,47.19711],[-114.690539,47.197101],[-114.690588,47.197055],[-114.690716,47.196994],[-114.690825,47.196963],[-114.690849,47.19696],[-114.690939,47.19695],[-114.69103,47.196956],[-114.691099,47.19696],[-114.691236,47.196961],[-114.69135,47.196944],[-114.691446,47.196913],[-114.691501,47.19688],[-114.691517,47.196864],[-114.691552,47.196829],[-114.691582,47.196798],[-114.69172,47.196595],[-114.691823,47.196519],[-114.692043,47.196412],[-114.692159,47.196435],[-114.692281,47.196496],[-114.692365,47.196553],[-114.692428,47.196588],[-114.692516,47.196615],[-114.692673,47.196657],[-114.692879,47.196742],[-114.693239,47.196884],[-114.693596,47.19704],[-114.693684,47.197091],[-114.69381,47.197188],[-114.695298,47.199039],[-114.696159,47.199838],[-114.696248,47.199913],[-114.696305,47.199965],[-114.696369,47.19999],[-114.696482,47.200031],[-114.697007,47.200186],[-114.697488,47.200429],[-114.697584,47.200471],[-114.697702,47.200514],[-114.697916,47.200573],[-114.698041,47.200617],[-114.698147,47.20067],[-114.698271,47.200708],[-114.698381,47.200733],[-114.698617,47.200768],[-114.698701,47.200775],[-114.698785,47.200784],[-114.698855,47.200804],[-114.698972,47.200858],[-114.699089,47.200913],[-114.699301,47.200996],[-114.699634,47.201105],[-114.700392,47.201358],[-114.700558,47.201436],[-114.700665,47.201496],[-114.700727,47.201529],[-114.700806,47.20155],[-114.700871,47.201559],[-114.700993,47.201596],[-114.701069,47.20164],[-114.701169,47.201739],[-114.701335,47.201822],[-114.701577,47.201943],[-114.701675,47.201986],[-114.701774,47.202056],[-114.701914,47.202141],[-114.702025,47.202199],[-114.702092,47.20226],[-114.702138,47.202327],[-114.702227,47.202405],[-114.702281,47.202445],[-114.702531,47.202864],[-114.703042,47.20374],[-114.703093,47.203812],[-114.703154,47.203869],[-114.703221,47.203905],[-114.70329,47.203949],[-114.703337,47.204022],[-114.703371,47.204134],[-114.703442,47.204256],[-114.703573,47.204373],[-114.703746,47.204514],[-114.703837,47.204605],[-114.703981,47.204698],[-114.704051,47.204765],[-114.704143,47.204885],[-114.704208,47.204974],[-114.704257,47.205102],[-114.704305,47.205276],[-114.704382,47.205471],[-114.704429,47.205558],[-114.70446,47.205637],[-114.704485,47.205722],[-114.704503,47.205833],[-114.704577,47.20587],[-114.705104,47.206154],[-114.705569,47.206405],[-114.706047,47.206638],[-114.706374,47.206786],[-114.706607,47.206913],[-114.707163,47.207211],[-114.707351,47.207461],[-114.707845,47.207907],[-114.708087,47.208092],[-114.708288,47.208211],[-114.708508,47.208311],[-114.708838,47.208432],[-114.709298,47.208581],[-114.709655,47.208686],[-114.71018,47.208832],[-114.71037,47.208871],[-114.710561,47.208891],[-114.71076,47.208884],[-114.711064,47.208875],[-114.711465,47.208824],[-114.711744,47.20878],[-114.711902,47.208747],[-114.712205,47.208659],[-114.712315,47.20863],[-114.712954,47.208503],[-114.713119,47.208441],[-114.713292,47.208352],[-114.713509,47.208206],[-114.714176,47.207574],[-114.714354,47.207459],[-114.714481,47.2074],[-114.714689,47.207305],[-114.714853,47.207262],[-114.715062,47.207214],[-114.71529,47.207182],[-114.716385,47.20714],[-114.716693,47.207138],[-114.717063,47.207161],[-114.717673,47.207167],[-114.717897,47.207162],[-114.718119,47.207142],[-114.719054,47.207033],[-114.719358,47.206985],[-114.719577,47.206935],[-114.719887,47.206847],[-114.720224,47.206748],[-114.720713,47.206587],[-114.720912,47.206511],[-114.721155,47.206419],[-114.721315,47.206369],[-114.722563,47.206028],[-114.722857,47.205952],[-114.723053,47.205887],[-114.723523,47.205712],[-114.723667,47.205641],[-114.723841,47.205524],[-114.72399,47.205402],[-114.724068,47.205303],[-114.724246,47.20494],[-114.724289,47.204804],[-114.724316,47.204581],[-114.724332,47.204411],[-114.724355,47.204348],[-114.72443,47.204198],[-114.724487,47.204116],[-114.72456,47.20405],[-114.724647,47.204004],[-114.724852,47.203934],[-114.725124,47.203861],[-114.725488,47.203791],[-114.725951,47.203739],[-114.726216,47.203727],[-114.726359,47.203705],[-114.726708,47.203653],[-114.726991,47.203576],[-114.727253,47.203469],[-114.72757,47.203337],[-114.727843,47.203234],[-114.728011,47.203195],[-114.728212,47.203172],[-114.728363,47.203177],[-114.728482,47.203215],[-114.728562,47.203278],[-114.728545,47.203357],[-114.728452,47.203476],[-114.728285,47.203808],[-114.728143,47.204292],[-114.728009,47.204678],[-114.727762,47.205159],[-114.727549,47.205765],[-114.727437,47.206267],[-114.727368,47.206848],[-114.727324,47.207513],[-114.727364,47.207814],[-114.727408,47.207968],[-114.727521,47.208199],[-114.727728,47.208483],[-114.728002,47.20874],[-114.728471,47.208993],[-114.729023,47.209223],[-114.729477,47.209396],[-114.729766,47.209478],[-114.730117,47.209565],[-114.730402,47.209614],[-114.731424,47.209722],[-114.731855,47.209751],[-114.732493,47.209794],[-114.73268,47.209797],[-114.733053,47.209851],[-114.733301,47.209865],[-114.733523,47.209825],[-114.734232,47.209664],[-114.734488,47.209595],[-114.734846,47.209459],[-114.735279,47.209272],[-114.735627,47.209209],[-114.736114,47.209143],[-114.736477,47.20906],[-114.737456,47.208832],[-114.738019,47.208644],[-114.738636,47.208465],[-114.739182,47.208216],[-114.739504,47.207996],[-114.739812,47.20782],[-114.740144,47.207699],[-114.740451,47.207623],[-114.74098,47.207511],[-114.741535,47.207457],[-114.742292,47.207416],[-114.742855,47.207459],[-114.743072,47.207516],[-114.74316,47.207552],[-114.743337,47.207635],[-114.743467,47.207717],[-114.743589,47.207854],[-114.743789,47.208249],[-114.743911,47.20854],[-114.744009,47.209217],[-114.744062,47.209726],[-114.744091,47.209949],[-114.744184,47.210362],[-114.744679,47.212042],[-114.744688,47.212327],[-114.744824,47.212646],[-114.745093,47.212927],[-114.745247,47.213055],[-114.745505,47.213296],[-114.745729,47.213486],[-114.745962,47.213715],[-114.746238,47.213952],[-114.746472,47.214075],[-114.746914,47.2143],[-114.74705,47.214383],[-114.747133,47.214391],[-114.747193,47.214421],[-114.747276,47.214434],[-114.747504,47.214472],[-114.74759,47.214515],[-114.74767,47.214606],[-114.747766,47.214684],[-114.747867,47.214768],[-114.748139,47.214845],[-114.748234,47.214891],[-114.748408,47.214931],[-114.748553,47.21494],[-114.74879,47.21492],[-114.74883,47.214929],[-114.749319,47.215015],[-114.750037,47.215144],[-114.750321,47.215179],[-114.751011,47.215291],[-114.751356,47.215457],[-114.751585,47.215529],[-114.752034,47.215665],[-114.752302,47.215754],[-114.752517,47.215857],[-114.75268,47.216072],[-114.752831,47.216334],[-114.752975,47.216575],[-114.7533,47.216882],[-114.753542,47.21708],[-114.75395,47.217333],[-114.754216,47.217491],[-114.754457,47.217733],[-114.754768,47.217903],[-114.75513,47.218095],[-114.756178,47.218657],[-114.756468,47.218776],[-114.756935,47.218969],[-114.757477,47.219235],[-114.758389,47.219639],[-114.760925,47.220407],[-114.762517,47.220804],[-114.763828,47.221128],[-114.76432,47.221325],[-114.76469,47.221726],[-114.764971,47.222362],[-114.765085,47.22298],[-114.765084,47.223744],[-114.765186,47.224528],[-114.765194,47.225509],[-114.765251,47.226721],[-114.765162,47.226974],[-114.76514,47.22728],[-114.76503,47.227602],[-114.764896,47.227933],[-114.7649,47.228019],[-114.765132,47.228204],[-114.765235,47.228304],[-114.765297,47.228475],[-114.765393,47.228678],[-114.765663,47.228934],[-114.765724,47.229007],[-114.76572,47.229106],[-114.765774,47.229521],[-114.765673,47.229809],[-114.765494,47.230043],[-114.765352,47.230242],[-114.76531,47.230416],[-114.765274,47.230654],[-114.765147,47.231051],[-114.765149,47.231054],[-114.764891,47.231893],[-114.765013,47.232396],[-114.765494,47.232935],[-114.766039,47.233588],[-114.766642,47.234223],[-114.767338,47.234969],[-114.768364,47.235784],[-114.768809,47.236333],[-114.769557,47.237088],[-114.77019,47.237747],[-114.770784,47.238201],[-114.771719,47.238527],[-114.772559,47.238988],[-114.772867,47.239631],[-114.773622,47.240239],[-114.773995,47.240892],[-114.774039,47.241514],[-114.773936,47.242038],[-114.773741,47.242737],[-114.773273,47.243894],[-114.772973,47.244627],[-114.772492,47.245644],[-114.772097,47.246581],[-114.77195,47.247528],[-114.771844,47.24807],[-114.771964,47.248519],[-114.772207,47.249047],[-114.77253,47.249528],[-114.772833,47.249983],[-114.772872,47.250404],[-114.772854,47.250674],[-114.7727,47.250793],[-114.772532,47.250848],[-114.772244,47.250787],[-114.771935,47.250485],[-114.771681,47.250238],[-114.771384,47.249982],[-114.771111,47.249815],[-114.770914,47.249649],[-114.770723,47.249566],[-114.770605,47.249591],[-114.770681,47.249778],[-114.7708,47.249982],[-114.770835,47.250178],[-114.77089,47.250525],[-114.771042,47.251084],[-114.771091,47.251412],[-114.771162,47.25168],[-114.771291,47.252087],[-114.77138,47.252574],[-114.771392,47.252667],[-114.771444,47.252937],[-114.771563,47.25326],[-114.771607,47.253491],[-114.771607,47.253671],[-114.771603,47.253716],[-114.771578,47.253741],[-114.771535,47.253752],[-114.771488,47.253753],[-114.771455,47.253768]]},"properties":{"kind":"trail","id":"51","name":"NINEMILE DIVIDE","bmp":0,"emp":17.822400000000002,"mvum_symbol_name":"Trails open to motorcycles, Yearlong","seasonal":"yearlong","motorcycle_datesopen":"01/01-12/31","districtname":"Superior Ranger District","trailclass":"TC3 - DEVELOPED"}},{"type":"Feature","geometry":{"type":"LineString","coordinates":[[-115.029144,47.324327],[-115.025571,47.324019],[-115.02416,47.323961],[-115.022905,47.324009],[-115.020566,47.324538],[-115.018703,47.325393],[-115.017828,47.325889],[-115.017276,47.326293],[-115.016764,47.327203],[-115.016427,47.327541],[-115.016088,47.328242],[-115.016101,47.328524],[-115.015842,47.32891],[-115.015175,47.329652],[-115.01485,47.330104],[-115.014697,47.330425],[-115.014588,47.330768],[-115.01445,47.331858],[-115.014169,47.332921],[-115.014009,47.333869],[-115.013673,47.334575],[-115.013626,47.334932],[-115.013337,47.335422],[-115.013166,47.335919],[-115.012325,47.33677],[-115.011908,47.337038],[-115.01113,47.337449],[-115.010485,47.3377],[-115.008551,47.338315],[-115.006256,47.338917],[-115.004716,47.339151],[-115.003226,47.339288],[-115.001018,47.339163],[-115.000058,47.339478],[-114.995647,47.34146],[-114.994201,47.341905],[-114.993072,47.342169],[-114.991461,47.342433],[-114.990976,47.342434],[-114.990154,47.342341],[-114.989627,47.342215],[-114.987732,47.341563],[-114.986981,47.341261],[-114.985917,47.340977],[-114.985272,47.340884],[-114.984019,47.340815],[-114.98293,47.340831],[-114.981398,47.341001],[-114.979101,47.341072],[-114.977244,47.340982],[-114.976179,47.340848],[-114.974953,47.340574],[-114.974187,47.340355],[-114.973703,47.34029],[-114.971499,47.340406],[-114.969603,47.340367],[-114.969024,47.340285],[-114.967693,47.340195],[-114.966909,47.340084],[-114.965556,47.339783],[-114.964166,47.339404],[-114.963256,47.339048],[-114.962796,47.338817],[-114.962343,47.338462],[-114.962139,47.337941],[-114.961978,47.33787],[-114.961413,47.337913],[-114.960873,47.337776],[-114.959842,47.337383],[-114.955216,47.334197],[-114.954952,47.333949],[-114.952667,47.332606],[-114.950976,47.331526],[-114.949425,47.330831],[-114.948193,47.330095],[-114.94728,47.32963],[-114.946538,47.329137],[-114.943569,47.327854],[-114.943184,47.32765],[-114.942053,47.327223],[-114.941715,47.3272],[-114.938651,47.326576],[-114.937604,47.326411],[-114.936312,47.326274],[-114.935894,47.326292],[-114.934722,47.326454],[-114.931538,47.326668],[-114.930247,47.326889],[-114.928498,47.32737],[-114.926223,47.327813],[-114.924715,47.327928],[-114.923723,47.327835],[-114.923196,47.327629],[-114.922675,47.327354],[-114.922349,47.327287],[-114.92203,47.327332],[-114.92151,47.328016],[-114.920989,47.328456],[-114.920542,47.328471],[-114.919761,47.32839],[-114.919134,47.328186],[-114.916634,47.327024],[-114.915358,47.326518],[-114.914231,47.32593],[-114.913083,47.325613],[-114.912643,47.32542],[-114.912278,47.325135],[-114.912094,47.324877],[-114.911858,47.324264],[-114.911689,47.323714],[-114.911626,47.323057],[-114.911483,47.322729],[-114.910384,47.320794],[-114.910005,47.320325],[-114.908951,47.3193],[-114.907724,47.318643],[-114.905023,47.31744],[-114.903927,47.316838],[-114.903485,47.316661],[-114.902379,47.316479],[-114.90067,47.316365],[-114.899944,47.316203],[-114.899219,47.316128],[-114.898713,47.316116],[-114.898139,47.316102],[-114.897862,47.316073],[-114.897706,47.315913],[-114.897609,47.315868],[-114.897565,47.315485],[-114.897518,47.315336],[-114.897424,47.315283],[-114.897302,47.315284],[-114.89684,47.315583],[-114.896679,47.315629],[-114.896495,47.315574],[-114.896054,47.315282],[-114.895844,47.315245],[-114.895692,47.315369],[-114.895593,47.315798],[-114.895389,47.315901],[-114.894703,47.316118],[-114.893899,47.316191],[-114.892931,47.31625],[-114.892552,47.316334],[-114.891906,47.316661],[-114.891705,47.316828],[-114.891339,47.31721],[-114.891245,47.317511],[-114.890801,47.317719],[-114.890197,47.317858],[-114.889978,47.318011],[-114.88955,47.318388],[-114.889252,47.318861],[-114.889195,47.319133],[-114.889218,47.319564],[-114.889542,47.32004],[-114.889717,47.320134],[-114.890644,47.320434],[-114.891152,47.320698],[-114.891412,47.321027],[-114.891435,47.321136],[-114.891509,47.321503],[-114.891528,47.321767],[-114.891495,47.322022],[-114.89146,47.322107],[-114.891439,47.322156],[-114.891406,47.322191],[-114.891346,47.322226],[-114.891257,47.322248],[-114.891175,47.322253],[-114.891068,47.322248],[-114.890738,47.322216]]},"properties":{"kind":"trail","id":"223","name":"RIVER TRAIL","bmp":0,"emp":8.6099,"mvum_symbol_name":"Trails open to motorcycles, Yearlong","seasonal":"yearlong","motorcycle_datesopen":"01/01-12/31","districtname":"Superior Ranger District","trailclass":"TC3 - DEVELOPED"}},{"type":"Feature","geometry":{"type":"LineString","coordinates":[[-115.101614,47.218314],[-115.101375,47.218136],[-115.101266,47.218082],[-115.100906,47.217984],[-115.100524,47.217853],[-115.100092,47.217663],[-115.099792,47.21752],[-115.099455,47.217296],[-115.098926,47.217051],[-115.098612,47.216868],[-115.098347,47.21671],[-115.098118,47.216585],[-115.098017,47.216536],[-115.097809,47.216377],[-115.097638,47.216229],[-115.097473,47.216059],[-115.097189,47.215807],[-115.096934,47.215598],[-115.096784,47.215459],[-115.096569,47.215295],[-115.096478,47.215229],[-115.096413,47.215163],[-115.096331,47.215095],[-115.096242,47.215002],[-115.096172,47.214938],[-115.096107,47.214895],[-115.096066,47.214856],[-115.096024,47.214807],[-115.095932,47.214748],[-115.095843,47.214657],[-115.095728,47.214565],[-115.095589,47.214422],[-115.095428,47.214288],[-115.095358,47.214253],[-115.095265,47.214223],[-115.095138,47.214166],[-115.0949,47.214069],[-115.094595,47.213967],[-115.094305,47.213856],[-115.094103,47.213754],[-115.093885,47.213656],[-115.093647,47.21356],[-115.09336,47.213514],[-115.093055,47.2135],[-115.091829,47.213187],[-115.089936,47.212529],[-115.088398,47.212175],[-115.086975,47.2123],[-115.084295,47.21298],[-115.082268,47.213425],[-115.080449,47.213773],[-115.079419,47.213804],[-115.079022,47.213897],[-115.078712,47.214058],[-115.078461,47.214084],[-115.077384,47.213897],[-115.075935,47.21374],[-115.075312,47.213608],[-115.073946,47.213163],[-115.073438,47.213163],[-115.072812,47.213422],[-115.071573,47.213762],[-115.07029,47.213767],[-115.069035,47.213845],[-115.067177,47.213707],[-115.066302,47.213587],[-115.064892,47.213109],[-115.064199,47.213038],[-115.063413,47.213082],[-115.062447,47.21345],[-115.061174,47.21374],[-115.060771,47.213741],[-115.058347,47.213328],[-115.05781,47.213324],[-115.056788,47.213428],[-115.054607,47.213509],[-115.054252,47.2134],[-115.05381,47.21291],[-115.053559,47.212785],[-115.050929,47.21194],[-115.050067,47.21172],[-115.048852,47.211249],[-115.048071,47.210998],[-115.045731,47.210487],[-115.044965,47.210071],[-115.043267,47.209603],[-115.042666,47.209336],[-115.042383,47.209137],[-115.041073,47.20872],[-115.039295,47.207569],[-115.038279,47.207305],[-115.037708,47.207278],[-115.036977,47.207156],[-115.036379,47.207147],[-115.033715,47.207633],[-115.032766,47.207967],[-115.032205,47.208275],[-115.03181,47.208624],[-115.031183,47.209383],[-115.030762,47.209606],[-115.030482,47.209667],[-115.029192,47.21084],[-115.027259,47.212189],[-115.026043,47.213372],[-115.02519,47.214051],[-115.025075,47.21415],[-115.024912,47.214445],[-115.024815,47.214541],[-115.024704,47.214602],[-115.024551,47.214709],[-115.024487,47.214741],[-115.024391,47.214756],[-115.024309,47.214799],[-115.024135,47.214962],[-115.023759,47.214995],[-115.023591,47.215026],[-115.023385,47.215085],[-115.023247,47.215121],[-115.02313,47.215129],[-115.022632,47.215108],[-115.022522,47.215107],[-115.022399,47.215088],[-115.022281,47.215048],[-115.022146,47.214982],[-115.02195,47.214888],[-115.021685,47.214727],[-115.021399,47.214554],[-115.021306,47.21452],[-115.021204,47.214501],[-115.021127,47.214494],[-115.021044,47.21451],[-115.020985,47.214543],[-115.020922,47.214596],[-115.020836,47.214682],[-115.020694,47.214847],[-115.020574,47.214979],[-115.02043,47.215074],[-115.020286,47.215193],[-115.0202,47.215259],[-115.020137,47.215291],[-115.02006,47.21531],[-115.019968,47.215318],[-115.019867,47.215309],[-115.01942,47.215237],[-115.01925,47.215201],[-115.019058,47.215138],[-115.018641,47.215004],[-115.018429,47.214936],[-115.018291,47.214868],[-115.01815,47.214811],[-115.018006,47.214773],[-115.017715,47.214706],[-115.017617,47.214689],[-115.017539,47.214681],[-115.017453,47.21468],[-115.017379,47.214687],[-115.017303,47.214703],[-115.017208,47.214734],[-115.017116,47.214778],[-115.016644,47.215076],[-115.016265,47.215321],[-115.016113,47.215426],[-115.015912,47.215584],[-115.015579,47.215903],[-115.015269,47.216174],[-115.015211,47.216223],[-115.015173,47.21624],[-115.015111,47.216242],[-115.015029,47.216236],[-115.01492,47.216221],[-115.014747,47.216177],[-115.014645,47.216157],[-115.014522,47.216145],[-115.014386,47.216142],[-115.01427,47.216147],[-115.01414,47.216164],[-115.014042,47.216187],[-115.013914,47.216232],[-115.013831,47.21626],[-115.013772,47.21628],[-115.013706,47.216287],[-115.013622,47.216301],[-115.013431,47.216358],[-115.013349,47.216373],[-115.013262,47.216384],[-115.013166,47.216389],[-115.013063,47.216389],[-115.012984,47.216371],[-115.012894,47.216333],[-115.012831,47.216282],[-115.012746,47.216186],[-115.01268,47.216088],[-115.012643,47.216033],[-115.012607,47.215998],[-115.012555,47.215967],[-115.012475,47.215935],[-115.012349,47.215889],[-115.011986,47.215697],[-115.011894,47.215649],[-115.011709,47.215569],[-115.011604,47.215522],[-115.011515,47.215473],[-115.011399,47.215405],[-115.011253,47.215311],[-115.011047,47.215177]]},"properties":{"kind":"trail","id":"194","name":"MARBLE POINT","bmp":0,"emp":4.9555,"mvum_symbol_name":"Trails open to motorcycles, Yearlong","seasonal":"yearlong","motorcycle_datesopen":"01/01-12/31","districtname":"Superior Ranger District","trailclass":"TC3 - DEVELOPED"}},{"type":"Feature","geometry":{"type":"LineString","coordinates":[[-115.588596,47.409068],[-115.58817,47.409382],[-115.587676,47.409843],[-115.586819,47.410772],[-115.586758,47.410837],[-115.58675,47.410846],[-115.58652,47.41096],[-115.585811,47.411097],[-115.585358,47.411387],[-115.585167,47.411378],[-115.584762,47.411031],[-115.584156,47.410758],[-115.582452,47.410524],[-115.582135,47.410381],[-115.581394,47.409848],[-115.580867,47.409318],[-115.580835,47.409142],[-115.580714,47.408484],[-115.580206,47.408011],[-115.579712,47.40766],[-115.579599,47.407523],[-115.579421,47.407029],[-115.579289,47.406871],[-115.578943,47.406675],[-115.57878,47.406461],[-115.578328,47.406086],[-115.578151,47.405529],[-115.578005,47.405248],[-115.577855,47.405099],[-115.577255,47.40482],[-115.575767,47.40442],[-115.57518,47.404173],[-115.573718,47.40375],[-115.572804,47.403411],[-115.571513,47.4025],[-115.571333,47.402276],[-115.571078,47.401712],[-115.570801,47.401306],[-115.569969,47.400621],[-115.569137,47.400357],[-115.567724,47.400115],[-115.566909,47.399864],[-115.56624,47.39947],[-115.565754,47.399042],[-115.565407,47.398593],[-115.565124,47.398344]]},"properties":{"kind":"trail","id":"248","name":"DOMINION CREEK","bmp":0,"emp":2.4,"mvum_symbol_name":"Trails open to motorcycles, Yearlong","seasonal":"yearlong","motorcycle_datesopen":"01/01-12/31","districtname":"Superior Ranger District","trailclass":"TC3 - DEVELOPED"}},{"type":"Feature","geometry":{"type":"LineString","coordinates":[[-114.123381,46.812704],[-114.123358,46.812673],[-114.123326,46.812652],[-114.123306,46.812631],[-114.1233,46.812612],[-114.123307,46.812572],[-114.123318,46.812498],[-114.123315,46.812452],[-114.123302,46.812409],[-114.123275,46.81236],[-114.123254,46.812328],[-114.123244,46.812292],[-114.123252,46.8122],[-114.12325,46.812123],[-114.12324,46.812052],[-114.123244,46.812016],[-114.123256,46.811987],[-114.123306,46.811896],[-114.123325,46.811783],[-114.123335,46.811635],[-114.12336,46.811528],[-114.123403,46.811412],[-114.123498,46.811231],[-114.123669,46.81108],[-114.123774,46.810976],[-114.123868,46.810881],[-114.123959,46.810752],[-114.124099,46.810499],[-114.124162,46.810375],[-114.124289,46.810149],[-114.124402,46.809972],[-114.124508,46.80985],[-114.124545,46.809772],[-114.124567,46.809691],[-114.124597,46.809629],[-114.124674,46.809579],[-114.12475,46.809549],[-114.124862,46.809524],[-114.124961,46.809554],[-114.125086,46.809552],[-114.125229,46.80955],[-114.125335,46.809589],[-114.125437,46.809577],[-114.125507,46.809546],[-114.125521,46.809545],[-114.125609,46.809535],[-114.125706,46.809545],[-114.125791,46.809512],[-114.125865,46.809446],[-114.12594,46.809389],[-114.126029,46.809346],[-114.126223,46.809263],[-114.126444,46.809211],[-114.126663,46.809144],[-114.126757,46.809115],[-114.126838,46.809107],[-114.12692,46.809107],[-114.127052,46.809145],[-114.127138,46.809202],[-114.127166,46.809318],[-114.127153,46.809411],[-114.127023,46.809617],[-114.126938,46.809805],[-114.126925,46.809915],[-114.12693,46.810008],[-114.126907,46.810091],[-114.126825,46.810229],[-114.126629,46.810478],[-114.126599,46.810571],[-114.126588,46.810656],[-114.126643,46.810768],[-114.126702,46.810802],[-114.126761,46.810836],[-114.126837,46.810852],[-114.126918,46.810834],[-114.127123,46.810706],[-114.127314,46.810641],[-114.127474,46.810592],[-114.127583,46.810555],[-114.127734,46.810497],[-114.127826,46.810445],[-114.128514,46.810164],[-114.128659,46.81012],[-114.12882,46.810049],[-114.128914,46.810015],[-114.128987,46.810006],[-114.12906,46.810052],[-114.129226,46.810161],[-114.129593,46.810329],[-114.129866,46.81045],[-114.13,46.81052],[-114.130092,46.810576],[-114.130302,46.810635],[-114.130417,46.81068],[-114.1305,46.810712],[-114.130562,46.810727],[-114.130639,46.810728],[-114.130785,46.810719],[-114.130947,46.810722],[-114.13106,46.810702],[-114.131208,46.81062],[-114.131392,46.810535],[-114.131559,46.810479],[-114.131705,46.810384],[-114.131857,46.810294],[-114.131991,46.81019],[-114.13263,46.809851],[-114.133052,46.809598],[-114.133125,46.809527],[-114.133155,46.809473],[-114.133219,46.809447],[-114.133289,46.809451],[-114.133328,46.809484],[-114.133349,46.809542],[-114.133347,46.809625],[-114.132664,46.8112],[-114.132448,46.811546],[-114.132351,46.811664],[-114.132247,46.811788],[-114.132192,46.811858],[-114.13213,46.811934],[-114.132041,46.812145],[-114.131928,46.812524],[-114.131881,46.81265],[-114.131842,46.812734],[-114.131774,46.8128],[-114.131618,46.812885],[-114.130515,46.813332],[-114.130383,46.813362],[-114.130211,46.813383],[-114.129957,46.81342],[-114.129753,46.81343],[-114.129389,46.81344],[-114.129158,46.813457],[-114.129026,46.813462],[-114.128859,46.813445],[-114.12864,46.813422],[-114.128463,46.813387],[-114.12836,46.813374],[-114.128255,46.813369],[-114.128174,46.813379],[-114.128065,46.813405],[-114.127981,46.81345],[-114.127896,46.81352]]},"properties":{"kind":"trail","id":"6.06","name":"BLUE MTN LOOKOUT MC EAST LOOP","bmp":0,"emp":1.4361000000000002,"mvum_symbol_name":"Trails open to motorcycles, Seasonal","seasonal":"seasonal","motorcycle_datesopen":"05/01-11/30","districtname":"Missoula Ranger District","trailclass":"TC4 - HIGHLY DEVELOPED"}},{"type":"Feature","geometry":{"type":"LineString","coordinates":[[-115.691847,47.563451],[-115.691941,47.563289],[-115.692127,47.562966],[-115.692419,47.562719],[-115.692608,47.562599],[-115.692839,47.562391],[-115.692988,47.562273],[-115.693206,47.562017],[-115.693463,47.561747],[-115.693739,47.561468],[-115.694122,47.561095],[-115.694575,47.560733],[-115.69497,47.560464],[-115.695303,47.560223],[-115.695579,47.559939],[-115.695877,47.559604],[-115.696176,47.559285],[-115.696495,47.559023],[-115.696906,47.558754],[-115.697133,47.55864],[-115.697529,47.558525],[-115.697952,47.558321],[-115.698212,47.558177],[-115.698487,47.557992],[-115.698785,47.557734],[-115.699103,47.557464],[-115.699547,47.557093],[-115.699894,47.55683],[-115.700408,47.556533],[-115.700537,47.55649],[-115.700924,47.556362],[-115.701185,47.556301],[-115.701443,47.556183],[-115.701603,47.556094],[-115.701718,47.555895],[-115.701938,47.55559],[-115.702035,47.55548],[-115.702185,47.555309]]},"properties":{"kind":"trail","id":"701","name":"GLIDDEN CREEK","bmp":0,"emp":0.75,"mvum_symbol_name":"Trails open to vehicles 50\" or less in width, Yearlong","seasonal":"yearlong","atv_datesopen":"01/01-12/31","motorcycle_datesopen":"01/01-12/31","otherwheeled_ohv_datesopen":"01/01-12/31","tracked_ohv_lt50_datesopen":"01/01-12/31","other_ohv_lt50_datesopen":"01/01-12/31","districtname":"Plains/Thompson Falls Ranger District","trailclass":"TC3 - DEVELOPED"}},{"type":"Feature","geometry":{"type":"LineString","coordinates":[[-115.644544,47.501776],[-115.64471,47.501519],[-115.644906,47.501097],[-115.645091,47.500618],[-115.645288,47.499938],[-115.645457,47.499475],[-115.64566,47.498983],[-115.645961,47.498681],[-115.646164,47.498434],[-115.646365,47.497997],[-115.646406,47.49786],[-115.646664,47.497568],[-115.647193,47.497306],[-115.647231,47.496966],[-115.647192,47.496839],[-115.646862,47.496554],[-115.646861,47.4964],[-115.647049,47.496098],[-115.647024,47.495742],[-115.646958,47.495319],[-115.647243,47.494765],[-115.647727,47.493906],[-115.648087,47.493023],[-115.648589,47.492108],[-115.648895,47.49128],[-115.649089,47.490648],[-115.649089,47.4902],[-115.649188,47.48976],[-115.649131,47.489441],[-115.648882,47.488938],[-115.648801,47.488593],[-115.648824,47.488473],[-115.649466,47.487754],[-115.649708,47.487535],[-115.649909,47.487134],[-115.650073,47.486971],[-115.650493,47.486778],[-115.650776,47.486422],[-115.651002,47.486066],[-115.651506,47.485967],[-115.652191,47.485612],[-115.652692,47.48542],[-115.653082,47.485074],[-115.653315,47.484608],[-115.653477,47.484223],[-115.653989,47.483879],[-115.654627,47.483713],[-115.6553,47.483605],[-115.655906,47.483441],[-115.656164,47.483149],[-115.656309,47.482792],[-115.65641,47.482611],[-115.656746,47.482502],[-115.657781,47.482477],[-115.658431,47.482448],[-115.658526,47.482393],[-115.659011,47.481993],[-115.659272,47.481693],[-115.659475,47.481374],[-115.659678,47.481237],[-115.660065,47.481249],[-115.660526,47.481384],[-115.66073,47.481455],[-115.661158,47.481512],[-115.661327,47.481517]]},"properties":{"kind":"trail","id":"688","name":"CHIPMUNK CREEK","bmp":0.91,"emp":2.8,"mvum_symbol_name":"Trails open to motorcycles, Yearlong","seasonal":"yearlong","motorcycle_datesopen":"01/01-12/31","districtname":"Plains/Thompson Falls Ranger District","trailclass":"TC2 - MODERATELY DEVELOPED"}},{"type":"Feature","geometry":{"type":"LineString","coordinates":[[-114.397047,46.840716],[-114.396894,46.840727],[-114.396744,46.840753],[-114.396652,46.840792],[-114.39657,46.840856],[-114.39652,46.840912],[-114.396486,46.840999],[-114.39641,46.841248],[-114.3963,46.841449],[-114.396287,46.84162],[-114.396284,46.841809],[-114.396313,46.842033],[-114.396348,46.842161],[-114.396399,46.842478],[-114.39642,46.84261],[-114.3964,46.842696],[-114.396354,46.842742],[-114.396299,46.842749],[-114.396252,46.842735],[-114.39617,46.842701],[-114.396032,46.84257],[-114.395727,46.84236],[-114.395469,46.842255],[-114.395421,46.842235],[-114.395342,46.842204],[-114.395282,46.842152],[-114.395212,46.842087],[-114.395165,46.84199],[-114.395126,46.841916],[-114.395094,46.841855],[-114.395012,46.841757],[-114.394905,46.841669],[-114.394789,46.841582],[-114.394615,46.841468],[-114.394328,46.841289],[-114.394058,46.841114],[-114.393897,46.840981],[-114.393626,46.840832],[-114.393491,46.840756],[-114.393364,46.840706],[-114.393224,46.840671],[-114.393084,46.840646],[-114.392934,46.840635],[-114.392893,46.84064],[-114.392846,46.840662],[-114.392799,46.840702],[-114.392934,46.840778],[-114.393048,46.840804],[-114.393253,46.840855],[-114.393382,46.840905],[-114.393494,46.84099],[-114.393589,46.841113],[-114.393688,46.841227],[-114.393799,46.841348],[-114.393934,46.841474],[-114.39411,46.841645],[-114.394148,46.841753],[-114.394166,46.841901],[-114.394156,46.842099],[-114.394155,46.842226],[-114.394195,46.8424],[-114.3943,46.842582],[-114.394395,46.842702],[-114.394541,46.842852],[-114.394554,46.842956],[-114.394498,46.843087],[-114.39438,46.843109],[-114.394157,46.843036],[-114.394003,46.842971],[-114.393861,46.842901],[-114.393691,46.842839],[-114.393428,46.842768],[-114.393126,46.842614],[-114.392844,46.84251],[-114.392718,46.842488],[-114.392454,46.842489],[-114.392197,46.842483],[-114.39199,46.842495],[-114.391783,46.842553],[-114.391551,46.842599],[-114.391369,46.84262],[-114.391101,46.842673],[-114.390762,46.842732],[-114.390287,46.842785],[-114.389862,46.842831],[-114.389445,46.842912],[-114.388764,46.843125],[-114.388233,46.843313],[-114.387639,46.843517],[-114.386818,46.843692],[-114.386643,46.843749],[-114.385999,46.844019],[-114.385694,46.844183],[-114.384972,46.844698],[-114.38385,46.845479],[-114.383389,46.846043],[-114.383075,46.846422],[-114.382996,46.846483],[-114.382858,46.846503],[-114.382683,46.84651],[-114.382549,46.846497],[-114.382294,46.846546],[-114.382189,46.846674],[-114.382107,46.846788],[-114.38199,46.846991],[-114.381938,46.847177],[-114.381861,46.847463],[-114.38174,46.847721],[-114.381514,46.847967],[-114.381325,46.848088],[-114.3811,46.848257],[-114.381005,46.848401],[-114.380956,46.848571],[-114.380931,46.848728],[-114.380883,46.848904],[-114.380771,46.849043],[-114.380652,46.849136],[-114.380459,46.849304],[-114.380315,46.849447],[-114.380163,46.849575],[-114.379786,46.849745],[-114.379407,46.849931],[-114.378856,46.850213],[-114.378336,46.850488],[-114.377706,46.850861],[-114.377381,46.851122],[-114.377173,46.851346],[-114.377052,46.85156],[-114.377003,46.851806],[-114.376945,46.852007],[-114.376865,46.85223],[-114.376722,46.852368],[-114.376,46.852745],[-114.375812,46.852841],[-114.375415,46.853037],[-114.375234,46.853137],[-114.374879,46.853303],[-114.37465,46.85345],[-114.374574,46.853641],[-114.374482,46.853885],[-114.374386,46.854088],[-114.374203,46.854284],[-114.374008,46.854468],[-114.373689,46.854708],[-114.373408,46.854957],[-114.373241,46.855174],[-114.373163,46.855378],[-114.373138,46.855719],[-114.37317,46.85616],[-114.373224,46.8564],[-114.37337,46.856861],[-114.373642,46.857259],[-114.373836,46.857662],[-114.37392,46.85832],[-114.373894,46.858607],[-114.373829,46.858736],[-114.373469,46.859093],[-114.372973,46.8594],[-114.372453,46.859672],[-114.37213,46.859864],[-114.371864,46.860109],[-114.371468,46.86034],[-114.371037,46.860485],[-114.370468,46.860526],[-114.370093,46.860723],[-114.369839,46.860787],[-114.369206,46.861011],[-114.368417,46.861224],[-114.367781,46.861413],[-114.367145,46.8616],[-114.366704,46.861904],[-114.366437,46.862133],[-114.366153,46.862447],[-114.36584,46.862749],[-114.365631,46.862977],[-114.365507,46.863037],[-114.365367,46.863098],[-114.36523,46.863126],[-114.364952,46.863142],[-114.36487,46.863157],[-114.364801,46.863207],[-114.364721,46.86328],[-114.364639,46.863336],[-114.364553,46.863364],[-114.364432,46.863394],[-114.364313,46.863422],[-114.364112,46.863508],[-114.36402,46.863536],[-114.363837,46.863609],[-114.363663,46.863667],[-114.363471,46.863774],[-114.36338,46.863827],[-114.363278,46.863873],[-114.363131,46.863953],[-114.363056,46.863988],[-114.362983,46.864025],[-114.362784,46.86416],[-114.362678,46.864232],[-114.362591,46.864308],[-114.362314,46.864453],[-114.362177,46.864539],[-114.362152,46.864589],[-114.362166,46.864653],[-114.36214,46.864706],[-114.362061,46.864742],[-114.36202,46.864789],[-114.36194,46.864862],[-114.361878,46.86492],[-114.361782,46.865054],[-114.361696,46.865163],[-114.361649,46.865237],[-114.361599,46.865284],[-114.361532,46.86531]]},"properties":{"kind":"trail","id":"1220","name":"WAGON MOUNTAIN","bmp":0,"emp":4,"mvum_symbol_name":"Trails open to motorcycles, Yearlong","seasonal":"yearlong","motorcycle_datesopen":"01/01-12/31","districtname":"Ninemile Ranger District","trailclass":"TC2 - MODERATELY DEVELOPED"}},{"type":"Feature","geometry":{"type":"LineString","coordinates":[[-115.119843,47.553434],[-115.119894,47.553553],[-115.119928,47.55363],[-115.119963,47.553708],[-115.120039,47.553756],[-115.120178,47.553787],[-115.120272,47.553845],[-115.120454,47.553915],[-115.120707,47.553992],[-115.12098,47.554079],[-115.121157,47.554136],[-115.121271,47.554142],[-115.121449,47.55413],[-115.121843,47.554205],[-115.122274,47.554332],[-115.122612,47.55445],[-115.122858,47.554605],[-115.122955,47.554826],[-115.123012,47.555077],[-115.123013,47.555321],[-115.12299,47.555677],[-115.122965,47.555857],[-115.122885,47.556144],[-115.122732,47.556454],[-115.122453,47.556731],[-115.122188,47.556994],[-115.121972,47.557173],[-115.121734,47.557382],[-115.121436,47.557627],[-115.121108,47.557905],[-115.120821,47.558108],[-115.120537,47.558342],[-115.120304,47.55848],[-115.120056,47.558588],[-115.119502,47.558843],[-115.119162,47.558926],[-115.118783,47.559027],[-115.118586,47.559086],[-115.118343,47.559131],[-115.117925,47.559245],[-115.117295,47.559432],[-115.116986,47.559595],[-115.116764,47.559678],[-115.116515,47.559816],[-115.116371,47.559989],[-115.116229,47.560221],[-115.116111,47.560897],[-115.116089,47.560997],[-115.116046,47.561167],[-115.116021,47.561314],[-115.116005,47.56143],[-115.11598,47.561621],[-115.115976,47.561769],[-115.115944,47.562005],[-115.115717,47.562848],[-115.115683,47.562982],[-115.115634,47.563136],[-115.115612,47.563272],[-115.115587,47.563385],[-115.115538,47.563567],[-115.115371,47.564061],[-115.114899,47.565049],[-115.114561,47.565838],[-115.11452,47.565947],[-115.114462,47.56609],[-115.114433,47.566201],[-115.114409,47.566282],[-115.114365,47.566403],[-115.11431,47.566529],[-115.114269,47.566611],[-115.11419,47.566744],[-115.114124,47.566848],[-115.114052,47.566934],[-115.113501,47.567445],[-115.113356,47.56757],[-115.11321,47.567688],[-115.113063,47.56783],[-115.11274,47.568158],[-115.112611,47.568352],[-115.112506,47.568478],[-115.112442,47.568563],[-115.112295,47.568702],[-115.111754,47.569113],[-115.111649,47.569201],[-115.111495,47.569321],[-115.111357,47.569399],[-115.111233,47.569485],[-115.111071,47.569606],[-115.110966,47.569693],[-115.110813,47.569816],[-115.110701,47.569948],[-115.110515,47.570298],[-115.110465,47.570408],[-115.110394,47.57054],[-115.110326,47.570665],[-115.110263,47.570753],[-115.110038,47.571006],[-115.109687,47.571295],[-115.109558,47.571389],[-115.109383,47.571532],[-115.10922,47.571681],[-115.108893,47.572125],[-115.108759,47.572508],[-115.108726,47.572617],[-115.108678,47.573045],[-115.108669,47.573222],[-115.108638,47.573462],[-115.108631,47.573861],[-115.108654,47.574039],[-115.108685,47.574213],[-115.108777,47.574624],[-115.108841,47.575074],[-115.108762,47.57593],[-115.108751,47.576063],[-115.108729,47.576155],[-115.108625,47.576478],[-115.108526,47.576659],[-115.108477,47.576769],[-115.108404,47.576885],[-115.10822,47.577059],[-115.108122,47.577141],[-115.107743,47.577428],[-115.107141,47.577647],[-115.106972,47.577702],[-115.106811,47.577757],[-115.10625,47.577911],[-115.106114,47.577931],[-115.105919,47.577965],[-115.105764,47.577997],[-115.105658,47.57803],[-115.105132,47.578284],[-115.10485,47.578537],[-115.104792,47.57863],[-115.104744,47.578723],[-115.104714,47.578893],[-115.104771,47.579277],[-115.104858,47.579644],[-115.105012,47.580208],[-115.105272,47.581048],[-115.105491,47.582117],[-115.105541,47.582318],[-115.105575,47.582523],[-115.105598,47.582709],[-115.105624,47.582795],[-115.105628,47.582877],[-115.105637,47.582959],[-115.105606,47.583049],[-115.105492,47.583082],[-115.105259,47.58311],[-115.105102,47.583164],[-115.104788,47.583344],[-115.104017,47.583921],[-115.102893,47.584858],[-115.102295,47.585379],[-115.102066,47.58556],[-115.101824,47.585764],[-115.101396,47.586176],[-115.101137,47.586455],[-115.101072,47.586532],[-115.100982,47.586635],[-115.100868,47.586789],[-115.100764,47.586915],[-115.100397,47.587447],[-115.100293,47.587612],[-115.100181,47.587815],[-115.100116,47.587931],[-115.100051,47.588047],[-115.09984,47.588433],[-115.099647,47.588875],[-115.099588,47.589012],[-115.099533,47.589141],[-115.099483,47.589278],[-115.09945,47.58939],[-115.099446,47.589506],[-115.099452,47.589755],[-115.099203,47.589894],[-115.099039,47.590003],[-115.098796,47.590164],[-115.098691,47.59024],[-115.098577,47.590317],[-115.098219,47.590585],[-115.097979,47.590805],[-115.097847,47.590908],[-115.097735,47.591001],[-115.097652,47.591057],[-115.097458,47.591149],[-115.09733,47.591205],[-115.0972,47.591275],[-115.096999,47.591414],[-115.096818,47.591546],[-115.096341,47.591841],[-115.096212,47.591925],[-115.096047,47.592018],[-115.095561,47.592302],[-115.095148,47.592542],[-115.094809,47.592751],[-115.094614,47.592873],[-115.094517,47.592917],[-115.094119,47.593071],[-115.093417,47.593349],[-115.093148,47.593448],[-115.092988,47.593513],[-115.092378,47.593669],[-115.092055,47.593756],[-115.091827,47.593833],[-115.091673,47.593876],[-115.091536,47.593922],[-115.091122,47.594002],[-115.0904,47.594015],[-115.090188,47.594009],[-115.090013,47.594009],[-115.089856,47.594019],[-115.089718,47.594026],[-115.089543,47.594021],[-115.089292,47.593986],[-115.088998,47.593943],[-115.088875,47.593927],[-115.088699,47.593878],[-115.088473,47.593817],[-115.08804,47.593679],[-115.0878,47.593602],[-115.087589,47.593527],[-115.087448,47.593465],[-115.087336,47.593405],[-115.087165,47.593284],[-115.087059,47.593204],[-115.08693,47.5931],[-115.08676,47.592985],[-115.086576,47.592859],[-115.086412,47.592738],[-115.086046,47.592464],[-115.085894,47.592288],[-115.08572,47.592112],[-115.08557,47.591954],[-115.085445,47.591779],[-115.085341,47.591641],[-115.085235,47.59152],[-115.085141,47.591395],[-115.08504,47.591251],[-115.084978,47.591125],[-115.084683,47.590408],[-115.084621,47.590134],[-115.084572,47.589974],[-115.084512,47.589831],[-115.084441,47.589695],[-115.084337,47.589562],[-115.084245,47.589498],[-115.084174,47.589438],[-115.084043,47.58942]]},"properties":{"kind":"trail","id":"372","name":"MUNSON CREEK","bmp":0,"emp":4.9,"mvum_symbol_name":"Trails open to motorcycles, Yearlong","seasonal":"yearlong","motorcycle_datesopen":"01/01-12/31","districtname":"Plains/Thompson Falls Ranger District","trailclass":"TC2 - MODERATELY DEVELOPED"}},{"type":"Feature","geometry":{"type":"LineString","coordinates":[[-115.630438,47.554896],[-115.63109,47.554693],[-115.632418,47.554248],[-115.63284,47.55402],[-115.633201,47.553824],[-115.634031,47.55328],[-115.63471,47.552929],[-115.634929,47.55284],[-115.635439,47.552714],[-115.635894,47.552645],[-115.636329,47.552608],[-115.636662,47.552509],[-115.636988,47.552432],[-115.637363,47.552245],[-115.637668,47.552062],[-115.637921,47.551887],[-115.63837,47.551797],[-115.638844,47.551778],[-115.638994,47.551705],[-115.639266,47.551618],[-115.639596,47.551577],[-115.639884,47.551544],[-115.640284,47.551421],[-115.640682,47.551352],[-115.641095,47.551264],[-115.641917,47.551054],[-115.642428,47.550973],[-115.642725,47.550945],[-115.64302,47.550905],[-115.643394,47.550939],[-115.643658,47.550931],[-115.643923,47.550857],[-115.644191,47.550813],[-115.644774,47.55074],[-115.645158,47.550708],[-115.64556,47.55083],[-115.646203,47.55088],[-115.646714,47.550764],[-115.647388,47.550698],[-115.648075,47.550626],[-115.648764,47.550512],[-115.649275,47.550468],[-115.64994,47.550457],[-115.650617,47.550452],[-115.650839,47.550437],[-115.65112,47.550298],[-115.651325,47.550177],[-115.651712,47.549805],[-115.652174,47.549554],[-115.652667,47.549253],[-115.653229,47.548951],[-115.653958,47.54848],[-115.654856,47.547926],[-115.655327,47.547639],[-115.655772,47.547486],[-115.656297,47.547362],[-115.657044,47.547182],[-115.657676,47.546961],[-115.658024,47.546808],[-115.658347,47.546617],[-115.658754,47.546271],[-115.659021,47.545949],[-115.659845,47.545388],[-115.660268,47.54512],[-115.660639,47.544889],[-115.661043,47.544628],[-115.661709,47.54438],[-115.662326,47.544199],[-115.663401,47.543946],[-115.664067,47.543806],[-115.6646,47.543711],[-115.665312,47.543612],[-115.665977,47.543541],[-115.666586,47.543399],[-115.666869,47.543213],[-115.667202,47.542868],[-115.667514,47.542653],[-115.668003,47.542418],[-115.668495,47.542287],[-115.669183,47.542121],[-115.669889,47.54194],[-115.670432,47.541798],[-115.670845,47.54165],[-115.671299,47.541323],[-115.67147,47.540981],[-115.671597,47.54068],[-115.671648,47.540632]]},"properties":{"kind":"trail","id":"696","name":"EVANS GULCH","bmp":0,"emp":2.3,"mvum_symbol_name":"Trails open to motorcycles, Yearlong","seasonal":"yearlong","motorcycle_datesopen":"01/01-12/31","districtname":"Plains/Thompson Falls Ranger District","trailclass":"TC3 - DEVELOPED"}},{"type":"Feature","geometry":{"type":"LineString","coordinates":[[-115.226355,47.490997],[-115.226322,47.490793],[-115.226287,47.490551],[-115.226331,47.490372],[-115.226269,47.489903],[-115.226241,47.489738],[-115.226074,47.489403],[-115.225962,47.489276],[-115.225798,47.489102],[-115.225793,47.488775],[-115.225663,47.488413],[-115.225536,47.488054],[-115.225416,47.487757],[-115.225414,47.487639],[-115.225338,47.487436],[-115.225313,47.487305],[-115.225326,47.486977],[-115.225315,47.486718],[-115.225209,47.486546],[-115.225008,47.486401],[-115.224812,47.486197],[-115.224727,47.485913],[-115.224684,47.485521],[-115.224706,47.48532],[-115.224779,47.485191],[-115.224904,47.485133],[-115.225115,47.485071],[-115.22545,47.484951],[-115.225555,47.484811],[-115.225604,47.484637],[-115.225555,47.484453],[-115.225395,47.484249],[-115.225101,47.484151],[-115.224405,47.484166],[-115.223767,47.48419],[-115.223112,47.484244],[-115.222625,47.484249],[-115.222063,47.484222],[-115.22169,47.484188],[-115.221335,47.484052],[-115.220874,47.483762],[-115.220412,47.483466],[-115.220151,47.483193],[-115.219926,47.482913],[-115.219722,47.482563],[-115.219561,47.482123],[-115.219413,47.481811],[-115.219375,47.481568],[-115.219299,47.481432],[-115.218976,47.481294],[-115.218833,47.481169],[-115.218647,47.480912],[-115.21841,47.48067],[-115.218312,47.480516],[-115.218303,47.480285],[-115.218379,47.480045],[-115.218549,47.479891],[-115.218604,47.479798],[-115.218606,47.479671],[-115.218473,47.479568],[-115.217875,47.479474],[-115.217043,47.479391],[-115.21651,47.479333],[-115.21613,47.479233],[-115.215901,47.479107],[-115.215645,47.478873],[-115.21544,47.47863],[-115.215216,47.478209],[-115.214989,47.477907],[-115.214607,47.477709],[-115.214363,47.477633],[-115.213783,47.477409],[-115.213356,47.477089],[-115.21304,47.476756],[-115.212877,47.476371],[-115.212787,47.476026],[-115.212861,47.47566],[-115.212812,47.475434],[-115.212632,47.475237],[-115.212342,47.475067],[-115.212067,47.474957],[-115.211711,47.474854],[-115.211103,47.474743],[-115.210321,47.474628],[-115.209679,47.47447],[-115.208919,47.474266],[-115.208297,47.474025],[-115.207883,47.473872],[-115.207222,47.47368],[-115.206551,47.47351],[-115.20609,47.473378],[-115.205735,47.473242],[-115.20553,47.473181],[-115.205386,47.473161],[-115.205207,47.473156],[-115.205021,47.473242],[-115.204844,47.473248],[-115.204765,47.473156],[-115.204713,47.473059],[-115.204563,47.472989],[-115.204307,47.472983],[-115.204028,47.472898],[-115.20368,47.472761],[-115.203406,47.472657],[-115.195298,47.470295],[-115.194802,47.470075]]},"properties":{"kind":"trail","id":"498","name":"CHERRY CREEK","bmp":0.6345000000000001,"emp":3.0212,"mvum_symbol_name":"Trails open to motorcycles, Yearlong","seasonal":"yearlong","motorcycle_datesopen":"01/01-12/31","districtname":"Plains/Thompson Falls Ranger District","trailclass":"TC2 - MODERATELY DEVELOPED"}},{"type":"Feature","geometry":{"type":"LineString","coordinates":[[-115.087975,47.375649],[-115.088103,47.375641],[-115.088253,47.375588],[-115.088436,47.375498],[-115.088618,47.375353],[-115.088751,47.375178],[-115.088806,47.375105],[-115.088918,47.374973],[-115.089166,47.37468],[-115.089362,47.374561],[-115.090217,47.374956],[-115.090435,47.375124],[-115.090901,47.375512],[-115.090958,47.375581],[-115.090965,47.375607],[-115.090986,47.375605],[-115.091003,47.375602],[-115.091291,47.375553],[-115.091555,47.375379],[-115.091674,47.375274],[-115.091776,47.375184],[-115.091859,47.375107],[-115.091947,47.374937],[-115.091932,47.374795],[-115.091959,47.37462],[-115.092051,47.374236],[-115.092054,47.373835],[-115.09203,47.373341],[-115.091777,47.372859],[-115.09164,47.372558],[-115.091396,47.372284],[-115.091106,47.372064],[-115.090746,47.371796],[-115.090486,47.371671],[-115.090162,47.371439],[-115.08983,47.371095],[-115.089694,47.370874],[-115.089894,47.370628],[-115.089953,47.370534],[-115.090113,47.370436],[-115.09029,47.370273],[-115.090411,47.370229],[-115.090573,47.370229],[-115.090798,47.370336],[-115.090802,47.370446],[-115.090907,47.370749],[-115.091067,47.370694],[-115.091269,47.370544],[-115.091444,47.370321],[-115.091646,47.370202],[-115.091867,47.370183],[-115.092252,47.370227],[-115.092367,47.370287],[-115.092539,47.370291],[-115.092668,47.370274],[-115.092902,47.370254],[-115.092988,47.370246],[-115.093125,47.370245],[-115.093252,47.37025],[-115.093341,47.37026],[-115.093417,47.370272],[-115.093827,47.370359],[-115.094086,47.370204],[-115.094431,47.370058],[-115.094892,47.369903],[-115.095513,47.369694],[-115.096062,47.369569],[-115.096641,47.369458],[-115.097273,47.369331],[-115.097651,47.369287],[-115.098071,47.369207],[-115.098557,47.369056],[-115.098985,47.368777],[-115.099307,47.368492],[-115.099459,47.368323],[-115.099741,47.368158],[-115.100007,47.368076],[-115.100226,47.367928],[-115.100348,47.367773],[-115.10047,47.367473],[-115.100588,47.367253],[-115.100889,47.366922],[-115.10105,47.366725],[-115.101266,47.366549],[-115.101427,47.366423],[-115.101814,47.366259],[-115.102371,47.366204],[-115.103097,47.366188],[-115.103663,47.366144],[-115.104027,47.366101],[-115.104268,47.366007],[-115.104753,47.365772],[-115.105276,47.365479],[-115.105719,47.365233],[-115.106246,47.364932],[-115.106703,47.364668],[-115.107348,47.364185],[-115.107747,47.363784],[-115.107783,47.363774],[-115.108181,47.363378],[-115.108487,47.363099],[-115.109066,47.362491],[-115.109575,47.361984],[-115.110375,47.361283],[-115.110816,47.360948],[-115.111156,47.360634],[-115.111537,47.3603],[-115.111962,47.35996],[-115.112383,47.359615],[-115.112745,47.359298],[-115.113503,47.358623],[-115.114268,47.357975],[-115.114834,47.357436],[-115.11521,47.357052],[-115.115535,47.356761],[-115.115849,47.356405],[-115.116093,47.356104],[-115.116307,47.35572],[-115.116514,47.355465],[-115.1166,47.355357],[-115.116723,47.355188],[-115.116903,47.35501],[-115.117079,47.354839],[-115.117212,47.354717],[-115.11729,47.354578],[-115.117695,47.354162],[-115.118153,47.353942],[-115.11862,47.353697],[-115.119056,47.35353],[-115.119541,47.353305],[-115.120092,47.353075],[-115.120492,47.352959],[-115.121032,47.352784],[-115.121172,47.352739],[-115.121733,47.352612],[-115.12218,47.352557],[-115.122988,47.352307],[-115.123312,47.352215],[-115.123554,47.352116],[-115.12363,47.352085],[-115.124157,47.351858],[-115.125244,47.351374],[-115.125602,47.351222],[-115.126024,47.351014],[-115.126151,47.350944],[-115.126263,47.350889],[-115.126545,47.35073],[-115.126894,47.35043],[-115.127232,47.350034],[-115.127538,47.349645],[-115.127862,47.349222],[-115.128161,47.348883],[-115.128629,47.348494],[-115.129003,47.348237],[-115.129406,47.347884],[-115.12973,47.347508],[-115.130044,47.347108],[-115.130473,47.346697],[-115.130876,47.3463],[-115.13119,47.345941],[-115.131539,47.345616]]},"properties":{"kind":"trail","id":"1225","name":"KEITH CREEK","bmp":0,"emp":4.5,"mvum_symbol_name":"Trails open to motorcycles, Yearlong","seasonal":"yearlong","motorcycle_datesopen":"01/01-12/31","districtname":"Superior Ranger District","trailclass":"TC3 - DEVELOPED"}},{"type":"Feature","geometry":{"type":"LineString","coordinates":[[-114.818862,47.821206],[-114.818919,47.82133],[-114.819066,47.821491],[-114.81923,47.82162],[-114.819374,47.821754],[-114.81954,47.821856],[-114.819726,47.821922],[-114.820049,47.822012],[-114.820521,47.822245],[-114.820947,47.822498],[-114.821205,47.82267],[-114.82142,47.822855],[-114.821712,47.823087],[-114.822014,47.823331],[-114.822402,47.823613],[-114.82276,47.823805],[-114.823333,47.824062],[-114.823526,47.824198],[-114.82369,47.824364],[-114.824047,47.824625],[-114.824382,47.824835],[-114.82465,47.825015],[-114.824886,47.825169],[-114.825278,47.825382],[-114.825549,47.825554],[-114.825691,47.825674],[-114.825785,47.825788],[-114.825937,47.825921],[-114.826074,47.826068],[-114.826222,47.826237],[-114.826451,47.826441],[-114.826615,47.826609],[-114.826761,47.826765],[-114.826978,47.826934],[-114.827264,47.827055],[-114.827533,47.827218],[-114.827891,47.827328],[-114.828366,47.827499],[-114.82865,47.827604],[-114.82904,47.827669],[-114.829357,47.827745],[-114.82987,47.82785],[-114.830075,47.827942],[-114.830434,47.828063],[-114.830798,47.828184],[-114.830994,47.828271],[-114.831386,47.828393],[-114.831719,47.828502],[-114.83207,47.82854],[-114.832437,47.828573],[-114.832842,47.828584],[-114.833267,47.828595],[-114.83407,47.828588],[-114.83448,47.828567],[-114.834894,47.828501],[-114.835238,47.82843],[-114.835626,47.828313],[-114.836032,47.828176],[-114.836434,47.828073],[-114.83683,47.82792],[-114.837117,47.827805],[-114.837482,47.827623],[-114.837948,47.827432],[-114.838305,47.827289],[-114.838821,47.827185],[-114.839176,47.827185],[-114.839415,47.827251],[-114.839511,47.82731],[-114.839714,47.82743],[-114.839924,47.827646],[-114.83999,47.827777],[-114.840137,47.827935],[-114.840307,47.828161],[-114.840571,47.828594],[-114.840814,47.828814],[-114.84088,47.82894],[-114.84097,47.829103],[-114.841285,47.829394],[-114.841427,47.829623],[-114.841523,47.829929],[-114.841523,47.830089],[-114.841539,47.830281],[-114.841692,47.830551],[-114.841759,47.830726],[-114.841831,47.830874],[-114.842059,47.83107],[-114.842389,47.831296],[-114.842706,47.831449],[-114.842958,47.831597],[-114.843252,47.831718],[-114.84352,47.831832],[-114.843868,47.831959],[-114.844146,47.832084],[-114.844383,47.832166],[-114.844594,47.832233],[-114.84487,47.832342],[-114.845106,47.832413],[-114.845278,47.832463],[-114.846305,47.832732],[-114.846987,47.832895],[-114.84754,47.833037],[-114.848331,47.833229],[-114.848812,47.833383],[-114.849651,47.833602],[-114.850074,47.833756],[-114.850318,47.833827],[-114.850956,47.833962],[-114.851378,47.834088],[-114.851989,47.834285],[-114.852381,47.834407],[-114.8526,47.834549],[-114.852836,47.834703],[-114.853163,47.834915],[-114.853471,47.835091],[-114.853756,47.835322],[-114.854195,47.835508],[-114.854809,47.835689],[-114.855402,47.83582],[-114.855835,47.835897],[-114.856289,47.835991],[-114.856593,47.836051],[-114.857408,47.836192],[-114.857771,47.836274],[-114.858123,47.836362],[-114.858464,47.836391],[-114.858824,47.83639],[-114.85897,47.836389],[-114.859198,47.836379],[-114.859506,47.836356],[-114.859709,47.83635],[-114.859945,47.836339],[-114.860093,47.836313],[-114.860385,47.836291],[-114.86051,47.83628],[-114.860648,47.836268],[-114.860874,47.836284],[-114.86111,47.836356],[-114.861389,47.836338],[-114.861664,47.836311],[-114.862065,47.836235],[-114.86239,47.836107],[-114.862862,47.835926],[-114.863413,47.835774],[-114.863698,47.835648],[-114.864236,47.835434],[-114.864945,47.835231],[-114.865392,47.835086],[-114.865946,47.834956],[-114.86651,47.834806],[-114.86707,47.834736],[-114.867517,47.834713],[-114.868169,47.834718],[-114.868646,47.834675],[-114.869181,47.834793],[-114.869678,47.834871],[-114.870103,47.834867],[-114.870483,47.835031],[-114.87084,47.835166],[-114.871111,47.835338],[-114.871479,47.835582],[-114.871638,47.835702],[-114.871973,47.835881],[-114.872175,47.836093],[-114.872522,47.836427],[-114.872865,47.836604],[-114.873171,47.836737],[-114.873557,47.836879],[-114.873956,47.837011],[-114.87441,47.837157],[-114.874856,47.837316],[-114.875257,47.837447],[-114.875627,47.83754],[-114.87602,47.837591],[-114.876261,47.837649],[-114.876684,47.837676],[-114.877189,47.837702],[-114.877753,47.837786],[-114.878608,47.837922],[-114.878935,47.837929],[-114.879477,47.837923],[-114.880155,47.837853],[-114.880473,47.837808],[-114.880751,47.837765],[-114.881173,47.837663],[-114.881703,47.837619],[-114.882247,47.837596],[-114.882734,47.837568],[-114.883202,47.837514],[-114.88364,47.837482],[-114.8839,47.837399],[-114.884114,47.837334],[-114.884413,47.837262],[-114.884625,47.837258],[-114.885057,47.837334],[-114.885498,47.837451],[-114.886018,47.837674],[-114.886383,47.837811],[-114.88697,47.837998],[-114.887532,47.838186],[-114.888045,47.838333],[-114.888544,47.838461],[-114.889274,47.838652],[-114.890195,47.838915],[-114.890734,47.839038],[-114.891106,47.839125],[-114.891686,47.839252],[-114.892237,47.839372],[-114.892758,47.839471],[-114.893385,47.839536],[-114.894004,47.839603],[-114.894738,47.839679],[-114.895066,47.839685],[-114.895543,47.83968],[-114.896042,47.839659],[-114.896287,47.839692],[-114.896694,47.839725],[-114.896905,47.839668],[-114.897205,47.839572],[-114.897818,47.839384],[-114.898297,47.839271],[-114.898729,47.839149],[-114.899056,47.83904],[-114.899357,47.838947],[-114.899741,47.838866],[-114.90034,47.838744],[-114.900724,47.838669],[-114.900969,47.838591],[-114.901313,47.838515],[-114.901816,47.838453],[-114.902136,47.838422],[-114.902599,47.8384],[-114.903062,47.838417],[-114.903625,47.838415],[-114.90413,47.838411],[-114.904462,47.838418],[-114.904912,47.838427],[-114.905536,47.838466],[-114.906172,47.838461],[-114.906563,47.838413],[-114.906823,47.838362],[-114.907087,47.838226],[-114.907453,47.838055],[-114.907615,47.838007],[-114.907971,47.837896],[-114.908536,47.837832],[-114.909056,47.837766],[-114.909603,47.837694],[-114.909861,47.83766],[-114.910181,47.837673],[-114.910349,47.837722],[-114.910644,47.837887],[-114.910905,47.83793],[-114.911379,47.83793],[-114.911688,47.83788],[-114.911913,47.837803],[-114.912199,47.837606],[-114.912353,47.83748],[-114.912599,47.837257],[-114.913121,47.836972],[-114.913403,47.836824],[-114.913789,47.836641],[-114.914203,47.836457],[-114.91456,47.836325],[-114.914822,47.836214],[-114.915212,47.836072],[-114.915581,47.836013],[-114.915897,47.835952],[-114.91628,47.835904],[-114.916556,47.835924],[-114.91693,47.835991],[-114.917267,47.836055],[-114.917598,47.836062],[-114.917951,47.836122],[-114.918577,47.836294],[-114.918806,47.836291],[-114.919197,47.836287],[-114.91953,47.836271],[-114.919952,47.836287],[-114.920507,47.836368],[-114.920831,47.83638],[-114.921084,47.83638],[-114.921574,47.836343],[-114.921665,47.836353],[-114.921843,47.836418],[-114.922119,47.836683],[-114.922369,47.83693],[-114.92263,47.837126],[-114.92286,47.837297],[-114.923209,47.837473],[-114.923615,47.837613],[-114.924137,47.837767],[-114.924652,47.837972],[-114.924928,47.838189],[-114.925164,47.838459],[-114.925547,47.838963],[-114.925717,47.839227],[-114.926026,47.839616],[-114.926262,47.839924],[-114.92672,47.84029],[-114.926883,47.840439],[-114.927157,47.840641],[-114.927405,47.840827],[-114.927592,47.840942],[-114.927802,47.841042],[-114.928209,47.841224],[-114.928299,47.841305],[-114.928445,47.841496],[-114.928519,47.841613],[-114.928828,47.841882],[-114.928999,47.842033],[-114.929188,47.842205],[-114.929389,47.842336],[-114.929668,47.842463],[-114.930001,47.842648],[-114.930317,47.842895],[-114.930569,47.843202],[-114.930619,47.843334],[-114.930621,47.84351],[-114.930479,47.843678],[-114.930279,47.844075],[-114.930016,47.84437],[-114.929756,47.84466],[-114.929455,47.84518],[-114.929316,47.845494],[-114.929185,47.84585],[-114.929202,47.846013],[-114.929243,47.846251],[-114.929243,47.846678]]},"properties":{"kind":"trail","id":"220","name":"SNOWSTORM RIDGE","bmp":0,"emp":7.3,"mvum_symbol_name":"Trails open to motorcycles, Yearlong","seasonal":"yearlong","motorcycle_datesopen":"01/01-12/31","districtname":"Plains/Thompson Falls Ranger District","trailclass":"TC2 - MODERATELY DEVELOPED"}},{"type":"Feature","geometry":{"type":"LineString","coordinates":[[-115.447142,47.466568],[-115.44626,47.466113],[-115.445339,47.46546],[-115.444133,47.464763],[-115.442471,47.464148],[-115.440852,47.463707],[-115.440238,47.463474],[-115.438305,47.462405],[-115.437294,47.461919],[-115.436872,47.46177],[-115.436261,47.461601],[-115.433872,47.461089],[-115.432606,47.460607],[-115.431838,47.460377],[-115.430704,47.460279],[-115.427591,47.460145],[-115.426411,47.459854],[-115.425691,47.459581],[-115.425068,47.459225],[-115.424397,47.458666],[-115.423735,47.457968],[-115.423139,47.457529],[-115.421447,47.456505],[-115.420599,47.456279],[-115.419435,47.456202],[-115.418844,47.456246],[-115.417817,47.456527],[-115.41759,47.456525],[-115.417431,47.456481],[-115.417194,47.456289],[-115.416977,47.456196],[-115.416717,47.456152],[-115.415375,47.456081],[-115.413638,47.455917],[-115.413047,47.455708],[-115.411877,47.454957],[-115.411147,47.454632],[-115.41068,47.45448],[-115.409638,47.454291],[-115.40823,47.453704],[-115.40744,47.453239],[-115.407051,47.452767],[-115.406946,47.452439],[-115.406954,47.45201],[-115.407248,47.450678],[-115.407256,47.449992],[-115.407248,47.449773],[-115.406869,47.448885],[-115.406851,47.448726],[-115.406853,47.448556],[-115.407192,47.448041],[-115.407476,47.447058],[-115.4078,47.446511],[-115.40784,47.446259],[-115.407752,47.444487],[-115.407357,47.442654],[-115.406743,47.441509],[-115.405694,47.440243],[-115.405475,47.43988],[-115.404998,47.438728],[-115.404279,47.437516],[-115.404157,47.436788],[-115.404022,47.436518],[-115.402924,47.435799],[-115.402407,47.435338],[-115.401679,47.434988],[-115.401516,47.43484],[-115.40116,47.434696],[-115.400879,47.434504],[-115.40055,47.433913],[-115.400491,47.433166],[-115.400777,47.432859],[-115.400999,47.432821],[-115.401382,47.432837],[-115.402163,47.43319],[-115.402522,47.433177],[-115.402755,47.433014],[-115.40316,47.432537],[-115.403946,47.431226],[-115.403927,47.430151],[-115.403467,47.429122],[-115.403319,47.428923],[-115.403238,47.428664],[-115.403105,47.428315],[-115.403115,47.42766],[-115.403114,47.427461],[-115.402993,47.427263],[-115.402833,47.427208],[-115.402501,47.42725],[-115.402218,47.427322],[-115.4011,47.427836],[-115.40092,47.427894],[-115.400771,47.427869],[-115.399535,47.427424],[-115.398678,47.427248],[-115.398123,47.427189],[-115.398161,47.427572],[-115.398055,47.428072],[-115.397545,47.428335],[-115.396455,47.429124]]},"properties":{"kind":"trail","id":"811","name":"HAWK MOUNTAIN","bmp":0,"emp":4.5,"mvum_symbol_name":"Trails open to motorcycles, Yearlong","seasonal":"yearlong","motorcycle_datesopen":"01/01-12/31","districtname":"Superior Ranger District","trailclass":"TC3 - DEVELOPED"}},{"type":"Feature","geometry":{"type":"LineString","coordinates":[[-114.125041,46.825706],[-114.124959,46.82563],[-114.124907,46.825603],[-114.124839,46.825567],[-114.124804,46.825549],[-114.124747,46.825559],[-114.124513,46.825652],[-114.124215,46.825805],[-114.123923,46.825848],[-114.123534,46.825856],[-114.123253,46.8258],[-114.122773,46.825683],[-114.122435,46.825526],[-114.122187,46.825581],[-114.121804,46.825497],[-114.12157,46.825396],[-114.121424,46.825238],[-114.121357,46.825105],[-114.121241,46.824983],[-114.121137,46.824904],[-114.121027,46.824882],[-114.120837,46.824865],[-114.120578,46.824836],[-114.120377,46.824754],[-114.119906,46.824487],[-114.119771,46.824292],[-114.119695,46.82418],[-114.119563,46.823956],[-114.119423,46.823705],[-114.119379,46.823586],[-114.119363,46.823518],[-114.119349,46.823393],[-114.119377,46.823263],[-114.119466,46.823079],[-114.119507,46.822943],[-114.119621,46.822739],[-114.11973,46.822611],[-114.11988,46.822487],[-114.120028,46.822397],[-114.12008,46.822286],[-114.120085,46.822151],[-114.120108,46.822023],[-114.120105,46.821902],[-114.120015,46.821818],[-114.119862,46.821776],[-114.119752,46.821792],[-114.119652,46.821836],[-114.119522,46.821873],[-114.119323,46.821919],[-114.119094,46.821934],[-114.118906,46.821955],[-114.118742,46.821974],[-114.118572,46.821978],[-114.118327,46.821969],[-114.118107,46.821964],[-114.117686,46.821951],[-114.117262,46.821955],[-114.117024,46.821937],[-114.116878,46.821923],[-114.116737,46.821899],[-114.116639,46.821645],[-114.116616,46.821475],[-114.116588,46.821378],[-114.116485,46.821209],[-114.1164,46.820965],[-114.116309,46.820829],[-114.116101,46.820604],[-114.115835,46.820348],[-114.115482,46.820057],[-114.115104,46.819803],[-114.114793,46.819487],[-114.114619,46.819241],[-114.114471,46.819096],[-114.114376,46.818921],[-114.114404,46.818697],[-114.114364,46.818554],[-114.114458,46.818297],[-114.114683,46.818024],[-114.114909,46.817823],[-114.115077,46.817637],[-114.115151,46.81756],[-114.115239,46.817568],[-114.115302,46.817601],[-114.115326,46.817735],[-114.115369,46.817958],[-114.115409,46.818237],[-114.115475,46.818342],[-114.11566,46.818368],[-114.115739,46.818348],[-114.115747,46.818296],[-114.115798,46.818061],[-114.116107,46.817313],[-114.116229,46.817132],[-114.116366,46.81704],[-114.116444,46.817007],[-114.11657,46.817006],[-114.116583,46.817009],[-114.11687,46.817045],[-114.117165,46.817072],[-114.117413,46.817096],[-114.117677,46.817164],[-114.118061,46.81725],[-114.11839,46.817308],[-114.118682,46.81731],[-114.119023,46.817286],[-114.119296,46.817297],[-114.119682,46.817344],[-114.120064,46.817339],[-114.12042,46.817341],[-114.120846,46.817364],[-114.121219,46.817392],[-114.121626,46.817429],[-114.121987,46.817492],[-114.122122,46.817509],[-114.1223,46.817613],[-114.122442,46.817677],[-114.122599,46.817713],[-114.122885,46.817695],[-114.12325,46.817681],[-114.123392,46.817674]]},"properties":{"kind":"trail","id":"6.03","name":"BLUE MTN MC (TRHD TO ATV)","bmp":0,"emp":1.47,"mvum_symbol_name":"Trails open to motorcycles, Seasonal","seasonal":"seasonal","motorcycle_datesopen":"05/01-11/30","districtname":"Missoula Ranger District","trailclass":"TC4 - HIGHLY DEVELOPED"}},{"type":"Feature","geometry":{"type":"LineString","coordinates":[[-114.925508,47.748062],[-114.925359,47.748103],[-114.924968,47.748039],[-114.924754,47.747996],[-114.924474,47.74798],[-114.924079,47.747963],[-114.923811,47.747982],[-114.923513,47.748054],[-114.923049,47.748123],[-114.922786,47.7482],[-114.921945,47.748416],[-114.92111,47.748608],[-114.920586,47.748691],[-114.919863,47.748778],[-114.919258,47.748836],[-114.918803,47.748904],[-114.918291,47.748934],[-114.917887,47.748988],[-114.917189,47.749162],[-114.916134,47.749505],[-114.91492,47.749921],[-114.914415,47.75018],[-114.913685,47.750549],[-114.91296,47.750789],[-114.912088,47.751136],[-114.911324,47.751424],[-114.910738,47.751587],[-114.910188,47.751748],[-114.909938,47.751865],[-114.909719,47.75194],[-114.909388,47.75195],[-114.90877,47.751873],[-114.90784,47.751652],[-114.907255,47.751473],[-114.906206,47.751198],[-114.905555,47.751058],[-114.904667,47.750905],[-114.904093,47.750844],[-114.903472,47.750826],[-114.902899,47.750935],[-114.902214,47.751143],[-114.901543,47.751492],[-114.901226,47.751636],[-114.900758,47.751835],[-114.900219,47.751936],[-114.899798,47.752003],[-114.899001,47.751975],[-114.898613,47.752017],[-114.898078,47.752242],[-114.897578,47.752471],[-114.897154,47.752679],[-114.896774,47.752796],[-114.896488,47.752822],[-114.896324,47.752753],[-114.896101,47.752787],[-114.895641,47.752984],[-114.895237,47.753297],[-114.894851,47.753615],[-114.894232,47.75405],[-114.893492,47.75449],[-114.893011,47.75456],[-114.892287,47.754646],[-114.891801,47.754675],[-114.890894,47.75467],[-114.890202,47.754738],[-114.889509,47.75487],[-114.888619,47.755294],[-114.887817,47.755813],[-114.887193,47.756278],[-114.886828,47.75663],[-114.886402,47.756903],[-114.886001,47.756998],[-114.885481,47.757028],[-114.884744,47.757074],[-114.883922,47.757136],[-114.882974,47.75725],[-114.882223,47.757332],[-114.881494,47.757366],[-114.880515,47.757347],[-114.879798,47.757245],[-114.879006,47.757093],[-114.87829,47.75692],[-114.877421,47.756608],[-114.876982,47.756416],[-114.876629,47.756197],[-114.876365,47.756092],[-114.875999,47.756009],[-114.875656,47.755901],[-114.875273,47.755825],[-114.874901,47.755766],[-114.874572,47.755622],[-114.874291,47.755429],[-114.873936,47.755028],[-114.873706,47.754827],[-114.873368,47.754595],[-114.873032,47.754376],[-114.872675,47.754127],[-114.87241,47.753922],[-114.872212,47.75369],[-114.872067,47.753467],[-114.87189,47.753017],[-114.871566,47.752573],[-114.871494,47.7523],[-114.871437,47.752084],[-114.871305,47.751814],[-114.87121,47.751648],[-114.871065,47.751343],[-114.870953,47.751101],[-114.870841,47.750936],[-114.870755,47.750698],[-114.870573,47.750448],[-114.870029,47.750249],[-114.869469,47.75014],[-114.868629,47.75012],[-114.867923,47.750123],[-114.867309,47.750175],[-114.866905,47.75023],[-114.866586,47.750356],[-114.866426,47.750499],[-114.866207,47.750579],[-114.865558,47.750804],[-114.865291,47.750833],[-114.864717,47.750937],[-114.863933,47.751032],[-114.863165,47.751203],[-114.862698,47.75133],[-114.862195,47.75153],[-114.861824,47.751735],[-114.861153,47.752007],[-114.86076,47.752173],[-114.860269,47.752313],[-114.859982,47.752409],[-114.85981,47.752521],[-114.859608,47.75261],[-114.859485,47.752679],[-114.859309,47.752822],[-114.859186,47.752965],[-114.859075,47.753108],[-114.858854,47.753338],[-114.85865,47.753537],[-114.858496,47.753673],[-114.858381,47.753744],[-114.858194,47.753838],[-114.857981,47.753909],[-114.85768,47.753997],[-114.857487,47.754069],[-114.857179,47.754163],[-114.857031,47.754238],[-114.856908,47.754326],[-114.856672,47.754453],[-114.856467,47.754561],[-114.85636,47.754596],[-114.856034,47.754683],[-114.855793,47.75476],[-114.855386,47.754803],[-114.855094,47.754809],[-114.854892,47.754826],[-114.854422,47.754793],[-114.85409,47.754803],[-114.853755,47.754816],[-114.853414,47.754865],[-114.853028,47.754907],[-114.852725,47.754968],[-114.852416,47.755073],[-114.852057,47.755139],[-114.851863,47.7552],[-114.851566,47.755354],[-114.851256,47.755498],[-114.85098,47.755722],[-114.850792,47.755939],[-114.8506,47.756132],[-114.850337,47.756428],[-114.850186,47.756589],[-114.850031,47.756747],[-114.849882,47.756932],[-114.849761,47.757081],[-114.849666,47.757079],[-114.849526,47.757011],[-114.849507,47.756885],[-114.849509,47.756732],[-114.849518,47.756609],[-114.849484,47.756487],[-114.849339,47.756367],[-114.849192,47.756336],[-114.848958,47.756381],[-114.848835,47.756532],[-114.848739,47.75673],[-114.848598,47.756919],[-114.848537,47.757079],[-114.848503,47.757237],[-114.84846,47.757362],[-114.848358,47.757445],[-114.848126,47.757505],[-114.847988,47.757448],[-114.847885,47.757303],[-114.847758,47.757145],[-114.847612,47.757013],[-114.84738,47.756853],[-114.847169,47.756739],[-114.847026,47.756641],[-114.846692,47.756619],[-114.846426,47.756781],[-114.846199,47.756937],[-114.846169,47.757296],[-114.846193,47.757482],[-114.846384,47.757671],[-114.846576,47.757819],[-114.84678,47.757977],[-114.846876,47.758106]]},"properties":{"kind":"trail","id":"291","name":"COOK MOUNTAIN","bmp":0.8240000000000001,"emp":5,"mvum_symbol_name":"Trails open to motorcycles, Yearlong","seasonal":"yearlong","motorcycle_datesopen":"01/01-12/31","districtname":"Plains/Thompson Falls Ranger District","trailclass":"TC2 - MODERATELY DEVELOPED"}},{"type":"Feature","geometry":{"type":"LineString","coordinates":[[-112.912084,47.071877],[-112.912038,47.072167],[-112.91203,47.072343],[-112.912003,47.072558],[-112.911901,47.072783],[-112.911706,47.073],[-112.911553,47.073183],[-112.911449,47.07345],[-112.911371,47.073735],[-112.911257,47.074087],[-112.911025,47.074344],[-112.91076,47.074472],[-112.910504,47.074554],[-112.910139,47.074636],[-112.90982,47.074662],[-112.909554,47.074651],[-112.909203,47.074629],[-112.908689,47.07463],[-112.908264,47.074651],[-112.907723,47.074612],[-112.907326,47.074608],[-112.906988,47.074673],[-112.906674,47.074921],[-112.906536,47.075133],[-112.906384,47.075659],[-112.906237,47.076383],[-112.906254,47.077079],[-112.906424,47.077986],[-112.906541,47.078682],[-112.906582,47.079257],[-112.906644,47.080177],[-112.906615,47.080854],[-112.906492,47.081252],[-112.906145,47.081921],[-112.905721,47.082634],[-112.905551,47.083122],[-112.905373,47.083994],[-112.905383,47.084516],[-112.905328,47.085047],[-112.905326,47.085519],[-112.905278,47.086709],[-112.905357,47.087829],[-112.905469,47.088509],[-112.905789,47.089496],[-112.9061,47.089967],[-112.90644,47.090253],[-112.906768,47.090493],[-112.907259,47.090816],[-112.907779,47.091201],[-112.908134,47.091608],[-112.908469,47.091941],[-112.908688,47.092294],[-112.908913,47.0926],[-112.909255,47.092799],[-112.909656,47.092984],[-112.910098,47.093232],[-112.910452,47.093603],[-112.910694,47.093939],[-112.910948,47.094395],[-112.911119,47.094678],[-112.911512,47.094856],[-112.911889,47.095086],[-112.912315,47.095414],[-112.912747,47.095755],[-112.913196,47.096101],[-112.913568,47.096518],[-112.913952,47.096935],[-112.91425,47.097318],[-112.914451,47.097631],[-112.914617,47.097971],[-112.914777,47.098271],[-112.91498,47.098424],[-112.915261,47.098479],[-112.915524,47.098441],[-112.91571,47.098408],[-112.915983,47.098326],[-112.916345,47.098221],[-112.916616,47.098172],[-112.916986,47.098178],[-112.917285,47.098147],[-112.917726,47.09812],[-112.917942,47.098108],[-112.918313,47.098009],[-112.918737,47.097845],[-112.919316,47.097784],[-112.919747,47.097747],[-112.920216,47.097724],[-112.920553,47.097709],[-112.921137,47.097664],[-112.921507,47.097609],[-112.922423,47.097483],[-112.922915,47.09738],[-112.923372,47.097298],[-112.923763,47.097248],[-112.924222,47.097204],[-112.924654,47.097117],[-112.92496,47.097061],[-112.925372,47.097024],[-112.925813,47.097024]]},"properties":{"kind":"trail","id":"384","name":"COOPERS LAKE","bmp":0,"emp":3.45,"mvum_symbol_name":"Trails open to motorcycles, Seasonal","seasonal":"seasonal","motorcycle_datesopen":"05/01-11/30","districtname":"Seeley Lake Ranger District","trailclass":"TC1 - MINIMALLY DEVELOPED"}},{"type":"Feature","geometry":{"type":"LineString","coordinates":[[-115.225977,47.499954],[-115.225781,47.499669],[-115.225653,47.499394],[-115.225534,47.499201],[-115.225433,47.49897],[-115.225319,47.498621],[-115.225344,47.498441],[-115.225277,47.4982],[-115.225295,47.497984],[-115.225297,47.49781],[-115.225366,47.497599],[-115.225477,47.497267],[-115.225514,47.497003],[-115.225572,47.496436],[-115.225616,47.496069],[-115.225556,47.495779],[-115.225451,47.495381],[-115.225376,47.495021],[-115.225376,47.494718],[-115.225455,47.494449],[-115.225588,47.494169],[-115.225734,47.494007],[-115.22579,47.493716],[-115.225842,47.493396],[-115.225865,47.493069],[-115.225907,47.492685],[-115.225991,47.492403],[-115.22595,47.491978],[-115.226027,47.491771],[-115.226139,47.491418],[-115.226291,47.491144],[-115.226355,47.490998],[-115.226355,47.490997]]},"properties":{"kind":"trail","id":"498","name":"CHERRY CREEK","bmp":0,"emp":0.6345000000000001,"mvum_symbol_name":"Trails open to motorcycles, Yearlong","seasonal":"yearlong","motorcycle_datesopen":"01/01-12/31","districtname":"Plains/Thompson Falls Ranger District","trailclass":"TC2 - MODERATELY DEVELOPED"}},{"type":"Feature","geometry":{"type":"LineString","coordinates":[[-115.324024,47.49687],[-115.324144,47.496723],[-115.324346,47.496487],[-115.324546,47.496284],[-115.324595,47.496136],[-115.32459,47.495944],[-115.324709,47.495702],[-115.325083,47.495449],[-115.325219,47.495318],[-115.325436,47.49501],[-115.325791,47.494698],[-115.325965,47.494615],[-115.326352,47.494519],[-115.326782,47.494519],[-115.327162,47.494513],[-115.328052,47.494375],[-115.328957,47.494304],[-115.329911,47.494242],[-115.331044,47.494066],[-115.332241,47.493849],[-115.333301,47.493606],[-115.33398,47.493547],[-115.335098,47.493534],[-115.336716,47.493413],[-115.337567,47.493403],[-115.338052,47.493497],[-115.338397,47.493655],[-115.338987,47.494032],[-115.339281,47.494166],[-115.33984,47.494225],[-115.340203,47.494245],[-115.340761,47.494231],[-115.341981,47.494147],[-115.343147,47.494093],[-115.34416,47.494042],[-115.344521,47.493966],[-115.344797,47.493822],[-115.345397,47.493418],[-115.345648,47.493295],[-115.345981,47.493226],[-115.346296,47.493251],[-115.346611,47.493318],[-115.347127,47.49358],[-115.347589,47.493796],[-115.347864,47.493823],[-115.348034,47.493784],[-115.348164,47.493635],[-115.348391,47.493268],[-115.348616,47.492889],[-115.348793,47.492726],[-115.348989,47.492622],[-115.349415,47.492447],[-115.349698,47.492248],[-115.349861,47.491819],[-115.350037,47.491612],[-115.350182,47.491388],[-115.350299,47.491079],[-115.35041,47.490947],[-115.350764,47.49057]]},"properties":{"kind":"trail","id":"284","name":"WEST FORK KNOX CREEK","bmp":0,"emp":1.7519,"mvum_symbol_name":"Trails open to motorcycles, Yearlong","seasonal":"yearlong","motorcycle_datesopen":"01/01-12/31","districtname":"Plains/Thompson Falls Ranger District","trailclass":"TC2 - MODERATELY DEVELOPED"}},{"type":"Feature","geometry":{"type":"LineString","coordinates":[[-115.204785,47.872132],[-115.20447,47.871485],[-115.204181,47.870807],[-115.204038,47.870364]]},"properties":{"kind":"trail","id":"1104-A","name":"FISHTRAP LAKE CUTOFF","bmp":0,"emp":0.149,"mvum_symbol_name":"Trails open to motorcycles, Yearlong","seasonal":"yearlong","motorcycle_datesopen":"01/01-12/31","districtname":"Plains/Thompson Falls Ranger District","trailclass":"TC2 - MODERATELY DEVELOPED"}},{"type":"Feature","geometry":{"type":"LineString","coordinates":[[-115.051967,47.305086],[-115.051575,47.304875],[-115.05127,47.3047],[-115.050852,47.304492],[-115.050385,47.304195],[-115.049835,47.303879],[-115.049434,47.303648],[-115.04911,47.303482],[-115.048867,47.303362],[-115.048545,47.303223],[-115.048142,47.30307],[-115.047553,47.302895],[-115.047071,47.30272],[-115.046691,47.302566],[-115.045999,47.302407],[-115.045515,47.302298],[-115.045017,47.302094],[-115.044531,47.301887],[-115.043985,47.301655],[-115.043317,47.301409],[-115.042872,47.301178],[-115.042333,47.300849],[-115.041986,47.300657],[-115.041543,47.300673],[-115.041181,47.300608],[-115.040832,47.300564],[-115.040349,47.300426],[-115.039848,47.300307],[-115.039222,47.300115],[-115.038494,47.299883],[-115.037972,47.299829],[-115.037512,47.299834],[-115.037028,47.299888],[-115.036422,47.299997],[-115.035577,47.300233],[-115.034729,47.300507],[-115.034167,47.300661],[-115.033842,47.300759],[-115.033425,47.300749],[-115.032837,47.30061],[-115.032151,47.300582],[-115.031385,47.300683],[-115.030861,47.300763],[-115.02994,47.301044],[-115.029354,47.301273],[-115.028892,47.301454],[-115.028546,47.301619],[-115.028152,47.301762],[-115.027546,47.301953],[-115.02674,47.302135],[-115.026191,47.302327],[-115.025635,47.302535],[-115.024926,47.302785],[-115.024623,47.302914],[-115.024512,47.303058],[-115.024283,47.303284],[-115.024045,47.303648],[-115.02382,47.303892],[-115.023564,47.304265],[-115.023246,47.304747],[-115.022862,47.305285],[-115.022602,47.305696],[-115.022467,47.305879],[-115.022222,47.306124],[-115.022003,47.306355],[-115.021682,47.306563],[-115.021255,47.306809],[-115.02112,47.306991],[-115.021037,47.307165],[-115.02098,47.307512],[-115.020926,47.307842],[-115.020764,47.308078],[-115.020575,47.30824],[-115.020439,47.308335],[-115.020198,47.308421],[-115.019739,47.308514],[-115.018849,47.308667],[-115.018286,47.308804],[-115.017845,47.308919],[-115.017359,47.309069],[-115.016779,47.309275],[-115.016335,47.30944],[-115.015787,47.309609],[-115.015245,47.309956],[-115.014826,47.310158],[-115.01402,47.310419],[-115.013496,47.310585],[-115.01285,47.310712],[-115.01235,47.310756],[-115.011681,47.310771],[-115.010576,47.310758],[-115.009852,47.310833]]},"properties":{"kind":"trail","id":"1718.1","name":"MILL CREEK","bmp":0.10300000000000001,"emp":2.545,"mvum_symbol_name":"Trails open to motorcycles, Yearlong","seasonal":"yearlong","motorcycle_datesopen":"01/01-12/31","districtname":"Superior Ranger District","trailclass":"TC3 - DEVELOPED"}},{"type":"Feature","geometry":{"type":"LineString","coordinates":[[-112.937894,47.092776],[-112.93769,47.093092],[-112.937562,47.093224],[-112.937345,47.093344],[-112.937071,47.093464],[-112.936869,47.093514],[-112.936558,47.093548],[-112.936146,47.09358],[-112.935785,47.093585],[-112.935424,47.093602],[-112.935097,47.093633],[-112.934478,47.093767],[-112.934237,47.093827],[-112.933941,47.093915],[-112.933612,47.09404],[-112.933233,47.094156],[-112.932889,47.094298],[-112.932535,47.094484],[-112.93226,47.094589],[-112.931642,47.094786],[-112.931362,47.094863],[-112.930918,47.095087],[-112.93055,47.095241],[-112.930415,47.095314],[-112.9301,47.095488],[-112.929781,47.095659],[-112.929427,47.095901],[-112.929243,47.09604],[-112.92904,47.096261],[-112.928889,47.096463],[-112.928847,47.096629],[-112.928822,47.096805],[-112.928794,47.097045],[-112.928704,47.09721],[-112.928518,47.09733],[-112.928366,47.097401],[-112.928086,47.097538],[-112.92774,47.097724],[-112.92753,47.097846],[-112.927144,47.098088],[-112.926927,47.098278],[-112.926878,47.098389],[-112.926846,47.098514],[-112.926841,47.098624],[-112.926841,47.098745],[-112.926855,47.098898],[-112.926866,47.099062],[-112.926903,47.099267],[-112.926952,47.099469],[-112.927039,47.099765],[-112.927145,47.100039],[-112.927299,47.100309],[-112.927425,47.100582],[-112.927611,47.100917],[-112.927804,47.10129],[-112.927957,47.101661],[-112.928053,47.10198],[-112.928117,47.102217],[-112.928181,47.102464],[-112.928244,47.102748],[-112.9283,47.103007],[-112.928351,47.103277]]},"properties":{"kind":"trail","id":"17.1","name":"BEAR CREEK","bmp":1.663,"emp":2.642,"mvum_symbol_name":"Trails open to motorcycles, Seasonal","seasonal":"seasonal","motorcycle_datesopen":"05/01-11/30","districtname":"Seeley Lake Ranger District","trailclass":"TC3 - DEVELOPED"}},{"type":"Feature","geometry":{"type":"LineString","coordinates":[[-114.896206,47.939858],[-114.895659,47.940065],[-114.89539,47.940349],[-114.895143,47.940619],[-114.894982,47.940794],[-114.894672,47.941163],[-114.894418,47.941315],[-114.894076,47.941611],[-114.89361,47.941814],[-114.892898,47.942163],[-114.892368,47.942345],[-114.891968,47.942553],[-114.891374,47.942855],[-114.89106,47.943029],[-114.890563,47.9432],[-114.890214,47.943387],[-114.889675,47.943593],[-114.889382,47.943731],[-114.888881,47.944026],[-114.888655,47.9441],[-114.888452,47.94417],[-114.887594,47.944468],[-114.886561,47.944863],[-114.885948,47.945167]]},"properties":{"kind":"trail","id":"118","name":"PINE HILL","bmp":0,"emp":0.595,"mvum_symbol_name":"Trails open to motorcycles, Yearlong","seasonal":"yearlong","motorcycle_datesopen":"01/01-12/31","districtname":"Plains/Thompson Falls Ranger District","trailclass":"TC2 - MODERATELY DEVELOPED"}},{"type":"Feature","geometry":{"type":"LineString","coordinates":[[-114.125071,46.820305],[-114.125037,46.820053],[-114.125019,46.819881],[-114.125072,46.819741],[-114.125199,46.819584],[-114.12545,46.819412],[-114.125592,46.819354],[-114.125724,46.819279],[-114.125837,46.819188],[-114.125995,46.819109],[-114.126222,46.819039],[-114.12676,46.818929],[-114.127215,46.818825],[-114.12768,46.818728],[-114.128132,46.818637],[-114.128581,46.818547],[-114.129014,46.81848],[-114.129249,46.818462],[-114.129608,46.81841],[-114.129681,46.818291],[-114.129721,46.818335],[-114.129793,46.818365],[-114.13012,46.818433],[-114.130475,46.818548],[-114.131121,46.818706],[-114.131237,46.818752],[-114.131584,46.818978],[-114.131794,46.819251],[-114.131881,46.819432],[-114.13192,46.819541],[-114.131986,46.819671],[-114.131976,46.81971],[-114.13194,46.819728],[-114.131893,46.819726],[-114.131801,46.819651],[-114.1317,46.819563],[-114.131557,46.819478],[-114.131169,46.81931],[-114.131015,46.819283],[-114.130882,46.819274],[-114.130706,46.819285],[-114.130563,46.819304],[-114.130379,46.819364],[-114.130232,46.819432],[-114.130105,46.819479],[-114.130033,46.819525],[-114.12996,46.819562],[-114.129858,46.819619],[-114.129713,46.819689],[-114.129561,46.819765],[-114.129479,46.819829],[-114.129283,46.819925],[-114.129225,46.819993],[-114.129136,46.820079],[-114.129039,46.820155],[-114.128912,46.820221],[-114.128806,46.820303],[-114.128686,46.820414],[-114.128603,46.820485],[-114.128522,46.82056],[-114.128432,46.82063],[-114.128362,46.820707],[-114.128288,46.820793],[-114.128214,46.820874],[-114.128144,46.820999],[-114.128047,46.821129],[-114.127988,46.821194],[-114.127932,46.821267],[-114.127817,46.821352],[-114.127451,46.821627],[-114.127413,46.821705],[-114.127397,46.821793],[-114.127363,46.821905],[-114.12733,46.821963],[-114.127278,46.822065],[-114.127201,46.82221],[-114.127164,46.822376],[-114.127095,46.822601],[-114.127031,46.822745],[-114.12698,46.822864],[-114.12694,46.822954],[-114.126854,46.823109],[-114.126743,46.823265],[-114.126699,46.823318],[-114.126583,46.82339],[-114.126474,46.823366],[-114.126426,46.823273],[-114.126437,46.823121],[-114.126339,46.823119],[-114.126177,46.823245]]},"properties":{"kind":"trail","id":"6.04","name":"BLUE MTN MC/ATV BYPASS","bmp":0,"emp":0.9400000000000001,"mvum_symbol_name":"Trails open to motorcycles, Seasonal","seasonal":"seasonal","motorcycle_datesopen":"05/01-11/30","districtname":"Missoula Ranger District","trailclass":"TC4 - HIGHLY DEVELOPED"}},{"type":"Feature","geometry":{"type":"LineString","coordinates":[[-113.541151,46.63367],[-113.5417,46.633143],[-113.541844,46.632489],[-113.542017,46.63209],[-113.542196,46.6314],[-113.542063,46.630474],[-113.541891,46.629783],[-113.541497,46.628934],[-113.541054,46.628289],[-113.54057,46.627894],[-113.539703,46.627488],[-113.5388,46.62716],[-113.537909,46.626906],[-113.53726,46.626731],[-113.536618,46.626551],[-113.535941,46.626281],[-113.535203,46.625774],[-113.534344,46.624967],[-113.533481,46.624091],[-113.533258,46.623987],[-113.533103,46.62394],[-113.532887,46.623876],[-113.532784,46.623825],[-113.532634,46.62374],[-113.532403,46.623641],[-113.532274,46.62356],[-113.532204,46.623483],[-113.532116,46.623423],[-113.531963,46.623346],[-113.531923,46.623246],[-113.531922,46.623169],[-113.531926,46.622911],[-113.531937,46.622683],[-113.531947,46.622496],[-113.531966,46.62233],[-113.532003,46.622076],[-113.53211,46.621853],[-113.532262,46.621488],[-113.532386,46.621179],[-113.532619,46.620783],[-113.532837,46.620438],[-113.533057,46.620185],[-113.533333,46.619832],[-113.533673,46.619477],[-113.5338,46.61936],[-113.534046,46.619132],[-113.534117,46.619066],[-113.534259,46.618945],[-113.534404,46.618806],[-113.534507,46.618687],[-113.534597,46.618571],[-113.534626,46.618479],[-113.534616,46.618348],[-113.534617,46.618243],[-113.534585,46.618138],[-113.534539,46.618007],[-113.534504,46.61786],[-113.534513,46.617761],[-113.534558,46.617669],[-113.534626,46.617568],[-113.534682,46.61747],[-113.534819,46.61733],[-113.534979,46.617226],[-113.535128,46.617141],[-113.535279,46.617026],[-113.535376,46.61694],[-113.535431,46.616833],[-113.535479,46.616725],[-113.535518,46.6166],[-113.535542,46.616451],[-113.535565,46.616285],[-113.535559,46.616148],[-113.535494,46.615917],[-113.535468,46.615786],[-113.535328,46.615245],[-113.53512,46.614859],[-113.534946,46.614509],[-113.534912,46.614323],[-113.534945,46.614174],[-113.535115,46.613951],[-113.535371,46.613747],[-113.535647,46.613487],[-113.535786,46.613276],[-113.535957,46.613056],[-113.536147,46.612884],[-113.536412,46.612694],[-113.536784,46.612499],[-113.53719,46.61229],[-113.537733,46.612037],[-113.538423,46.61173],[-113.538811,46.611584],[-113.538947,46.611541],[-113.539142,46.611435],[-113.539332,46.611313],[-113.539525,46.611119],[-113.53958,46.610955],[-113.539554,46.610758],[-113.539476,46.61047],[-113.539443,46.610079],[-113.539372,46.609779],[-113.53934,46.609607],[-113.539515,46.609395],[-113.539721,46.60922],[-113.540001,46.608971],[-113.540218,46.608736],[-113.540519,46.608385],[-113.540852,46.608101],[-113.541189,46.607864],[-113.541577,46.607671],[-113.541872,46.607518],[-113.542126,46.607292],[-113.542301,46.60702],[-113.542434,46.606773],[-113.542499,46.606527],[-113.542508,46.606227],[-113.542502,46.605986],[-113.542486,46.605714],[-113.542485,46.605448],[-113.54258,46.605217],[-113.542692,46.605018],[-113.542873,46.604778],[-113.543034,46.60458],[-113.54309,46.604487],[-113.543151,46.604334],[-113.543194,46.604173],[-113.543248,46.603982],[-113.543336,46.603778],[-113.543418,46.603592],[-113.543474,46.603444],[-113.54345,46.60328],[-113.543433,46.60316],[-113.543543,46.603085],[-113.543743,46.602943],[-113.543856,46.602848],[-113.543959,46.602738],[-113.544084,46.602596],[-113.544145,46.602514],[-113.544171,46.602433],[-113.544244,46.602293],[-113.544304,46.602132],[-113.544361,46.601946],[-113.544443,46.601652],[-113.544495,46.601372]]},"properties":{"kind":"trail","id":"21","name":"JOHN LONG","bmp":0,"emp":2.818,"mvum_symbol_name":"Trails open to motorcycles, Seasonal","seasonal":"seasonal","motorcycle_datesopen":"05/16-10/14","districtname":"Missoula Ranger District","trailclass":"TC3 - DEVELOPED"}},{"type":"Feature","geometry":{"type":"LineString","coordinates":[[-114.905355,47.364568],[-114.905746,47.364661],[-114.906275,47.364717],[-114.90678,47.364799],[-114.907069,47.364799],[-114.907449,47.364717],[-114.907692,47.364679],[-114.908257,47.36458],[-114.908538,47.364523],[-114.90912,47.364482],[-114.909643,47.364454],[-114.910394,47.3644],[-114.911122,47.364355],[-114.911403,47.364339],[-114.911822,47.364366],[-114.912308,47.364412],[-114.912535,47.364447],[-114.912834,47.364488],[-114.913129,47.364488],[-114.913759,47.364514],[-114.914206,47.364652],[-114.914407,47.364678],[-114.914731,47.364762],[-114.915091,47.364882],[-114.915376,47.364982],[-114.915592,47.365076],[-114.915937,47.365167],[-114.916344,47.365304],[-114.916732,47.365541],[-114.917091,47.365772],[-114.917312,47.365869],[-114.917617,47.366047],[-114.917821,47.366221],[-114.918036,47.366387],[-114.918427,47.366605],[-114.918745,47.366758],[-114.918964,47.366841],[-114.919368,47.367028],[-114.919556,47.367126],[-114.919916,47.36729],[-114.920239,47.367401],[-114.920563,47.367675],[-114.920966,47.368098],[-114.921194,47.368426],[-114.92149,47.368794],[-114.921636,47.368957],[-114.921798,47.369112],[-114.921904,47.369206],[-114.922103,47.369287],[-114.922386,47.36937],[-114.922646,47.369495],[-114.922952,47.369643],[-114.923112,47.369781],[-114.923354,47.369973],[-114.923452,47.370094],[-114.923733,47.370356],[-114.92396,47.370714],[-114.924244,47.370959],[-114.924644,47.371272],[-114.925091,47.371565],[-114.925373,47.371711],[-114.925881,47.371931],[-114.926364,47.372106],[-114.926931,47.372272],[-114.927496,47.37249],[-114.927979,47.372665],[-114.928359,47.372738],[-114.928745,47.372722],[-114.929083,47.372665],[-114.929433,47.372566],[-114.929756,47.372474],[-114.930152,47.372276],[-114.93078,47.372128],[-114.931023,47.372084],[-114.931507,47.372075],[-114.931683,47.372097],[-114.932089,47.372303],[-114.932393,47.372588],[-114.933124,47.37307],[-114.933214,47.373018],[-114.933471,47.372975],[-114.934042,47.372976],[-114.934533,47.373131],[-114.934859,47.373263],[-114.935165,47.373419],[-114.935436,47.373551],[-114.935757,47.373699],[-114.936112,47.373987],[-114.936252,47.374206],[-114.936327,47.374438],[-114.936344,47.374707],[-114.936278,47.374941],[-114.936274,47.375158],[-114.936325,47.375352],[-114.93642,47.375504],[-114.936568,47.375638],[-114.936841,47.375781],[-114.937179,47.376019],[-114.937551,47.376098],[-114.93798,47.376278],[-114.938303,47.376568],[-114.938598,47.376903],[-114.938928,47.377272],[-114.939421,47.377527],[-114.939765,47.377835],[-114.939959,47.378063],[-114.94009,47.378305],[-114.940309,47.378695],[-114.941039,47.380053],[-114.941296,47.380808],[-114.941833,47.381526],[-114.941919,47.381593],[-114.94199,47.38162],[-114.942078,47.381632],[-114.942157,47.381623],[-114.942235,47.381593],[-114.942273,47.381546],[-114.942309,47.381469],[-114.942365,47.38127],[-114.942662,47.380884],[-114.942883,47.380611],[-114.943084,47.380312],[-114.943214,47.380137],[-114.94341,47.379965],[-114.943639,47.379808],[-114.944389,47.379459],[-114.944715,47.379252],[-114.945355,47.378933],[-114.945969,47.378578],[-114.946765,47.378346],[-114.946979,47.37825],[-114.947098,47.378095],[-114.94723,47.378021],[-114.947843,47.377989],[-114.948087,47.377948],[-114.948285,47.377853],[-114.948391,47.377728],[-114.948423,47.377624],[-114.948427,47.377612],[-114.948461,47.377529],[-114.948482,47.377479],[-114.94866,47.377447],[-114.948819,47.37736],[-114.949015,47.377315],[-114.949626,47.376749],[-114.949705,47.376537],[-114.950174,47.376236],[-114.950486,47.375781],[-114.950561,47.375534],[-114.950622,47.375409],[-114.951241,47.375022],[-114.951364,47.374887],[-114.951396,47.374678],[-114.951548,47.37452],[-114.951796,47.374265],[-114.952723,47.373434],[-114.952975,47.373174],[-114.953238,47.373119],[-114.953674,47.373048],[-114.954097,47.372907],[-114.954649,47.372841],[-114.955197,47.372917],[-114.9554,47.372962],[-114.955667,47.373043],[-114.95587,47.373124],[-114.956208,47.373273],[-114.956732,47.37352],[-114.957377,47.37374],[-114.957864,47.373904],[-114.958024,47.373926],[-114.95845,47.373942],[-114.95871,47.373916],[-114.959155,47.373952],[-114.959382,47.373996],[-114.959801,47.374172],[-114.960147,47.374227],[-114.960835,47.374309],[-114.961131,47.37432],[-114.962045,47.374277],[-114.962304,47.374275],[-114.962882,47.374314],[-114.963837,47.374386],[-114.964176,47.374423],[-114.964538,47.37448],[-114.964821,47.374515],[-114.965409,47.374573],[-114.965735,47.374626],[-114.966233,47.374748],[-114.966645,47.374937],[-114.966818,47.375001],[-114.967156,47.375125],[-114.967673,47.375307],[-114.968483,47.37553],[-114.968686,47.375618],[-114.968822,47.375647],[-114.969421,47.375777],[-114.970021,47.376053],[-114.970463,47.376305],[-114.970708,47.376484],[-114.970946,47.376942],[-114.97117,47.377309],[-114.971461,47.377589],[-114.971871,47.377821],[-114.972334,47.377967],[-114.972729,47.378211],[-114.972939,47.378442],[-114.973089,47.378697],[-114.97325,47.379067],[-114.973503,47.379422],[-114.973949,47.379705],[-114.974512,47.379919],[-114.974981,47.380128],[-114.975446,47.380441],[-114.975882,47.380682],[-114.97642,47.380849],[-114.976693,47.380893],[-114.976932,47.380932],[-114.977057,47.38093],[-114.977158,47.380927],[-114.978015,47.380749],[-114.978825,47.380623],[-114.979736,47.380624],[-114.980384,47.380668],[-114.980718,47.380655],[-114.980943,47.380946],[-114.981261,47.381334],[-114.981912,47.381924],[-114.983328,47.382804],[-114.983747,47.383087],[-114.984655,47.383576],[-114.984854,47.383662],[-114.985154,47.383774],[-114.985439,47.38388],[-114.985565,47.383979],[-114.985579,47.384002],[-114.985711,47.384206],[-114.985885,47.384496],[-114.985919,47.384619],[-114.985961,47.384891],[-114.985952,47.384999],[-114.985946,47.385081],[-114.985917,47.385209],[-114.985846,47.38531],[-114.985754,47.385434],[-114.985575,47.385609],[-114.985359,47.385865],[-114.9853,47.386011],[-114.985168,47.386328],[-114.985126,47.38643],[-114.985052,47.386675],[-114.985025,47.386858],[-114.985019,47.386896],[-114.984835,47.38753],[-114.98463,47.388067],[-114.98453,47.388659],[-114.984514,47.38908],[-114.98447,47.389681],[-114.984584,47.390186],[-114.984846,47.390832],[-114.985069,47.391228],[-114.985322,47.391493],[-114.985501,47.391805],[-114.985585,47.391965],[-114.985614,47.392114],[-114.985603,47.392239],[-114.985584,47.393386],[-114.985636,47.393818],[-114.985758,47.394392],[-114.98582,47.394471],[-114.985851,47.394512],[-114.986358,47.39506],[-114.986451,47.395142],[-114.987271,47.395599],[-114.987505,47.395717],[-114.987926,47.395876],[-114.988132,47.395964],[-114.988438,47.396136],[-114.988648,47.396269],[-114.989028,47.396555],[-114.989152,47.396635],[-114.989653,47.396973],[-114.989769,47.397027],[-114.989838,47.39706],[-114.989998,47.397114],[-114.990118,47.397116],[-114.99027,47.397096],[-114.99038,47.397067],[-114.990568,47.397018],[-114.990761,47.396946],[-114.990984,47.396862],[-114.991232,47.396793],[-114.991726,47.396655],[-114.991834,47.396625],[-114.991921,47.396602],[-114.992215,47.396579],[-114.992397,47.396589],[-114.992545,47.396618],[-114.993114,47.396773],[-114.993391,47.396811],[-114.993994,47.396835],[-114.994106,47.39683],[-114.994234,47.396802],[-114.994279,47.396784],[-114.994372,47.396748],[-114.994507,47.39666],[-114.99461,47.396578],[-114.994699,47.396508],[-114.994934,47.396163],[-114.995083,47.395945],[-114.995468,47.39555],[-114.995649,47.395384],[-114.995789,47.395255],[-114.99593,47.395191],[-114.996127,47.395122],[-114.996376,47.395082],[-114.996848,47.39504],[-114.996964,47.39534],[-114.997333,47.395627],[-114.997898,47.39606],[-114.998133,47.396382],[-114.998218,47.396743],[-114.998259,47.397151],[-114.998392,47.397644],[-114.99852,47.398023],[-114.998644,47.398209],[-114.999463,47.398095],[-115.000153,47.39803],[-115.001038,47.397956],[-115.001314,47.397923],[-115.001628,47.397913],[-115.001981,47.397929],[-115.002583,47.397977],[-115.003038,47.398033],[-115.00384,47.398176],[-115.004284,47.398325],[-115.004647,47.398544],[-115.005099,47.39872],[-115.005521,47.398966],[-115.005842,47.399094],[-115.006125,47.399089],[-115.006773,47.399132],[-115.007159,47.399105],[-115.007662,47.399116],[-115.008331,47.399126],[-115.008976,47.399254],[-115.008784,47.399417],[-115.009061,47.399569],[-115.009545,47.399626],[-115.009989,47.399689],[-115.010415,47.399895],[-115.011221,47.400064],[-115.012218,47.400325],[-115.012831,47.400618],[-115.013091,47.400765],[-115.013654,47.400946],[-115.01445,47.401177],[-115.015451,47.401453],[-115.015857,47.401561],[-115.015953,47.401631],[-115.015981,47.401762],[-115.016354,47.402537],[-115.016491,47.403085],[-115.016502,47.403335],[-115.01679,47.403865],[-115.016317,47.404834],[-115.017427,47.405388],[-115.017475,47.405688],[-115.017513,47.405936],[-115.017692,47.406375],[-115.016757,47.406954],[-115.017082,47.40721],[-115.017423,47.4075],[-115.01788,47.407689],[-115.018842,47.408041],[-115.019353,47.40825],[-115.019332,47.408638],[-115.019811,47.408898],[-115.020338,47.409125],[-115.020645,47.409568],[-115.021118,47.40982],[-115.021819,47.410199],[-115.022042,47.41051],[-115.022637,47.410778],[-115.022943,47.410918],[-115.023347,47.411027],[-115.024115,47.411175],[-115.024695,47.411257],[-115.025461,47.411379],[-115.025972,47.41147],[-115.026376,47.41169],[-115.026876,47.411982],[-115.027488,47.412225],[-115.027773,47.412277],[-115.027951,47.412351],[-115.028094,47.412597],[-115.02838,47.412965],[-115.028783,47.413567],[-115.029086,47.413951],[-115.029264,47.414105],[-115.029509,47.414197],[-115.029627,47.41417],[-115.02971,47.414072],[-115.029709,47.413825],[-115.029733,47.413634],[-115.029873,47.413495],[-115.030455,47.413332],[-115.031123,47.413179],[-115.031624,47.413087],[-115.032094,47.413014],[-115.032432,47.412998],[-115.032837,47.412998],[-115.033243,47.413042],[-115.033644,47.41308],[-115.034131,47.413175],[-115.034477,47.413191],[-115.035099,47.413175],[-115.035606,47.413104],[-115.036577,47.412829],[-115.036834,47.412649],[-115.037401,47.412418],[-115.037701,47.412225],[-115.038658,47.411665],[-115.039046,47.41153],[-115.039677,47.411352],[-115.040104,47.411307],[-115.040426,47.411342],[-115.040682,47.411301],[-115.04092,47.411298],[-115.041063,47.411313],[-115.041598,47.411288],[-115.042202,47.411195],[-115.042424,47.411165],[-115.042676,47.41114],[-115.043184,47.411135],[-115.043774,47.411155],[-115.043981,47.41116],[-115.044093,47.411152],[-115.044186,47.411117],[-115.044294,47.411042],[-115.044381,47.411014],[-115.044738,47.410957],[-115.044873,47.410907],[-115.045888,47.410688],[-115.046059,47.41065],[-115.04622,47.410657],[-115.046341,47.410682],[-115.046592,47.410721],[-115.046919,47.410778],[-115.047492,47.410988],[-115.047974,47.411108],[-115.048597,47.41141],[-115.048903,47.411661],[-115.049044,47.411826],[-115.049155,47.411951],[-115.049245,47.412106],[-115.049342,47.41233],[-115.049424,47.412508],[-115.049625,47.412816],[-115.049673,47.412919],[-115.049723,47.412981],[-115.049799,47.413048],[-115.049936,47.413184],[-115.050039,47.413305],[-115.050119,47.413417],[-115.050159,47.413482],[-115.050229,47.413575],[-115.050276,47.413657],[-115.050425,47.413858],[-115.050563,47.414047],[-115.050672,47.414216],[-115.05085,47.414438],[-115.051076,47.414617],[-115.051126,47.414671],[-115.051195,47.414747],[-115.051261,47.4148],[-115.051465,47.414938],[-115.051693,47.41508],[-115.051831,47.415172],[-115.051916,47.415253],[-115.052109,47.415466],[-115.052231,47.415585],[-115.052469,47.415799],[-115.052645,47.415935],[-115.052766,47.416047],[-115.053074,47.416282],[-115.053324,47.416492],[-115.053485,47.416633],[-115.053658,47.4167],[-115.053818,47.416774],[-115.053943,47.416794],[-115.054109,47.416794],[-115.054394,47.416778],[-115.054639,47.416822],[-115.054903,47.416853],[-115.05523,47.416855],[-115.055451,47.416835],[-115.056171,47.416598],[-115.056547,47.416408],[-115.057039,47.416236],[-115.057543,47.416053],[-115.05789,47.415982],[-115.058322,47.415912],[-115.058576,47.415841],[-115.058848,47.415671],[-115.059071,47.415399],[-115.059316,47.415315],[-115.059859,47.415162],[-115.060487,47.415014],[-115.060934,47.414915],[-115.06158,47.414818],[-115.062038,47.414818],[-115.062832,47.4149],[-115.063414,47.414927],[-115.064406,47.415047],[-115.064946,47.415213],[-115.066038,47.415506],[-115.067153,47.415744],[-115.068025,47.415957],[-115.068551,47.416138],[-115.069377,47.416367],[-115.070063,47.416653],[-115.070694,47.416916],[-115.07112,47.417157],[-115.0715,47.41746],[-115.072008,47.417897],[-115.072617,47.418338],[-115.072802,47.418628],[-115.072977,47.418793],[-115.073312,47.418992],[-115.073502,47.419242],[-115.073485,47.419388],[-115.073544,47.419463],[-115.0737,47.419519],[-115.07385,47.419605],[-115.073926,47.419716],[-115.073946,47.419815],[-115.073903,47.419926],[-115.073763,47.420145],[-115.073785,47.420201],[-115.073858,47.420284],[-115.073941,47.420321],[-115.07404,47.420345],[-115.074163,47.420332],[-115.074293,47.420319],[-115.07459,47.420346],[-115.074804,47.420377],[-115.075312,47.420491],[-115.075743,47.420544],[-115.076245,47.420633],[-115.076501,47.420717],[-115.077029,47.420809],[-115.077756,47.42114],[-115.07828,47.421304],[-115.078561,47.421359],[-115.079047,47.42144],[-115.079272,47.421534],[-115.079376,47.421644],[-115.079539,47.421878],[-115.079781,47.422136],[-115.080026,47.422272],[-115.080282,47.4224],[-115.08059,47.422547],[-115.080896,47.422722],[-115.08114,47.42293],[-115.081438,47.423108],[-115.081723,47.423231],[-115.082367,47.423354],[-115.083055,47.423502],[-115.08397,47.423722],[-115.084355,47.42384],[-115.084437,47.424007],[-115.084476,47.424186],[-115.084598,47.424307],[-115.085061,47.424433],[-115.08599,47.424673],[-115.086636,47.42481],[-115.087161,47.424949],[-115.087693,47.425113],[-115.0883,47.425259],[-115.088883,47.425451],[-115.08923,47.425632],[-115.08989,47.42582],[-115.090498,47.4259],[-115.091331,47.425967],[-115.092478,47.42612],[-115.093164,47.426295],[-115.093511,47.426432],[-115.0939,47.426625],[-115.0944,47.426755],[-115.094791,47.426964],[-115.09509,47.427073],[-115.095573,47.427168],[-115.096139,47.427151],[-115.096703,47.427085],[-115.097268,47.42703],[-115.098223,47.427022],[-115.098722,47.427067],[-115.099314,47.427189],[-115.099696,47.427269],[-115.100122,47.427436],[-115.100768,47.42772],[-115.101213,47.427866],[-115.101374,47.427894],[-115.101498,47.427882],[-115.101593,47.427784],[-115.101634,47.427554],[-115.101834,47.427225],[-115.102062,47.426934],[-115.102399,47.426714],[-115.102658,47.426589],[-115.103385,47.426386],[-115.104419,47.426121],[-115.105343,47.425941],[-115.106334,47.425733],[-115.107079,47.42554],[-115.107708,47.425358],[-115.108574,47.425085],[-115.109419,47.424805],[-115.109824,47.424601],[-115.110027,47.424501],[-115.110113,47.424422],[-115.110479,47.424287],[-115.110577,47.42427],[-115.110634,47.42424],[-115.110699,47.424207],[-115.110829,47.424173],[-115.111349,47.423971],[-115.111688,47.423832],[-115.111956,47.423546],[-115.112176,47.423417],[-115.112685,47.423169],[-115.113064,47.423005],[-115.113223,47.422824],[-115.113482,47.422476],[-115.113726,47.42222],[-115.114109,47.421984],[-115.114452,47.421892],[-115.114653,47.421879],[-115.114797,47.421901],[-115.115043,47.422085],[-115.115282,47.422355],[-115.115465,47.422551],[-115.115659,47.422636],[-115.115866,47.422651],[-115.116051,47.422642],[-115.116173,47.422531],[-115.11631,47.422333],[-115.116513,47.422185],[-115.116741,47.422114],[-115.116997,47.422131],[-115.117565,47.422257],[-115.117766,47.422398],[-115.117966,47.422419],[-115.118113,47.422355],[-115.118208,47.422211],[-115.118323,47.421946],[-115.118406,47.421844],[-115.118547,47.421813],[-115.118695,47.421779],[-115.118894,47.421887],[-115.119138,47.421928],[-115.1193,47.421891],[-115.11946,47.421726],[-115.119689,47.421424],[-115.119844,47.421231],[-115.120162,47.421009],[-115.120407,47.420912],[-115.120871,47.420856],[-115.121503,47.42079],[-115.122861,47.420785],[-115.123309,47.420813],[-115.123659,47.420867],[-115.123947,47.420922],[-115.124494,47.421069],[-115.125167,47.421355],[-115.125514,47.421481],[-115.125637,47.421492],[-115.126024,47.421517],[-115.126334,47.421529],[-115.126514,47.421616],[-115.126947,47.421994],[-115.127191,47.422273],[-115.127455,47.422549],[-115.127788,47.422862],[-115.12828,47.423179],[-115.128747,47.423464],[-115.129045,47.423713],[-115.129408,47.424042],[-115.129685,47.424397],[-115.130151,47.424968],[-115.130565,47.42528],[-115.130994,47.425622],[-115.131381,47.425867],[-115.132016,47.426094],[-115.132624,47.426284],[-115.133174,47.426395],[-115.133796,47.42645],[-115.134152,47.426484],[-115.134417,47.42654],[-115.134701,47.426622],[-115.134851,47.426736],[-115.134972,47.426845],[-115.135224,47.427001],[-115.135789,47.427328],[-115.136644,47.427789],[-115.137115,47.428027],[-115.137541,47.428179],[-115.13828,47.428536],[-115.138747,47.428705],[-115.139473,47.428936],[-115.139967,47.429091],[-115.140354,47.429262],[-115.140775,47.429529],[-115.141252,47.429891],[-115.141703,47.430133],[-115.142121,47.430448],[-115.142446,47.430764],[-115.142712,47.430941],[-115.142953,47.431066],[-115.143171,47.4311],[-115.14353,47.431082],[-115.143746,47.430989],[-115.144133,47.430896],[-115.144886,47.430809],[-115.145194,47.431039],[-115.145516,47.431282],[-115.146064,47.431521],[-115.14663,47.431735],[-115.147026,47.431917],[-115.147623,47.432088],[-115.148156,47.432257],[-115.148691,47.432566],[-115.14983,47.433409],[-115.150283,47.433739],[-115.150563,47.434046],[-115.150815,47.434436],[-115.151089,47.43476],[-115.151362,47.435192],[-115.151606,47.435471],[-115.151857,47.435808],[-115.152003,47.436109],[-115.152108,47.436378],[-115.152196,47.43663],[-115.15239,47.436854],[-115.152769,47.437069],[-115.153156,47.437157],[-115.153577,47.437271],[-115.153958,47.437426],[-115.1542,47.437606],[-115.1544,47.437918],[-115.154661,47.43843],[-115.15473,47.438622],[-115.154868,47.438962],[-115.155045,47.439406],[-115.155378,47.439871],[-115.155676,47.440343],[-115.155967,47.440788],[-115.156171,47.441028],[-115.15645,47.441259],[-115.15687,47.441549],[-115.157339,47.441798],[-115.157832,47.442015],[-115.158203,47.442193],[-115.158222,47.442329],[-115.158205,47.442552],[-115.15839,47.442763],[-115.158488,47.442959],[-115.158486,47.443168],[-115.158479,47.443633],[-115.158389,47.443888],[-115.158309,47.444315],[-115.158351,47.444709],[-115.158413,47.444945],[-115.158502,47.445174],[-115.158809,47.445236],[-115.159262,47.44523],[-115.159811,47.445291],[-115.160185,47.44541],[-115.160466,47.445652],[-115.160638,47.445971],[-115.160767,47.446344],[-115.160823,47.446718],[-115.160804,47.447189],[-115.160851,47.447401],[-115.161114,47.447847],[-115.161363,47.448126],[-115.16167,47.448427],[-115.162,47.448669],[-115.162411,47.448949],[-115.162589,47.449025],[-115.162972,47.449267],[-115.163414,47.44946],[-115.163923,47.449781],[-115.164367,47.450067],[-115.164846,47.450266],[-115.165539,47.450458],[-115.166382,47.450721],[-115.167296,47.450934],[-115.16798,47.45111],[-115.168436,47.451285],[-115.169107,47.451494],[-115.169639,47.451583],[-115.170091,47.451786],[-115.170566,47.452027],[-115.171012,47.452252],[-115.171255,47.452477],[-115.171553,47.452723],[-115.172097,47.453067],[-115.172599,47.453293],[-115.173169,47.453584],[-115.173784,47.45388],[-115.174317,47.454121],[-115.174587,47.454187],[-115.174925,47.454236],[-115.175344,47.454249],[-115.17575,47.454254],[-115.17616,47.454302],[-115.176599,47.454352],[-115.177003,47.454334],[-115.177392,47.454373],[-115.177932,47.4545],[-115.178492,47.454654],[-115.178887,47.454786],[-115.179656,47.454924],[-115.180389,47.455072],[-115.180664,47.455072],[-115.1809,47.455033],[-115.181198,47.454944],[-115.181723,47.454962],[-115.181999,47.455077],[-115.182291,47.455308],[-115.182559,47.455575],[-115.18289,47.45579],[-115.183316,47.456018],[-115.183763,47.456216],[-115.184151,47.456365],[-115.184431,47.456519],[-115.184693,47.456764],[-115.184895,47.456985],[-115.185008,47.457166],[-115.185159,47.45733],[-115.185312,47.457473],[-115.185516,47.457636],[-115.185969,47.45785],[-115.186081,47.457916],[-115.186283,47.457983],[-115.186606,47.458121],[-115.186872,47.458223],[-115.187037,47.458323],[-115.187134,47.458395],[-115.187664,47.45858],[-115.188105,47.458718],[-115.188446,47.45872],[-115.188818,47.458793],[-115.188891,47.458809],[-115.189056,47.458848],[-115.189265,47.458892],[-115.18949,47.458926],[-115.189612,47.458944],[-115.189789,47.458957],[-115.18992,47.458963],[-115.189961,47.458962],[-115.190124,47.458958],[-115.190176,47.458957],[-115.19037,47.458959],[-115.190484,47.45897],[-115.190606,47.458993],[-115.190776,47.45903],[-115.191023,47.459104],[-115.191064,47.459119],[-115.19121,47.459173],[-115.191346,47.459229],[-115.191523,47.459304],[-115.191888,47.459486],[-115.192469,47.459751],[-115.192742,47.459893],[-115.193148,47.460119],[-115.193573,47.460411],[-115.193984,47.460679],[-115.194112,47.460761],[-115.194238,47.460819],[-115.194363,47.460868],[-115.194469,47.460901],[-115.194621,47.460939],[-115.194839,47.460973],[-115.194967,47.460989],[-115.195077,47.460993],[-115.195102,47.460994],[-115.195239,47.460994],[-115.195379,47.46099],[-115.195631,47.46097],[-115.195809,47.460957],[-115.196086,47.460941],[-115.196152,47.460937],[-115.196584,47.460897],[-115.196723,47.460883],[-115.196859,47.460864],[-115.196954,47.460867],[-115.197054,47.460876],[-115.197148,47.4609],[-115.197236,47.460939],[-115.197311,47.460978],[-115.197385,47.461008],[-115.197487,47.461043],[-115.197954,47.461168],[-115.198344,47.461254],[-115.198863,47.461367],[-115.199057,47.461405],[-115.199246,47.461424],[-115.199419,47.461432],[-115.199543,47.461433],[-115.19969,47.461428],[-115.199812,47.461418],[-115.199965,47.461396],[-115.200572,47.461249],[-115.200728,47.461213],[-115.200826,47.461191],[-115.200874,47.461187],[-115.200945,47.46118],[-115.201036,47.46118],[-115.201581,47.461206],[-115.201817,47.461237],[-115.202032,47.461274],[-115.202277,47.461329],[-115.20239,47.461362],[-115.202628,47.461443],[-115.202808,47.461513],[-115.202901,47.461561],[-115.203046,47.461635],[-115.203119,47.461655],[-115.203226,47.461669],[-115.203322,47.461679],[-115.203403,47.461677],[-115.203511,47.461674],[-115.20361,47.461679],[-115.203689,47.461691],[-115.203766,47.461716],[-115.203837,47.461751],[-115.203889,47.461784],[-115.203933,47.461832],[-115.203959,47.461876],[-115.203976,47.461933],[-115.203985,47.461987],[-115.203993,47.462063],[-115.204005,47.462141],[-115.204021,47.462188],[-115.204038,47.462219],[-115.204085,47.462259],[-115.20413,47.462286],[-115.204192,47.462309],[-115.20429,47.462333],[-115.204441,47.462359],[-115.20464,47.462382],[-115.204945,47.462432],[-115.205353,47.462495],[-115.205457,47.462514],[-115.205541,47.462538],[-115.205658,47.462582],[-115.205724,47.462603],[-115.205806,47.462618],[-115.205906,47.462627],[-115.206026,47.462631],[-115.206286,47.462623],[-115.206401,47.462615],[-115.206558,47.4626],[-115.206735,47.462577],[-115.206943,47.462545],[-115.207229,47.462493],[-115.20776,47.462388],[-115.208181,47.462313],[-115.208332,47.462329],[-115.208445,47.462356],[-115.208601,47.462407],[-115.208738,47.46246],[-115.208896,47.46253],[-115.209011,47.46257],[-115.209099,47.462586],[-115.209104,47.462586],[-115.209167,47.462592],[-115.209422,47.462587],[-115.209758,47.462548],[-115.210091,47.462575],[-115.210269,47.462545],[-115.210475,47.462477],[-115.210688,47.462286],[-115.210923,47.462093],[-115.211193,47.461928],[-115.211643,47.461762],[-115.212125,47.461583],[-115.212583,47.461292],[-115.213016,47.460963],[-115.213281,47.460865],[-115.213451,47.460859],[-115.213573,47.460897],[-115.2137,47.461085],[-115.213742,47.461201],[-115.213832,47.461379],[-115.214053,47.461747],[-115.214224,47.461978],[-115.214366,47.462148],[-115.214482,47.462278],[-115.214629,47.462409],[-115.214792,47.462527],[-115.214966,47.462662],[-115.215119,47.46276],[-115.215263,47.46283],[-115.215444,47.462903],[-115.215618,47.462957],[-115.215804,47.463002],[-115.215957,47.463024],[-115.216101,47.463041],[-115.216239,47.463049],[-115.216542,47.46307],[-115.21659,47.463075],[-115.216712,47.463089],[-115.216803,47.463104],[-115.216875,47.463117],[-115.217153,47.463187],[-115.217173,47.463193],[-115.217334,47.463243],[-115.217372,47.463254],[-115.217543,47.463318],[-115.217655,47.463369],[-115.217772,47.463433],[-115.2179,47.463504],[-115.217995,47.463569],[-115.218281,47.463771],[-115.218292,47.463779],[-115.218343,47.463808],[-115.218391,47.463834],[-115.218502,47.46388],[-115.218612,47.463916],[-115.218853,47.463973],[-115.219086,47.46402],[-115.219426,47.464087],[-115.21967,47.464132],[-115.219914,47.464196],[-115.220281,47.464243],[-115.220651,47.464311],[-115.221023,47.464401],[-115.221315,47.464444],[-115.221707,47.464424],[-115.22213,47.464396],[-115.222491,47.464392],[-115.222815,47.464434],[-115.22308,47.464421],[-115.223379,47.464334],[-115.223752,47.464236],[-115.224089,47.464205],[-115.224314,47.464287],[-115.224448,47.464415],[-115.224669,47.464579],[-115.225041,47.464912],[-115.225282,47.465079],[-115.22554,47.465306],[-115.225955,47.465488],[-115.226031,47.465525],[-115.226103,47.465571],[-115.22622,47.465675],[-115.22631,47.465761],[-115.226367,47.465821],[-115.226439,47.465897],[-115.226531,47.466015],[-115.226598,47.466112],[-115.226655,47.466217],[-115.226706,47.466293],[-115.226758,47.466358],[-115.226822,47.466426],[-115.226889,47.46649],[-115.227092,47.466671],[-115.227097,47.466674],[-115.227423,47.4669],[-115.227817,47.4671],[-115.228262,47.467307],[-115.228484,47.46741],[-115.228698,47.467529],[-115.228975,47.467705],[-115.229486,47.468084],[-115.229719,47.468277],[-115.230265,47.468686],[-115.230383,47.468759],[-115.230472,47.468801],[-115.230606,47.468863],[-115.230748,47.468909],[-115.231272,47.469062],[-115.231466,47.469099],[-115.231572,47.469101],[-115.231669,47.469125],[-115.231827,47.469167],[-115.231919,47.469184],[-115.232025,47.46919],[-115.232124,47.469181],[-115.232213,47.469173],[-115.232346,47.469177],[-115.232521,47.46919],[-115.232616,47.469189],[-115.232737,47.469179],[-115.232817,47.469166],[-115.232825,47.469164],[-115.232906,47.469128],[-115.233031,47.469068],[-115.233105,47.469018],[-115.233172,47.468954],[-115.233186,47.46893],[-115.23323,47.468858],[-115.23327,47.468819],[-115.233345,47.468748],[-115.233457,47.468664],[-115.233573,47.468604],[-115.233746,47.468546],[-115.234113,47.468474],[-115.234246,47.468457],[-115.234264,47.468455],[-115.234417,47.468451],[-115.234502,47.468458],[-115.234557,47.468473],[-115.234619,47.468493],[-115.234663,47.468529],[-115.23469,47.468581],[-115.234781,47.468788],[-115.234852,47.468906],[-115.234931,47.469006],[-115.235032,47.469105],[-115.235145,47.469181],[-115.235426,47.469336],[-115.235586,47.469446],[-115.235772,47.469598],[-115.235993,47.469745],[-115.236594,47.470073],[-115.236849,47.470185],[-115.237107,47.470276],[-115.23732,47.470341],[-115.237466,47.47037],[-115.237583,47.470382],[-115.237791,47.470396],[-115.238255,47.470438],[-115.238377,47.470439],[-115.23847,47.470427],[-115.238652,47.4704],[-115.23894,47.470328],[-115.239055,47.470312],[-115.239181,47.470302],[-115.239305,47.470308],[-115.239324,47.470309],[-115.239479,47.47033],[-115.239567,47.470357],[-115.2396,47.470367],[-115.239665,47.470407],[-115.239703,47.470431],[-115.239718,47.47044],[-115.239799,47.470509],[-115.239802,47.470512],[-115.239829,47.470535],[-115.239832,47.47054],[-115.239874,47.470611],[-115.239886,47.470668],[-115.239879,47.470701],[-115.239873,47.470748],[-115.239856,47.470788],[-115.239823,47.470822],[-115.239779,47.470853],[-115.239729,47.47088],[-115.239673,47.470901],[-115.239555,47.470928],[-115.23945,47.470941],[-115.239208,47.470949],[-115.239083,47.470959],[-115.238984,47.470975],[-115.23886,47.471002],[-115.238743,47.47104],[-115.238658,47.471087],[-115.238506,47.471195],[-115.238447,47.471249]]},"properties":{"kind":"trail","id":"404","name":"CC DIVIDE","bmp":0,"emp":21.5,"mvum_symbol_name":"Trails open to motorcycles, Yearlong","seasonal":"yearlong","motorcycle_datesopen":"01/01-12/31","districtname":"Superior Ranger District","trailclass":"TC3 - DEVELOPED"}},{"type":"Feature","geometry":{"type":"LineString","coordinates":[[-115.079638,47.605663],[-115.079548,47.605193],[-115.079434,47.605017],[-115.07943,47.604855],[-115.079595,47.604682],[-115.079924,47.60446],[-115.08017,47.604275],[-115.080298,47.604029],[-115.080414,47.603821],[-115.080492,47.603671],[-115.08057,47.60349],[-115.080635,47.603292],[-115.08068,47.603147],[-115.080719,47.603048],[-115.08065,47.602777],[-115.080586,47.602536],[-115.080678,47.60229],[-115.080756,47.602066],[-115.080805,47.601835],[-115.08088,47.601626],[-115.080921,47.601511],[-115.080953,47.601435],[-115.081091,47.601123],[-115.081123,47.601001],[-115.08118,47.600852],[-115.081342,47.600421],[-115.081379,47.600276],[-115.081412,47.600124],[-115.081447,47.59996],[-115.081447,47.5998],[-115.08135,47.599308],[-115.081317,47.599191],[-115.081257,47.599043],[-115.081217,47.598858],[-115.081179,47.598654],[-115.081184,47.598546],[-115.081195,47.598419],[-115.08122,47.598269],[-115.081267,47.598105],[-115.081314,47.59793],[-115.081363,47.597776],[-115.081411,47.597661],[-115.081486,47.597564],[-115.081552,47.597453],[-115.081646,47.597306],[-115.081744,47.59712],[-115.081808,47.59696],[-115.081866,47.596773],[-115.081939,47.596583],[-115.082278,47.595863],[-115.082467,47.595277],[-115.082593,47.594888],[-115.082637,47.594763],[-115.082644,47.594636],[-115.082637,47.594499],[-115.082595,47.594289],[-115.082553,47.594049],[-115.082488,47.593819],[-115.082441,47.593686],[-115.082401,47.593496],[-115.082368,47.593374],[-115.082334,47.593243],[-115.082294,47.593061],[-115.082286,47.592874],[-115.082262,47.592639],[-115.082261,47.592326],[-115.082261,47.592172],[-115.082271,47.592037],[-115.082268,47.591933],[-115.082303,47.591802],[-115.082334,47.591668],[-115.082383,47.591559],[-115.082446,47.591426],[-115.08253,47.591301],[-115.082611,47.591174],[-115.082698,47.591043],[-115.082803,47.590879],[-115.0829,47.59072],[-115.083064,47.590506],[-115.083192,47.590373],[-115.083316,47.590244],[-115.083476,47.590101],[-115.083575,47.589998],[-115.083655,47.589908],[-115.083728,47.589831],[-115.083826,47.589688],[-115.084042,47.58942],[-115.083799,47.589464],[-115.083678,47.589514],[-115.083542,47.589567],[-115.083403,47.58964],[-115.083258,47.589727],[-115.082746,47.590073],[-115.082518,47.590227],[-115.082156,47.590523],[-115.081832,47.590763],[-115.08166,47.590873],[-115.081278,47.591065],[-115.08106,47.591191],[-115.080918,47.591264],[-115.080729,47.591323],[-115.080622,47.59135],[-115.080452,47.591361],[-115.080322,47.591362],[-115.080203,47.591351],[-115.080008,47.591308],[-115.079814,47.591045],[-115.079781,47.590999],[-115.079579,47.590711],[-115.079487,47.590495],[-115.079426,47.590259],[-115.079376,47.590025],[-115.079124,47.589207],[-115.07905,47.589054],[-115.078952,47.588855],[-115.078841,47.588605],[-115.078719,47.58838],[-115.078263,47.587715],[-115.078152,47.587591],[-115.07799,47.587404],[-115.077819,47.587244],[-115.077671,47.587109],[-115.077517,47.586965],[-115.077398,47.586877],[-115.077187,47.586728],[-115.077008,47.586607],[-115.076854,47.586494],[-115.076739,47.586401],[-115.076625,47.586324],[-115.07649,47.586237],[-115.076309,47.586138],[-115.076166,47.58606],[-115.075987,47.58594],[-115.075815,47.585808],[-115.075663,47.585683],[-115.075465,47.585539],[-115.075216,47.585375],[-115.074965,47.585227],[-115.074788,47.585123],[-115.074585,47.584979],[-115.074429,47.584844],[-115.074332,47.584733],[-115.074193,47.584575],[-115.074073,47.584438],[-115.073944,47.584296],[-115.073879,47.584175],[-115.073821,47.584087],[-115.073748,47.58394],[-115.073685,47.583797],[-115.073625,47.58366],[-115.073513,47.583368],[-115.0734,47.583104],[-115.073037,47.582432],[-115.072768,47.582041],[-115.072645,47.581877],[-115.072525,47.581745],[-115.072385,47.581609],[-115.071794,47.581049],[-115.071672,47.580934],[-115.071544,47.580797],[-115.07138,47.580632],[-115.07121,47.580445],[-115.071115,47.580315],[-115.070992,47.580151],[-115.07088,47.580013],[-115.070685,47.579778],[-115.070484,47.579529],[-115.070342,47.579343],[-115.07023,47.579206],[-115.070102,47.579069],[-115.0699,47.578845],[-115.0695,47.578488],[-115.069298,47.578303],[-115.069049,47.578139],[-115.068932,47.578068],[-115.068796,47.577973],[-115.068649,47.577886],[-115.068503,47.577813],[-115.068276,47.577704],[-115.067977,47.577561],[-115.067774,47.577491],[-115.06755,47.577403],[-115.067238,47.577262],[-115.066834,47.577086],[-115.066267,47.57691],[-115.066063,47.576904],[-115.065903,47.576958],[-115.06566,47.57708],[-115.065343,47.577161],[-115.065206,47.577168],[-115.065037,47.577151],[-115.064906,47.577102],[-115.064864,47.577008],[-115.064897,47.576899],[-115.064931,47.576719],[-115.064916,47.576417],[-115.064866,47.575796],[-115.064841,47.575676],[-115.064802,47.575576],[-115.064727,47.57544],[-115.064614,47.575291],[-115.064503,47.575165],[-115.064355,47.574996],[-115.064242,47.57488],[-115.064135,47.574797],[-115.063983,47.574701],[-115.063828,47.574617],[-115.063699,47.574552],[-115.063472,47.574442],[-115.063367,47.57437],[-115.063172,47.574256],[-115.062849,47.574074],[-115.062629,47.573916],[-115.062396,47.573752],[-115.062142,47.573577],[-115.06195,47.573449],[-115.061777,47.57335],[-115.061615,47.573237],[-115.061437,47.573089],[-115.061267,47.57294],[-115.061096,47.572787],[-115.060978,47.572666],[-115.060903,47.572573],[-115.060791,47.572436],[-115.060661,47.572277],[-115.060565,47.572133],[-115.060425,47.571931],[-115.059885,47.571306],[-115.059589,47.57101],[-115.059421,47.570839],[-115.059291,47.570719],[-115.059164,47.570631],[-115.058951,47.570499],[-115.058741,47.570363],[-115.058571,47.570248],[-115.058415,47.570159],[-115.058285,47.570078],[-115.058108,47.569979],[-115.05784,47.569829],[-115.057583,47.569699],[-115.057378,47.569607],[-115.057161,47.569508],[-115.056992,47.569409],[-115.056852,47.569316],[-115.056689,47.569195],[-115.056536,47.56909],[-115.056408,47.568997],[-115.056316,47.568933],[-115.056252,47.568864],[-115.056157,47.568767],[-115.05606,47.568657],[-115.055993,47.568564],[-115.055905,47.568461],[-115.055774,47.568296],[-115.055644,47.568135],[-115.055426,47.567841],[-115.055127,47.567544],[-115.054939,47.567347],[-115.054802,47.567205],[-115.054689,47.567095],[-115.054617,47.567027],[-115.054421,47.566902],[-115.054293,47.566837],[-115.054122,47.566754],[-115.053775,47.566623],[-115.052859,47.566409],[-115.052448,47.566398],[-115.052244,47.566391],[-115.052065,47.566392],[-115.051928,47.566404],[-115.05178,47.566425],[-115.051594,47.566469],[-115.051418,47.566536],[-115.051253,47.566623],[-115.051058,47.566743],[-115.050914,47.566843],[-115.050775,47.566913],[-115.050629,47.566989],[-115.050411,47.567079],[-115.050184,47.567153],[-115.049926,47.567215],[-115.049707,47.567297],[-115.04956,47.567362],[-115.049393,47.567472],[-115.049221,47.567582],[-115.048579,47.567808],[-115.048166,47.567937],[-115.047955,47.567978],[-115.047714,47.567998],[-115.047445,47.568033],[-115.047278,47.56806],[-115.047108,47.568071],[-115.046886,47.568048],[-115.046581,47.567997],[-115.04627,47.567944],[-115.045641,47.567834],[-115.045461,47.567779],[-115.045268,47.567714],[-115.045022,47.567657],[-115.04475,47.567615],[-115.044499,47.567592],[-115.044254,47.56757],[-115.043979,47.567548],[-115.043608,47.567533],[-115.042722,47.567488],[-115.042328,47.567449],[-115.042043,47.567443],[-115.041636,47.567432],[-115.040691,47.567404],[-115.040164,47.567382],[-115.039822,47.567371],[-115.038941,47.567329],[-115.038573,47.567272],[-115.038333,47.567223],[-115.038138,47.567186],[-115.037933,47.567135],[-115.037742,47.567092],[-115.03762,47.567049],[-115.037504,47.566994],[-115.037377,47.566945],[-115.037262,47.56689],[-115.037115,47.566811],[-115.036971,47.566708],[-115.036864,47.56662],[-115.036768,47.56652],[-115.036624,47.566346],[-115.036477,47.566221],[-115.035754,47.565604],[-115.035467,47.565343],[-115.035362,47.565227],[-115.035239,47.565101],[-115.035157,47.564981],[-115.03507,47.564848],[-115.034964,47.564689],[-115.034373,47.563972],[-115.033692,47.563323],[-115.032876,47.562513],[-115.032785,47.562418],[-115.032712,47.562342],[-115.032641,47.562282],[-115.032435,47.562139],[-115.031893,47.5617],[-115.031797,47.561636],[-115.031602,47.561519],[-115.03145,47.561422],[-115.031214,47.561295],[-115.031013,47.561201],[-115.030776,47.561113],[-115.030543,47.561014],[-115.030112,47.560856],[-115.029495,47.56063],[-115.029343,47.560574],[-115.029198,47.560543],[-115.028996,47.560481],[-115.0288,47.560433],[-115.028549,47.560357],[-115.02778,47.56007],[-115.02757,47.560006],[-115.027351,47.559928],[-115.027124,47.559851],[-115.026907,47.559762],[-115.025886,47.559435],[-115.02561,47.559357],[-115.025155,47.559242],[-115.024855,47.559165],[-115.024523,47.559099],[-115.023974,47.559007],[-115.02368,47.558958],[-115.023259,47.55889],[-115.022987,47.558851],[-115.022789,47.558825],[-115.022522,47.558791],[-115.022271,47.558759],[-115.022077,47.558727],[-115.021909,47.558683],[-115.021704,47.558621],[-115.021462,47.558556],[-115.021235,47.558489],[-115.021057,47.558452],[-115.020806,47.558381],[-115.020492,47.558292],[-115.020128,47.558188],[-115.01995,47.558156],[-115.01978,47.558117],[-115.019592,47.558071],[-115.019428,47.558018],[-115.019285,47.557967],[-115.019132,47.557903],[-115.01896,47.557815],[-115.018823,47.557742],[-115.018659,47.557651],[-115.018529,47.557578],[-115.018361,47.557484],[-115.01807,47.557336],[-115.017868,47.557233],[-115.017631,47.557107],[-115.017463,47.557007],[-115.017204,47.556899],[-115.016863,47.556745],[-115.016644,47.556629],[-115.016524,47.556569],[-115.016355,47.556469],[-115.015965,47.556271],[-115.015503,47.55601],[-115.015302,47.555915],[-115.015148,47.555838],[-115.015,47.555784],[-115.014748,47.555703],[-115.014541,47.555625],[-115.014297,47.555543],[-115.014014,47.555433],[-115.01369,47.555289],[-115.013091,47.555032],[-115.01237,47.554737],[-115.012012,47.554572],[-115.01178,47.554457],[-115.0116,47.554361],[-115.011318,47.554226],[-115.011173,47.554159],[-115.010995,47.554088],[-115.010815,47.554038],[-115.010644,47.553994],[-115.010402,47.553929],[-115.010031,47.553416],[-115.010201,47.552916]]},"properties":{"kind":"trail","id":"370","name":"SPRING CREEK","bmp":0,"emp":7,"mvum_symbol_name":"Trails open to motorcycles, Yearlong","seasonal":"yearlong","motorcycle_datesopen":"01/01-12/31","districtname":"Plains/Thompson Falls Ranger District","trailclass":"TC2 - MODERATELY DEVELOPED"}},{"type":"Feature","geometry":{"type":"LineString","coordinates":[[-115.095809,47.609637],[-115.095936,47.609789],[-115.096099,47.609869],[-115.096264,47.609891],[-115.096403,47.609898],[-115.096532,47.609905],[-115.096678,47.609904],[-115.096819,47.6099],[-115.09698,47.609889],[-115.097169,47.609861],[-115.097375,47.609826],[-115.097632,47.609767],[-115.097888,47.609721],[-115.098163,47.60967],[-115.098468,47.609608],[-115.09887,47.609542],[-115.0993,47.609469],[-115.099578,47.609428],[-115.099707,47.609411],[-115.099946,47.609363],[-115.100182,47.609327],[-115.100386,47.609304],[-115.101203,47.609222],[-115.101506,47.609205],[-115.102816,47.609106],[-115.103152,47.609089],[-115.103435,47.609078],[-115.103702,47.609068],[-115.104001,47.609045],[-115.104465,47.609017],[-115.104846,47.609007],[-115.105122,47.609002],[-115.105362,47.609007],[-115.105566,47.609011],[-115.105811,47.609023],[-115.105928,47.609034],[-115.106473,47.609093],[-115.106622,47.609113],[-115.107207,47.609131],[-115.10739,47.609125],[-115.107599,47.609096],[-115.107832,47.609063],[-115.107989,47.609039],[-115.108251,47.609001],[-115.108494,47.608967],[-115.108728,47.608937],[-115.108913,47.608914],[-115.109061,47.608901],[-115.109234,47.608884],[-115.109434,47.60888],[-115.109604,47.608875],[-115.109727,47.608877],[-115.109943,47.608877],[-115.110077,47.608887],[-115.110233,47.608899],[-115.110965,47.608974],[-115.111727,47.609109],[-115.112951,47.609231],[-115.113189,47.609253],[-115.113391,47.609279],[-115.113579,47.609305],[-115.113836,47.60932],[-115.11405,47.609348],[-115.114351,47.609386],[-115.114675,47.609417],[-115.114895,47.609433],[-115.115099,47.609443],[-115.115262,47.609443],[-115.115649,47.609422],[-115.115822,47.60941],[-115.115988,47.609389],[-115.116191,47.609368],[-115.116366,47.609351],[-115.116995,47.609268],[-115.117767,47.609115],[-115.118201,47.609047],[-115.118886,47.608967],[-115.119432,47.608905],[-115.11987,47.608823],[-115.120363,47.608678],[-115.120923,47.608442],[-115.121604,47.608246],[-115.122547,47.608065],[-115.123108,47.60788],[-115.123659,47.607654],[-115.124234,47.607489],[-115.124803,47.607208],[-115.125189,47.606991],[-115.125059,47.606816],[-115.125226,47.606361],[-115.125298,47.606164],[-115.125428,47.605972],[-115.125428,47.60585],[-115.125428,47.605704],[-115.125428,47.605553],[-115.125482,47.605418],[-115.125547,47.605305],[-115.125769,47.604992],[-115.126148,47.604633],[-115.126543,47.60435],[-115.127086,47.604191],[-115.127523,47.604038],[-115.127892,47.603803],[-115.12848,47.603521],[-115.129251,47.603188],[-115.129647,47.60286],[-115.129618,47.602507],[-115.129646,47.602274],[-115.130093,47.602032],[-115.130779,47.601691],[-115.13127,47.601425],[-115.131731,47.601068],[-115.132417,47.600637],[-115.132024,47.600487],[-115.13306,47.599971],[-115.133683,47.599641],[-115.134074,47.599385],[-115.135055,47.598788],[-115.135817,47.598393],[-115.136199,47.598204],[-115.136859,47.597831],[-115.137345,47.59759],[-115.138402,47.597137],[-115.139761,47.59668]]},"properties":{"kind":"trail","id":"445","name":"KOO KOO SINT (E)","bmp":0,"emp":4.2,"mvum_symbol_name":"Trails open to motorcycles, Yearlong","seasonal":"yearlong","motorcycle_datesopen":"01/01-12/31","districtname":"Plains/Thompson Falls Ranger District","trailclass":"TC2 - MODERATELY DEVELOPED"}},{"type":"Feature","geometry":{"type":"LineString","coordinates":[[-114.874737,47.649351],[-114.874431,47.64945],[-114.873971,47.64966],[-114.873743,47.649751],[-114.873546,47.649854],[-114.873405,47.649917],[-114.873209,47.649982],[-114.873071,47.650029],[-114.872942,47.650053],[-114.872733,47.650133],[-114.872589,47.650236],[-114.87241,47.650348],[-114.871908,47.650715],[-114.871818,47.650801],[-114.871744,47.650924],[-114.871673,47.651024],[-114.871534,47.651181],[-114.871384,47.651289],[-114.8713,47.651354],[-114.871208,47.651416],[-114.871065,47.651556],[-114.870727,47.65181],[-114.870586,47.651887],[-114.870407,47.651962],[-114.870246,47.652017],[-114.869957,47.652092],[-114.869779,47.652149],[-114.869446,47.652274],[-114.869058,47.652436],[-114.86889,47.652487],[-114.868343,47.652612],[-114.868057,47.652716],[-114.867659,47.652832],[-114.867381,47.652949],[-114.866998,47.653125],[-114.866759,47.65322],[-114.86637,47.653371],[-114.86626,47.653408],[-114.866019,47.653469],[-114.86573,47.653542],[-114.86559,47.653588],[-114.865452,47.653622],[-114.865334,47.653641],[-114.865132,47.653657],[-114.864925,47.653666],[-114.864282,47.653749],[-114.864067,47.653778],[-114.863959,47.653789],[-114.863859,47.65378],[-114.863775,47.653772],[-114.863699,47.653754],[-114.863594,47.653722],[-114.863492,47.65368],[-114.863401,47.653631],[-114.863317,47.653556],[-114.863248,47.653485],[-114.863194,47.65339],[-114.863058,47.653073],[-114.862981,47.652787],[-114.862948,47.652646],[-114.862808,47.652275],[-114.862734,47.651968],[-114.862625,47.651525],[-114.862572,47.651071],[-114.86251,47.650826],[-114.862428,47.650533],[-114.862252,47.650245],[-114.862001,47.649827],[-114.861853,47.649606],[-114.861698,47.649367],[-114.861506,47.649037],[-114.86138,47.648913],[-114.861311,47.64882],[-114.861231,47.648699],[-114.861186,47.64862],[-114.860935,47.648144],[-114.860837,47.647998],[-114.860785,47.647918],[-114.860595,47.64754],[-114.860547,47.647486],[-114.860294,47.647184],[-114.860238,47.647119],[-114.860105,47.646903],[-114.859936,47.646654],[-114.85985,47.646502],[-114.859782,47.646373],[-114.859663,47.646205],[-114.859627,47.646129],[-114.859474,47.645907],[-114.859377,47.645756],[-114.859256,47.645479],[-114.859124,47.645328],[-114.858793,47.644902],[-114.858653,47.644661],[-114.859055,47.644154],[-114.859399,47.64377],[-114.859366,47.643486],[-114.859032,47.64306],[-114.858676,47.642516],[-114.858205,47.64135],[-114.858058,47.640772],[-114.857987,47.640417],[-114.858042,47.639389],[-114.857984,47.638819],[-114.857848,47.638174],[-114.857706,47.637823],[-114.857467,47.637375],[-114.856989,47.636734],[-114.856801,47.636331],[-114.856776,47.636188],[-114.856784,47.636013],[-114.85676,47.635877],[-114.856762,47.635771],[-114.856776,47.635594],[-114.856808,47.635507],[-114.856876,47.635416],[-114.856912,47.635275],[-114.856925,47.63517],[-114.856908,47.63513],[-114.856797,47.63489],[-114.856769,47.634762],[-114.856818,47.634501],[-114.85679,47.634329],[-114.856737,47.634151],[-114.856702,47.63408],[-114.856643,47.633966],[-114.856525,47.633798],[-114.856516,47.633673],[-114.856492,47.633581],[-114.856446,47.633485],[-114.856397,47.633439],[-114.856312,47.633334],[-114.855031,47.632432],[-114.854534,47.632148],[-114.854355,47.63195],[-114.854258,47.631873],[-114.854169,47.631802],[-114.854022,47.631713],[-114.853943,47.631659],[-114.853794,47.631595],[-114.853618,47.63154],[-114.853412,47.631472],[-114.853204,47.631429],[-114.853072,47.631403],[-114.852974,47.631363],[-114.852871,47.631307],[-114.852763,47.631249],[-114.852693,47.631201],[-114.852496,47.631056],[-114.852203,47.63086],[-114.851393,47.630208],[-114.850421,47.629517],[-114.849891,47.629187],[-114.849747,47.629089],[-114.849599,47.628986],[-114.849436,47.628864],[-114.848747,47.628443],[-114.848576,47.628366],[-114.84822,47.62814],[-114.847684,47.627824],[-114.84757,47.627742],[-114.846978,47.627357],[-114.846751,47.627202],[-114.846532,47.627051],[-114.846134,47.626775],[-114.845596,47.626387]]},"properties":{"kind":"trail","id":"340.1","name":"CORONA DIVIDE","bmp":0,"emp":2.5299,"mvum_symbol_name":"Trails open to motorcycles, Yearlong","seasonal":"yearlong","motorcycle_datesopen":"01/01-12/31","districtname":"Plains/Thompson Falls Ranger District","trailclass":"TC2 - MODERATELY DEVELOPED"}},{"type":"Feature","geometry":{"type":"LineString","coordinates":[[-114.118044,46.81151],[-114.117945,46.811386],[-114.117921,46.811365],[-114.11785,46.811302],[-114.11776,46.811184],[-114.117757,46.811181],[-114.117659,46.810986],[-114.117541,46.810673],[-114.117445,46.810513],[-114.117343,46.810374],[-114.117274,46.810287],[-114.11721,46.810221],[-114.117117,46.81016],[-114.117028,46.810114],[-114.116942,46.810067],[-114.116828,46.809967],[-114.116726,46.809865],[-114.116662,46.809805],[-114.116615,46.809765],[-114.116545,46.809734],[-114.116459,46.809719],[-114.116399,46.809706],[-114.11635,46.809685],[-114.116246,46.809597],[-114.116136,46.809475],[-114.116099,46.80938],[-114.116079,46.809283],[-114.11608,46.809192],[-114.116102,46.809109],[-114.116204,46.808934],[-114.116241,46.808858],[-114.116269,46.808769],[-114.116289,46.808666],[-114.116287,46.808604],[-114.116269,46.808534],[-114.116229,46.808445],[-114.11617,46.808371],[-114.116126,46.808337],[-114.11606,46.808312],[-114.115977,46.808299],[-114.115883,46.808301],[-114.115814,46.808307],[-114.115762,46.808322],[-114.115483,46.808445],[-114.11537,46.808484],[-114.115281,46.808508],[-114.115192,46.808523],[-114.115116,46.808526],[-114.115043,46.808533],[-114.114975,46.808552],[-114.114928,46.808582],[-114.114905,46.808623],[-114.114888,46.808696],[-114.114838,46.808797],[-114.114795,46.808875],[-114.114748,46.808945],[-114.114663,46.809047],[-114.114614,46.809153],[-114.114596,46.809248],[-114.114598,46.809313],[-114.114608,46.809358],[-114.11463,46.809402],[-114.114667,46.809466],[-114.114685,46.809498],[-114.114688,46.809536],[-114.114666,46.809587],[-114.114631,46.809629],[-114.114572,46.809687],[-114.114511,46.809724],[-114.114442,46.809741],[-114.114338,46.809757],[-114.114086,46.809779],[-114.113876,46.809788],[-114.113617,46.809768],[-114.113483,46.809745],[-114.113428,46.809746],[-114.113378,46.809752],[-114.113313,46.809768],[-114.113159,46.809823],[-114.113041,46.809872],[-114.112943,46.80993],[-114.112854,46.809984],[-114.112795,46.81004],[-114.112757,46.810108],[-114.112718,46.810162],[-114.112671,46.8102],[-114.112629,46.810222],[-114.11253,46.810256],[-114.112445,46.810263],[-114.112269,46.810258],[-114.112231,46.810258],[-114.112138,46.810256],[-114.112042,46.810268],[-114.111912,46.810285],[-114.111731,46.810286],[-114.111432,46.810276],[-114.111205,46.810259],[-114.111125,46.810252],[-114.110939,46.810232],[-114.110776,46.810243],[-114.110648,46.810242],[-114.110521,46.810227],[-114.110452,46.810207],[-114.110412,46.810187],[-114.110382,46.810148],[-114.110357,46.810089],[-114.110345,46.810027],[-114.110347,46.809981],[-114.110364,46.809932],[-114.110383,46.809891],[-114.110433,46.809819],[-114.110498,46.809756],[-114.110889,46.809481],[-114.110973,46.809393],[-114.111,46.80934],[-114.111023,46.809276],[-114.111024,46.809273],[-114.111028,46.809222],[-114.111007,46.809135],[-114.111005,46.809127],[-114.110956,46.80896],[-114.110702,46.808458],[-114.110649,46.80838],[-114.110594,46.808326],[-114.110577,46.808293],[-114.110571,46.808265],[-114.110572,46.808238],[-114.110556,46.808217],[-114.110534,46.8082],[-114.11051,46.808193],[-114.110484,46.8082],[-114.110465,46.808213],[-114.11044,46.808236],[-114.11041,46.808295],[-114.110398,46.808335]]},"properties":{"kind":"trail","id":"6.02-A","name":"DEADMAN RIDGE BYPASS","bmp":0,"emp":0.78,"mvum_symbol_name":"Trails open to motorcycles, Seasonal","seasonal":"seasonal","motorcycle_datesopen":"05/01-11/30","districtname":"Missoula Ranger District","trailclass":"TC4 - HIGHLY DEVELOPED"}},{"type":"Feature","geometry":{"type":"LineString","coordinates":[[-115.212161,47.59961],[-115.211481,47.599129],[-115.211559,47.598741],[-115.211502,47.598433],[-115.211093,47.598154],[-115.210972,47.597959],[-115.212029,47.597359],[-115.212145,47.597266],[-115.212478,47.597151],[-115.212944,47.596801],[-115.213178,47.596492],[-115.213341,47.596087],[-115.213695,47.595833],[-115.214508,47.595608],[-115.21504,47.595345],[-115.215308,47.595115],[-115.215351,47.594912],[-115.215308,47.59478],[-115.215197,47.594692],[-115.214934,47.594666],[-115.214383,47.594831],[-115.213834,47.594974],[-115.212989,47.595169],[-115.212437,47.595213],[-115.211573,47.595259],[-115.210444,47.595461],[-115.209774,47.595615],[-115.209327,47.595692],[-115.209084,47.595698],[-115.208978,47.595621],[-115.20894,47.595488],[-115.209288,47.595248],[-115.209677,47.595094],[-115.210236,47.595034],[-115.210671,47.594963],[-115.210858,47.594819],[-115.210874,47.594661],[-115.210794,47.594558],[-115.210559,47.59449],[-115.210015,47.594531],[-115.209341,47.594803],[-115.208501,47.595078],[-115.207752,47.595104],[-115.207447,47.595062],[-115.207341,47.595029],[-115.207316,47.594942],[-115.207306,47.594816],[-115.207534,47.594557],[-115.207518,47.594481],[-115.207186,47.594531],[-115.206552,47.594606],[-115.205996,47.594765],[-115.205321,47.594909],[-115.205143,47.594915],[-115.205065,47.594831],[-115.205094,47.594727],[-115.205248,47.594492],[-115.205281,47.594389],[-115.205542,47.594208],[-115.205888,47.59418],[-115.206261,47.594169],[-115.206708,47.593983],[-115.207001,47.593723],[-115.207145,47.593625],[-115.207194,47.59351],[-115.207063,47.593396],[-115.206577,47.593444],[-115.20593,47.593592],[-115.204939,47.593932],[-115.204674,47.593998],[-115.204423,47.593972],[-115.204243,47.593879],[-115.204203,47.593774],[-115.204205,47.59357],[-115.204407,47.593225],[-115.204714,47.593089],[-115.205126,47.592989],[-115.206051,47.592901],[-115.206197,47.592864],[-115.206351,47.592749],[-115.206626,47.592585],[-115.206666,47.592426],[-115.206463,47.592243],[-115.206198,47.592193],[-115.20559,47.592177],[-115.204925,47.592259],[-115.203958,47.592491],[-115.203231,47.592832],[-115.202542,47.593001],[-115.201822,47.5931],[-115.201033,47.593249],[-115.199826,47.593402],[-115.198223,47.593489],[-115.196169,47.593555],[-115.194445,47.593462],[-115.193551,47.593429],[-115.192587,47.593721],[-115.191097,47.594224],[-115.189086,47.594724],[-115.187733,47.594909],[-115.187074,47.595019],[-115.185785,47.595013],[-115.184908,47.595021],[-115.183328,47.59514],[-115.182624,47.595202],[-115.182159,47.59534],[-115.181785,47.595606],[-115.181344,47.595964],[-115.181023,47.596188],[-115.18049,47.596371],[-115.179947,47.5965],[-115.179556,47.596675],[-115.178935,47.596945],[-115.177849,47.597543],[-115.175522,47.598948],[-115.174341,47.599476],[-115.172714,47.600034],[-115.171778,47.600328],[-115.171136,47.600531],[-115.170332,47.600597]]},"properties":{"kind":"trail","id":"445.1","name":"KOO KOO SINT RIDGE","bmp":0,"emp":3.5678,"mvum_symbol_name":"Trails open to motorcycles, Yearlong","seasonal":"yearlong","motorcycle_datesopen":"01/01-12/31","districtname":"Plains/Thompson Falls Ranger District","trailclass":"TC2 - MODERATELY DEVELOPED"}},{"type":"Feature","geometry":{"type":"LineString","coordinates":[[-114.313852,46.929683],[-114.313876,46.929687],[-114.31401,46.92972],[-114.314139,46.929762],[-114.31423,46.929776],[-114.314296,46.929784],[-114.314377,46.92978],[-114.314526,46.929764],[-114.314619,46.92976],[-114.314726,46.929771],[-114.314861,46.929775],[-114.314994,46.929767],[-114.315111,46.929749],[-114.315475,46.929675],[-114.315618,46.929651],[-114.315751,46.92964],[-114.315959,46.929626],[-114.316041,46.929609],[-114.316123,46.929578],[-114.316204,46.929543],[-114.316324,46.929523],[-114.316495,46.929494],[-114.316588,46.929463],[-114.31677,46.929389],[-114.317004,46.929269],[-114.317125,46.929192],[-114.317198,46.929135],[-114.317244,46.929065],[-114.317303,46.928972],[-114.31741,46.928845],[-114.317439,46.928796],[-114.317486,46.928719],[-114.317547,46.928638],[-114.317676,46.928508],[-114.317762,46.9284],[-114.317823,46.928324],[-114.31787,46.928278],[-114.318093,46.928113],[-114.31827,46.928008],[-114.318375,46.927929],[-114.318503,46.927811],[-114.318606,46.927695],[-114.318692,46.927643],[-114.318859,46.92755],[-114.319071,46.927423],[-114.319171,46.927355],[-114.319285,46.927287],[-114.319346,46.927212],[-114.31939,46.927155],[-114.319401,46.927105],[-114.319389,46.927051],[-114.319444,46.926937],[-114.319845,46.926895],[-114.320196,46.926883],[-114.320468,46.926871],[-114.320662,46.926844],[-114.320805,46.926832],[-114.320939,46.926802],[-114.321045,46.926729],[-114.321149,46.926637],[-114.321253,46.926506],[-114.321318,46.926385],[-114.321339,46.926301],[-114.32118,46.926143],[-114.320907,46.925919],[-114.320646,46.925688],[-114.320518,46.925507],[-114.320422,46.925294],[-114.32035,46.925113],[-114.32031,46.924985],[-114.320314,46.924853],[-114.320379,46.924688],[-114.320476,46.92447],[-114.320571,46.924279],[-114.320645,46.92407],[-114.320714,46.92391],[-114.320845,46.923757],[-114.320989,46.923665],[-114.321166,46.923581],[-114.321349,46.923521],[-114.321581,46.923423],[-114.321707,46.923357],[-114.321804,46.923279],[-114.321862,46.923214],[-114.321951,46.923034],[-114.322061,46.92293],[-114.322156,46.922819],[-114.322285,46.922654],[-114.32242,46.9225],[-114.322573,46.922376],[-114.322686,46.922294],[-114.322887,46.922167],[-114.323199,46.921981],[-114.323428,46.921853],[-114.323708,46.921718],[-114.323966,46.921597],[-114.324246,46.921459],[-114.324471,46.921334],[-114.324855,46.921142],[-114.325213,46.920976],[-114.325511,46.920856],[-114.325791,46.920756],[-114.326013,46.920692],[-114.326181,46.920635],[-114.326389,46.920582],[-114.326648,46.920483],[-114.326869,46.920394],[-114.327222,46.920308],[-114.327543,46.920264],[-114.327879,46.920214],[-114.328222,46.920147],[-114.328384,46.920121],[-114.32864,46.920072],[-114.328825,46.920039],[-114.329056,46.919977],[-114.32927,46.919864],[-114.329441,46.919752],[-114.329609,46.919616],[-114.329713,46.919529],[-114.329847,46.919458],[-114.330088,46.919417],[-114.330424,46.919409],[-114.330761,46.919364],[-114.330903,46.919342],[-114.331137,46.919315],[-114.331335,46.919282],[-114.331495,46.919231],[-114.331584,46.919156],[-114.331704,46.918975],[-114.331824,46.918706],[-114.331923,46.918439],[-114.331978,46.918395],[-114.332108,46.917992],[-114.332116,46.917906],[-114.332103,46.917739],[-114.332108,46.917659],[-114.332125,46.917605],[-114.332202,46.917544],[-114.332238,46.917493],[-114.332207,46.917421],[-114.332136,46.91734],[-114.33207,46.917295],[-114.331879,46.917212],[-114.331805,46.917173],[-114.33178,46.917104],[-114.331799,46.917032],[-114.331868,46.916965],[-114.331979,46.916889],[-114.332087,46.916851],[-114.332269,46.916823],[-114.332368,46.916787],[-114.332417,46.916735],[-114.332467,46.9167],[-114.332604,46.916658],[-114.332692,46.916625],[-114.332776,46.916572],[-114.332844,46.916502],[-114.33288,46.916439],[-114.333009,46.915985],[-114.333068,46.915808],[-114.333134,46.915704],[-114.333172,46.915647],[-114.333162,46.915583],[-114.333116,46.915507],[-114.33307,46.9154],[-114.332999,46.915219],[-114.33298,46.91511],[-114.332962,46.914884],[-114.332962,46.914802],[-114.332966,46.914598],[-114.332947,46.914388],[-114.333094,46.914213],[-114.333151,46.913961],[-114.333222,46.913771],[-114.333366,46.913583],[-114.333552,46.913386],[-114.333745,46.913248],[-114.333918,46.913085],[-114.334021,46.912984],[-114.334127,46.912864],[-114.334223,46.912772],[-114.334317,46.912711],[-114.334437,46.912661],[-114.334624,46.912601],[-114.334871,46.912585],[-114.335438,46.912377],[-114.335575,46.912212],[-114.335735,46.911944],[-114.33584,46.911728],[-114.335886,46.911526],[-114.335921,46.911335],[-114.335917,46.911115],[-114.336023,46.910962],[-114.336166,46.910813],[-114.336374,46.910626],[-114.336551,46.910368],[-114.33667,46.910182],[-114.336764,46.910074],[-114.336895,46.90992],[-114.336966,46.909821],[-114.337055,46.909699],[-114.337086,46.90959],[-114.337024,46.909392],[-114.336975,46.909254],[-114.336941,46.909146],[-114.336996,46.908998],[-114.33711,46.908839],[-114.337271,46.908711],[-114.33746,46.908585],[-114.337661,46.908461],[-114.337876,46.908312],[-114.338053,46.908137],[-114.338213,46.907916],[-114.338367,46.90767],[-114.338829,46.907401],[-114.338692,46.907038],[-114.33877,46.906871],[-114.338818,46.906612],[-114.339081,46.906439],[-114.339346,46.906265],[-114.339351,46.906064],[-114.339355,46.905875],[-114.339195,46.905733],[-114.339237,46.905468],[-114.339365,46.90516],[-114.339436,46.904773],[-114.339465,46.904573],[-114.339456,46.90437],[-114.339399,46.904148],[-114.339512,46.90395],[-114.339618,46.903817],[-114.339655,46.903678],[-114.339571,46.903517],[-114.339549,46.903413],[-114.339664,46.903304],[-114.339768,46.903255],[-114.339943,46.903204],[-114.340138,46.903144],[-114.340274,46.903091],[-114.340425,46.902991],[-114.340527,46.902872],[-114.340703,46.90269],[-114.340985,46.902413],[-114.341536,46.902156],[-114.34182,46.901987],[-114.342121,46.901767],[-114.342339,46.901677],[-114.342579,46.901623],[-114.342807,46.901594],[-114.343125,46.901561],[-114.343387,46.90155],[-114.343573,46.901556],[-114.34384,46.90155],[-114.344132,46.901505],[-114.344335,46.901461],[-114.344613,46.90138],[-114.344878,46.901259],[-114.345031,46.901202],[-114.345224,46.901147],[-114.345492,46.901064],[-114.345773,46.901006],[-114.346158,46.900973],[-114.346379,46.900941],[-114.34674,46.900865],[-114.346992,46.900811],[-114.347202,46.900802],[-114.34747,46.900807],[-114.347679,46.900837],[-114.347967,46.900885],[-114.348289,46.900953],[-114.348991,46.901043],[-114.349366,46.901142],[-114.349643,46.901215],[-114.349865,46.901248],[-114.350133,46.901248],[-114.350432,46.901188],[-114.350882,46.901105],[-114.351384,46.901009],[-114.351494,46.900994],[-114.351925,46.900915],[-114.352456,46.900878],[-114.353128,46.900817],[-114.353548,46.900832],[-114.35385,46.900871],[-114.354483,46.900983],[-114.355025,46.901117],[-114.355395,46.901197],[-114.355851,46.901274],[-114.356154,46.901302],[-114.356616,46.901302],[-114.35694,46.901335],[-114.357329,46.901412],[-114.357969,46.901445],[-114.358491,46.901499],[-114.358803,46.901489],[-114.359161,46.901465],[-114.359402,46.90146],[-114.359545,46.901317],[-114.35979,46.901205],[-114.360013,46.90114],[-114.360279,46.901071],[-114.360427,46.901079],[-114.360475,46.901154],[-114.360555,46.90123],[-114.36072,46.901327],[-114.360915,46.901441],[-114.361088,46.90154],[-114.361224,46.90158],[-114.36142,46.901619],[-114.361586,46.901636],[-114.361763,46.90164],[-114.362009,46.901618],[-114.362274,46.901574],[-114.362555,46.90154],[-114.362924,46.901541],[-114.363217,46.901542],[-114.36353,46.90155],[-114.363977,46.901567],[-114.364345,46.90158],[-114.364713,46.901596],[-114.36506,46.901652],[-114.365429,46.901642],[-114.365745,46.90158],[-114.365963,46.901589],[-114.366203,46.901585],[-114.366385,46.901566],[-114.366634,46.901528],[-114.366883,46.901484],[-114.36713,46.901419],[-114.367316,46.901353],[-114.367499,46.901293],[-114.367737,46.90122],[-114.368018,46.901133],[-114.368242,46.901041],[-114.368387,46.901011],[-114.368619,46.900966],[-114.368747,46.900955],[-114.368993,46.900965],[-114.369132,46.900918],[-114.369299,46.900903],[-114.369644,46.900814],[-114.369907,46.900715],[-114.370132,46.900628],[-114.370436,46.900535],[-114.370726,46.900485],[-114.371071,46.900422],[-114.371997,46.900314],[-114.372447,46.900322],[-114.373473,46.900318],[-114.373601,46.900323],[-114.373743,46.900304],[-114.373817,46.900308],[-114.373872,46.900338],[-114.373917,46.900374],[-114.373957,46.90039],[-114.374062,46.900391],[-114.374288,46.900353],[-114.374488,46.90028],[-114.374636,46.900275],[-114.374761,46.900238],[-114.37497,46.900128],[-114.375152,46.900067],[-114.375329,46.900031],[-114.375529,46.900013],[-114.375705,46.900004],[-114.375854,46.899976],[-114.375956,46.899913],[-114.376125,46.89988],[-114.376226,46.899874],[-114.376366,46.899865],[-114.376514,46.899821],[-114.376617,46.899777],[-114.376724,46.899715],[-114.376835,46.899616],[-114.376906,46.8995],[-114.376969,46.899426],[-114.377144,46.899373],[-114.377413,46.899319],[-114.377602,46.899273],[-114.377729,46.899198],[-114.377783,46.899167],[-114.377863,46.899155],[-114.377959,46.899147],[-114.378001,46.89912],[-114.378052,46.899048],[-114.37812,46.898967],[-114.378388,46.898814],[-114.378482,46.89876],[-114.378533,46.898707],[-114.378554,46.898631],[-114.378625,46.898521],[-114.378763,46.898347],[-114.378856,46.898244],[-114.378922,46.89822],[-114.379042,46.898226],[-114.379238,46.898198],[-114.379529,46.898205],[-114.379638,46.898198],[-114.379719,46.898179],[-114.379748,46.898153],[-114.379834,46.89795],[-114.379833,46.897877],[-114.379796,46.897776],[-114.379788,46.897723],[-114.379831,46.897371],[-114.379851,46.897248],[-114.379817,46.897133],[-114.379798,46.897039],[-114.379759,46.896896],[-114.379731,46.896874],[-114.379605,46.896838],[-114.379519,46.896806],[-114.379439,46.89675]]},"properties":{"kind":"trail","id":"720","name":"WILD HORSE POINT","bmp":0.52,"emp":7.5,"mvum_symbol_name":"Trails open to motorcycles, Yearlong","seasonal":"yearlong","motorcycle_datesopen":"01/01-12/31","districtname":"Ninemile Ranger District","trailclass":"TC2 - MODERATELY DEVELOPED"}},{"type":"Feature","geometry":{"type":"LineString","coordinates":[[-114.125041,46.825706],[-114.124971,46.825504],[-114.124974,46.82544],[-114.12494,46.825337],[-114.124957,46.825232],[-114.124928,46.825144],[-114.124915,46.825102],[-114.124883,46.824924],[-114.124858,46.824818],[-114.124879,46.824593],[-114.124779,46.824384],[-114.124834,46.824264],[-114.124801,46.824164],[-114.124681,46.824096],[-114.124619,46.824042],[-114.124668,46.823945],[-114.124786,46.823889],[-114.124889,46.823857],[-114.125003,46.823751],[-114.125069,46.823659],[-114.12504,46.823514],[-114.124992,46.823432],[-114.125019,46.823364],[-114.12525,46.823292],[-114.125458,46.823239],[-114.125605,46.823244],[-114.125735,46.823329],[-114.126047,46.823339],[-114.126116,46.823291],[-114.126177,46.823246],[-114.126168,46.823142],[-114.126162,46.823046],[-114.126163,46.822941],[-114.126201,46.822833],[-114.126241,46.822743],[-114.126282,46.822656],[-114.126342,46.822563],[-114.126387,46.822482],[-114.126414,46.822395],[-114.126432,46.822304],[-114.126432,46.822227],[-114.126427,46.822156],[-114.126398,46.822023],[-114.126347,46.821991],[-114.126303,46.822018],[-114.126179,46.822114],[-114.12608,46.822173],[-114.125967,46.822196],[-114.125908,46.822135],[-114.125882,46.822049],[-114.125843,46.821942],[-114.12579,46.821747],[-114.125766,46.82152],[-114.12572,46.821493],[-114.125648,46.821505],[-114.125581,46.821569],[-114.125516,46.821656],[-114.125454,46.821728],[-114.125342,46.821785],[-114.125243,46.821802],[-114.125175,46.821766],[-114.125161,46.821652],[-114.125203,46.821415],[-114.125222,46.821197],[-114.125272,46.820879],[-114.125286,46.820602],[-114.125212,46.820414],[-114.125071,46.820305],[-114.124869,46.820211],[-114.124563,46.820006],[-114.124454,46.819853],[-114.124378,46.819527],[-114.12428,46.819198],[-114.124102,46.818914],[-114.123809,46.818723],[-114.123664,46.818626],[-114.123544,46.818521],[-114.123504,46.818473],[-114.123482,46.818408],[-114.123502,46.818306],[-114.123543,46.818238],[-114.123573,46.81821],[-114.123635,46.818174],[-114.123729,46.818141],[-114.123728,46.818112],[-114.123679,46.818087],[-114.123623,46.818087],[-114.123569,46.818082],[-114.123396,46.818034],[-114.123247,46.817985],[-114.123153,46.817928],[-114.123072,46.817858],[-114.123068,46.817808],[-114.123301,46.817848],[-114.123491,46.8178],[-114.123502,46.817744],[-114.12345,46.817709],[-114.123393,46.817674],[-114.123657,46.817661],[-114.124136,46.817665],[-114.124366,46.817678],[-114.124531,46.8177],[-114.124907,46.817716],[-114.125067,46.817744],[-114.125485,46.817856],[-114.125644,46.817887],[-114.125995,46.817947],[-114.126279,46.817984],[-114.126946,46.818026],[-114.127133,46.818034],[-114.127723,46.818087],[-114.12792,46.818094],[-114.128145,46.818115],[-114.128241,46.818136],[-114.128305,46.818165],[-114.128604,46.818182],[-114.129055,46.8182],[-114.129318,46.818218],[-114.129519,46.818241],[-114.129681,46.818291],[-114.129846,46.818285],[-114.130295,46.818315],[-114.130458,46.818313],[-114.131561,46.818262],[-114.132134,46.818081],[-114.132347,46.818038],[-114.13274,46.817979],[-114.132953,46.817965],[-114.133063,46.817968],[-114.133161,46.817997],[-114.133281,46.818029],[-114.133562,46.818171],[-114.133772,46.81825],[-114.133901,46.818357],[-114.134058,46.818462],[-114.134348,46.818635],[-114.134403,46.81867],[-114.13453,46.818735],[-114.134698,46.81881],[-114.134702,46.818839],[-114.134663,46.818863],[-114.13457,46.818869],[-114.134264,46.818876],[-114.134174,46.818864],[-114.134077,46.81883],[-114.133949,46.81879],[-114.133851,46.818777],[-114.133581,46.818769],[-114.13348,46.818759],[-114.133399,46.818755],[-114.133359,46.818788],[-114.133362,46.818823],[-114.133413,46.818871],[-114.13363,46.818952],[-114.133889,46.819131],[-114.133951,46.819199],[-114.134003,46.819243],[-114.134056,46.819275],[-114.134634,46.819374],[-114.135084,46.81959],[-114.135775,46.819751],[-114.136786,46.820169],[-114.137913,46.821094],[-114.138033,46.821345],[-114.138509,46.821529],[-114.138972,46.82184],[-114.139185,46.822213],[-114.1394,46.822427],[-114.139518,46.82268],[-114.139804,46.822844],[-114.140104,46.822942],[-114.140496,46.824137],[-114.140663,46.824237],[-114.140892,46.824187],[-114.141081,46.824284],[-114.141346,46.824891],[-114.141412,46.825466],[-114.141358,46.826348],[-114.141359,46.826609],[-114.141266,46.826804],[-114.141251,46.82688],[-114.14132,46.826985],[-114.141298,46.827179],[-114.141363,46.82723],[-114.141412,46.827554],[-114.141435,46.827623],[-114.141408,46.82768],[-114.141325,46.827644],[-114.141209,46.827565],[-114.141063,46.82751],[-114.140774,46.827577],[-114.140797,46.827624],[-114.140846,46.827712],[-114.140902,46.827799],[-114.141052,46.828067],[-114.141133,46.828158],[-114.14131,46.82829],[-114.141506,46.828523],[-114.14156,46.828588],[-114.14165,46.828686],[-114.141756,46.828775],[-114.14184,46.828853],[-114.141882,46.828922],[-114.141901,46.829022],[-114.141975,46.829147],[-114.142069,46.82931],[-114.142265,46.829548],[-114.142311,46.829622],[-114.142387,46.829744],[-114.142104,46.829761],[-114.142019,46.829833],[-114.141928,46.829911],[-114.141913,46.830013],[-114.141539,46.830259],[-114.141149,46.830428],[-114.140472,46.830651],[-114.140079,46.830683],[-114.139375,46.830646],[-114.138992,46.830571],[-114.137918,46.830164],[-114.137291,46.830076],[-114.137112,46.829986],[-114.136889,46.829803],[-114.136849,46.829618],[-114.137493,46.82846],[-114.138037,46.827858],[-114.13837,46.82768],[-114.138412,46.827285],[-114.138318,46.827033],[-114.138137,46.826893],[-114.137848,46.826827],[-114.137285,46.826823],[-114.136888,46.826676],[-114.135845,46.82645],[-114.13552,46.826428],[-114.134708,46.826475],[-114.133611,46.826333],[-114.133421,46.826269],[-114.133363,46.826197],[-114.133305,46.826076],[-114.133336,46.825929],[-114.133821,46.825481],[-114.134081,46.825429],[-114.134337,46.825517],[-114.134671,46.825783],[-114.134928,46.825878],[-114.136522,46.826239],[-114.137143,46.826515],[-114.137625,46.826611],[-114.137849,46.826783]]},"properties":{"kind":"trail","id":"6.01","name":"BLUE MTN MOTORCYCLE/ ATV","bmp":0,"emp":3.8200000000000003,"mvum_symbol_name":"Trails open to vehicles 50\" or less in width, Seasonal","seasonal":"seasonal","atv_datesopen":"05/02-11/30","motorcycle_datesopen":"05/02-11/30","otherwheeled_ohv_datesopen":"05/02-11/30","tracked_ohv_lt50_datesopen":"05/02-11/30","other_ohv_lt50_datesopen":"05/02-11/30","districtname":"Missoula Ranger District","trailclass":"TC4 - HIGHLY DEVELOPED"}},{"type":"Feature","geometry":{"type":"LineString","coordinates":[[-115.586372,47.370783],[-115.586159,47.371099],[-115.586041,47.372117],[-115.586106,47.373423],[-115.586033,47.373922],[-115.585905,47.374181],[-115.585494,47.374792],[-115.585086,47.375268],[-115.584687,47.376039],[-115.584269,47.376033],[-115.584115,47.376143],[-115.582978,47.377725],[-115.582733,47.378229],[-115.582306,47.379547],[-115.5819,47.38108],[-115.581897,47.382011],[-115.581831,47.38218],[-115.580988,47.38294],[-115.580543,47.383434],[-115.580399,47.38384],[-115.580157,47.385118],[-115.579874,47.387058],[-115.579738,47.387393],[-115.579416,47.387831],[-115.578771,47.388489],[-115.578454,47.38866],[-115.577486,47.388978],[-115.577083,47.389164],[-115.575927,47.389894],[-115.575119,47.39058],[-115.574708,47.391023],[-115.574037,47.392554],[-115.573507,47.393366],[-115.572603,47.394489],[-115.571689,47.395417],[-115.57114,47.395862],[-115.570824,47.396074],[-115.570251,47.396338],[-115.56849,47.396871],[-115.565123,47.398344],[-115.564325,47.398664],[-115.563672,47.398794],[-115.562539,47.398909],[-115.561483,47.399092],[-115.560358,47.399173],[-115.560157,47.399227],[-115.559707,47.399463],[-115.559453,47.399474],[-115.557879,47.399315],[-115.554456,47.399135],[-115.552719,47.398993],[-115.551548,47.398738],[-115.551208,47.398602],[-115.550449,47.398477],[-115.550143,47.398493],[-115.549335,47.398657],[-115.54784,47.398656],[-115.546596,47.398578],[-115.546122,47.398754],[-115.545959,47.398887],[-115.545733,47.399353],[-115.545417,47.39971],[-115.544997,47.399966],[-115.544448,47.40016],[-115.544241,47.400295],[-115.543938,47.4008],[-115.543584,47.401036],[-115.543295,47.401161],[-115.542324,47.40124],[-115.541184,47.401478],[-115.540264,47.401862],[-115.539671,47.402128],[-115.539038,47.402224],[-115.538614,47.402078],[-115.538244,47.402081],[-115.537639,47.402144],[-115.536631,47.402114],[-115.536349,47.402054],[-115.535339,47.401721],[-115.534531,47.401275],[-115.534158,47.400847],[-115.533547,47.400315],[-115.533044,47.400042],[-115.532465,47.399993],[-115.531816,47.399881],[-115.530971,47.400178],[-115.530637,47.400193],[-115.53028,47.400399],[-115.529799,47.400484],[-115.529622,47.400458],[-115.529405,47.400255],[-115.529421,47.400117],[-115.529542,47.400006],[-115.530081,47.399793],[-115.530232,47.399635],[-115.530186,47.399469],[-115.530026,47.399381],[-115.529624,47.399428],[-115.529234,47.399607],[-115.528896,47.399809],[-115.528443,47.399989],[-115.527924,47.400055],[-115.527699,47.400001],[-115.52719,47.399766],[-115.527052,47.399655],[-115.527038,47.3993],[-115.526933,47.39896],[-115.52661,47.398691],[-115.526412,47.398592],[-115.526149,47.39841],[-115.526246,47.398306],[-115.52657,47.398163],[-115.526657,47.397825],[-115.526835,47.397818],[-115.527177,47.397977],[-115.527305,47.397929],[-115.527369,47.397851],[-115.527321,47.397534],[-115.52717,47.397452],[-115.526379,47.397271],[-115.525843,47.39729],[-115.524947,47.397351],[-115.52406,47.397565],[-115.52347,47.397827],[-115.522733,47.397965],[-115.521802,47.398029]]},"properties":{"kind":"trail","id":"808","name":"DOMINION PEAK","bmp":0.1,"emp":5.3,"mvum_symbol_name":"Trails open to motorcycles, Yearlong","seasonal":"yearlong","motorcycle_datesopen":"01/01-12/31","districtname":"Superior Ranger District","trailclass":"TC3 - DEVELOPED"}},{"type":"Feature","geometry":{"type":"LineString","coordinates":[[-115.640212,47.513824],[-115.640302,47.513701],[-115.640419,47.51359],[-115.640417,47.513508],[-115.640364,47.513413],[-115.640282,47.513286],[-115.640227,47.513172],[-115.640133,47.512988],[-115.640148,47.51263],[-115.640295,47.512182],[-115.640446,47.511808],[-115.640552,47.51142],[-115.640611,47.51099],[-115.640594,47.510529],[-115.640694,47.51034],[-115.64049,47.510087],[-115.640451,47.509789],[-115.640521,47.509345],[-115.640663,47.508815],[-115.640749,47.508371],[-115.64093,47.507904],[-115.641251,47.50745],[-115.641635,47.506913],[-115.64191,47.506467],[-115.641899,47.506062],[-115.641958,47.505749],[-115.642025,47.505322],[-115.641939,47.504726],[-115.642117,47.504326],[-115.642412,47.503934],[-115.642726,47.503635],[-115.643209,47.503168],[-115.643559,47.502883],[-115.64386,47.50255],[-115.64401,47.502251],[-115.644146,47.502077],[-115.644415,47.501893],[-115.64452,47.501814],[-115.644544,47.501776]]},"properties":{"kind":"trail","id":"688","name":"CHIPMUNK CREEK","bmp":0,"emp":0.91,"mvum_symbol_name":"Trails open to vehicles 50\" or less in width, Yearlong","seasonal":"yearlong","atv_datesopen":"01/01-12/31","motorcycle_datesopen":"01/01-12/31","otherwheeled_ohv_datesopen":"01/01-12/31","tracked_ohv_lt50_datesopen":"01/01-12/31","other_ohv_lt50_datesopen":"01/01-12/31","districtname":"Plains/Thompson Falls Ranger District","trailclass":"TC2 - MODERATELY DEVELOPED"}},{"type":"Feature","geometry":{"type":"LineString","coordinates":[[-113.514494,47.187523],[-113.514407,47.187598],[-113.514373,47.187667],[-113.514353,47.187753],[-113.514324,47.187826],[-113.514275,47.187865],[-113.514116,47.187984]]},"properties":{"kind":"trail","id":"64","name":"RIVER POINT ATV","bmp":0,"emp":0.0352,"mvum_symbol_name":"Trails open to vehicles 50\" or less in width, Seasonal","seasonal":"seasonal","atv_datesopen":"12/01-04/01","motorcycle_datesopen":"12/01-04/01","otherwheeled_ohv_datesopen":"12/01-04/01","tracked_ohv_lt50_datesopen":"12/01-04/01","other_ohv_lt50_datesopen":"12/01-04/01","districtname":"Seeley Lake Ranger District","trailclass":"TC4 - HIGHLY DEVELOPED"}},{"type":"Feature","geometry":{"type":"LineString","coordinates":[[-115.138094,47.230686],[-115.137446,47.230935],[-115.136718,47.231527],[-115.135711,47.232066],[-115.134159,47.232652],[-115.13222,47.233058],[-115.131072,47.233091],[-115.130512,47.233047],[-115.127933,47.232659],[-115.127075,47.232647],[-115.126441,47.232697],[-115.125619,47.232464],[-115.125251,47.232491],[-115.124884,47.232662],[-115.12408,47.232551],[-115.122694,47.23262],[-115.12232,47.232531],[-115.121792,47.232142],[-115.121627,47.232208],[-115.121349,47.232697],[-115.1209,47.233038],[-115.119784,47.233733],[-115.119629,47.233902],[-115.119493,47.234179],[-115.119436,47.234478],[-115.118994,47.2356],[-115.118673,47.236001],[-115.118538,47.236463],[-115.118534,47.237266],[-115.118435,47.237838],[-115.11819,47.238334],[-115.118214,47.238426],[-115.118999,47.238988],[-115.119964,47.239437],[-115.120291,47.239716],[-115.120436,47.24009],[-115.120677,47.24027],[-115.121968,47.240942],[-115.123245,47.24171],[-115.124441,47.242502],[-115.124729,47.242757],[-115.124935,47.243099],[-115.125094,47.24319],[-115.12549,47.2433],[-115.125628,47.243398],[-115.125802,47.24387],[-115.125702,47.244293],[-115.125514,47.245163],[-115.125207,47.2457],[-115.124297,47.246742],[-115.123402,47.247548],[-115.123376,47.247705],[-115.123715,47.24811],[-115.124016,47.248455],[-115.124058,47.249352],[-115.123759,47.249977],[-115.123516,47.250493],[-115.122952,47.251158],[-115.121118,47.252488],[-115.119995,47.253401],[-115.11908,47.254257],[-115.118268,47.254741],[-115.11771,47.254972],[-115.117534,47.255133],[-115.117455,47.255378],[-115.11726,47.255514],[-115.116874,47.255498],[-115.116581,47.255584],[-115.116353,47.255756],[-115.115612,47.256398],[-115.115176,47.256698],[-115.114527,47.257054]]},"properties":{"kind":"trail","id":"1203","name":"VALACH","bmp":0,"emp":2.84,"mvum_symbol_name":"Trails open to motorcycles, Yearlong","seasonal":"yearlong","motorcycle_datesopen":"01/01-12/31","districtname":"Superior Ranger District","trailclass":"TC3 - DEVELOPED"}},{"type":"Feature","geometry":{"type":"LineString","coordinates":[[-115.329086,47.468171],[-115.329168,47.468134],[-115.329342,47.468071],[-115.329378,47.468355],[-115.329414,47.468712],[-115.329547,47.4691],[-115.329765,47.469454],[-115.330034,47.46976],[-115.33032,47.47011],[-115.330621,47.470399],[-115.330846,47.470616],[-115.33107,47.47081],[-115.331399,47.471051],[-115.331623,47.471253],[-115.331866,47.471423],[-115.331966,47.471517],[-115.332178,47.471613],[-115.332423,47.471699],[-115.332631,47.471749],[-115.332972,47.471793],[-115.333287,47.471807],[-115.333605,47.471837],[-115.333942,47.47185],[-115.334283,47.471886],[-115.334521,47.471912],[-115.334624,47.471931],[-115.334647,47.471936],[-115.334882,47.471931],[-115.335216,47.471915],[-115.335536,47.471868],[-115.335679,47.471838],[-115.33579,47.471825],[-115.336004,47.471836],[-115.336162,47.471844],[-115.336407,47.471831],[-115.336775,47.471813],[-115.336975,47.471795],[-115.337258,47.471819],[-115.337558,47.471902],[-115.337799,47.471951],[-115.338137,47.472063],[-115.338419,47.472178],[-115.338709,47.472269],[-115.338909,47.472351],[-115.339094,47.472409],[-115.339221,47.472441],[-115.339392,47.472463],[-115.339629,47.472474],[-115.339936,47.472519],[-115.340277,47.472562],[-115.340561,47.472594],[-115.340878,47.472623],[-115.341292,47.47261],[-115.341523,47.472575],[-115.341869,47.472558],[-115.342161,47.472558],[-115.342502,47.472602],[-115.34281,47.472654],[-115.343145,47.472744],[-115.343478,47.47281],[-115.343834,47.472883],[-115.344164,47.472928],[-115.344639,47.472972],[-115.344985,47.473053],[-115.345441,47.473162],[-115.345722,47.473214],[-115.345905,47.473263],[-115.346135,47.473314],[-115.346207,47.473334],[-115.346285,47.473384],[-115.346368,47.473467],[-115.346463,47.47355],[-115.346628,47.473665],[-115.346855,47.473778],[-115.347116,47.473873],[-115.347199,47.473902],[-115.347255,47.473965],[-115.34719,47.474047],[-115.347048,47.474084],[-115.346811,47.4741],[-115.346408,47.47406],[-115.346269,47.474065],[-115.34622,47.474085],[-115.346265,47.474198],[-115.346487,47.474436],[-115.346663,47.474642],[-115.346874,47.474839],[-115.347092,47.475075],[-115.347306,47.475284],[-115.347542,47.475493],[-115.347705,47.475652],[-115.347976,47.475866],[-115.34826,47.476004],[-115.348524,47.476158],[-115.348715,47.476262],[-115.348944,47.47641],[-115.349124,47.476515],[-115.349404,47.476615],[-115.349648,47.476693],[-115.349888,47.476734],[-115.350221,47.476801],[-115.350392,47.476823],[-115.350544,47.476883],[-115.350662,47.476938],[-115.35081,47.476954],[-115.350908,47.476933],[-115.350949,47.476901],[-115.350864,47.476837],[-115.350794,47.476817],[-115.350723,47.476783],[-115.350784,47.476726],[-115.350975,47.476725],[-115.3511,47.476741],[-115.351287,47.476808],[-115.351393,47.476855],[-115.351576,47.476892],[-115.351787,47.476873],[-115.352034,47.476868],[-115.352281,47.476878],[-115.352519,47.476897],[-115.352694,47.476957],[-115.352857,47.477017],[-115.353042,47.477167],[-115.353218,47.47734],[-115.353339,47.477517],[-115.353411,47.477657],[-115.353508,47.477827],[-115.35358,47.477968],[-115.353582,47.47809],[-115.353583,47.478204],[-115.353668,47.478366],[-115.353815,47.478473],[-115.354078,47.478619],[-115.354283,47.478754],[-115.354572,47.478929],[-115.354844,47.479059],[-115.355124,47.479258],[-115.355518,47.479474],[-115.355905,47.479728],[-115.356252,47.47993],[-115.356611,47.480125],[-115.356935,47.480321],[-115.357177,47.480476],[-115.357391,47.480595],[-115.357572,47.480707],[-115.357778,47.480849],[-115.357956,47.480931],[-115.358144,47.481005],[-115.358295,47.481058],[-115.358446,47.481104],[-115.358684,47.481129],[-115.358888,47.481149],[-115.359058,47.481158],[-115.359236,47.481184],[-115.359387,47.4812],[-115.359636,47.481218],[-115.35993,47.481233],[-115.36018,47.481266],[-115.360456,47.481328],[-115.360712,47.481414],[-115.361014,47.481513],[-115.361249,47.481607],[-115.361446,47.481658],[-115.36164,47.481694],[-115.361825,47.481745],[-115.36215,47.481842],[-115.36243,47.481942],[-115.362684,47.482005],[-115.362927,47.482069],[-115.363089,47.482114],[-115.36321,47.482147],[-115.363227,47.482152],[-115.363354,47.482184],[-115.363529,47.482243],[-115.363727,47.482256],[-115.363732,47.482256],[-115.363933,47.482287],[-115.364199,47.482345],[-115.364407,47.482378],[-115.364695,47.482443],[-115.364882,47.482486],[-115.365054,47.482546],[-115.36525,47.482589],[-115.36542,47.482611],[-115.365705,47.482649],[-115.36604,47.48268],[-115.366438,47.482753],[-115.366778,47.482854],[-115.366983,47.482949],[-115.367163,47.483054],[-115.367335,47.48319],[-115.367465,47.483298],[-115.367599,47.483414],[-115.367718,47.483467],[-115.367912,47.483501],[-115.368148,47.48348],[-115.368426,47.483401],[-115.368712,47.483281],[-115.368901,47.483189],[-115.369137,47.483092],[-115.369419,47.482975],[-115.369671,47.482919],[-115.369929,47.482913],[-115.370075,47.482912],[-115.370222,47.482929],[-115.370486,47.482983],[-115.370625,47.483025],[-115.370745,47.483092],[-115.370811,47.483187],[-115.370827,47.483331],[-115.37113,47.483317],[-115.371394,47.483323],[-115.371736,47.483295],[-115.372221,47.483278],[-115.372626,47.483277],[-115.373104,47.483233],[-115.373613,47.483152],[-115.374175,47.483118],[-115.374712,47.483106],[-115.375091,47.48306],[-115.37545,47.483016],[-115.375833,47.482972],[-115.376143,47.482949],[-115.376352,47.482935],[-115.376507,47.482941],[-115.376708,47.482892],[-115.376918,47.482843],[-115.377082,47.482859],[-115.377226,47.482844],[-115.377491,47.482783],[-115.37797,47.482679],[-115.378235,47.482619],[-115.378692,47.482494],[-115.379048,47.482413],[-115.379256,47.482385],[-115.379735,47.482386],[-115.380364,47.482389],[-115.381083,47.48244],[-115.382386,47.482451],[-115.382874,47.482462],[-115.383325,47.482463],[-115.383623,47.482484],[-115.383825,47.482518],[-115.384011,47.482585],[-115.384288,47.482705],[-115.384854,47.483017],[-115.385136,47.483182],[-115.38554,47.483422],[-115.385785,47.483539],[-115.386052,47.483649],[-115.386431,47.48377],[-115.386907,47.483891],[-115.387951,47.484088],[-115.388751,47.484242],[-115.389343,47.484352],[-115.389763,47.484441],[-115.390124,47.484521],[-115.390281,47.484543],[-115.390514,47.484556],[-115.391055,47.484649],[-115.391309,47.484702],[-115.391768,47.484786],[-115.392109,47.484862],[-115.392365,47.484902],[-115.392641,47.484939],[-115.392886,47.48499],[-115.393185,47.485049],[-115.393425,47.485095],[-115.393864,47.485176],[-115.394227,47.485271],[-115.394752,47.485351],[-115.395028,47.485392],[-115.395196,47.485408],[-115.395318,47.485407],[-115.395917,47.485396],[-115.396345,47.485385],[-115.396638,47.485353],[-115.397146,47.48533],[-115.397574,47.485275],[-115.397768,47.485232],[-115.398053,47.485168],[-115.398192,47.485139],[-115.398395,47.485139],[-115.398588,47.485124],[-115.398707,47.485101],[-115.39895,47.485067],[-115.399484,47.485053],[-115.400203,47.485096],[-115.400634,47.485179],[-115.401289,47.485272],[-115.401614,47.48531],[-115.401888,47.485332],[-115.40239,47.485322],[-115.402858,47.485295],[-115.403067,47.485285],[-115.403528,47.485157],[-115.404176,47.484972],[-115.404589,47.484852],[-115.405157,47.484669],[-115.405689,47.484501],[-115.406217,47.48432],[-115.406337,47.484276],[-115.406679,47.484134],[-115.406912,47.484012],[-115.407169,47.483837],[-115.40735,47.483679],[-115.407495,47.483493],[-115.407657,47.483345],[-115.40785,47.483109],[-115.40814,47.482693],[-115.408303,47.482478],[-115.408457,47.482297],[-115.408789,47.481972],[-115.409087,47.481627],[-115.409257,47.481436],[-115.409379,47.481298],[-115.409503,47.481168],[-115.40981,47.480905],[-115.410012,47.480751],[-115.410285,47.480581],[-115.410538,47.480449],[-115.410732,47.48034],[-115.411288,47.480015],[-115.411672,47.479819],[-115.411856,47.479763],[-115.411977,47.479715],[-115.412129,47.479666],[-115.412406,47.479528],[-115.412545,47.479469],[-115.412844,47.479347],[-115.412987,47.479282],[-115.413102,47.479259],[-115.413338,47.479233],[-115.413565,47.479155],[-115.413796,47.479122],[-115.41395,47.479122],[-115.414218,47.479083],[-115.414444,47.479042],[-115.414914,47.478932],[-115.415284,47.478828],[-115.415528,47.47876],[-115.416054,47.478607],[-115.416418,47.478558],[-115.416622,47.478531],[-115.416751,47.47853],[-115.416888,47.47852],[-115.417148,47.478487],[-115.417323,47.478454],[-115.417592,47.478393],[-115.417746,47.478322],[-115.417865,47.478258],[-115.418054,47.478026],[-115.418092,47.4779],[-115.41818,47.477565],[-115.418253,47.477413],[-115.418318,47.477341],[-115.41837,47.477226],[-115.418488,47.477129],[-115.418661,47.477035],[-115.418845,47.476978],[-115.418966,47.476936],[-115.41937,47.476819],[-115.41958,47.47677],[-115.419934,47.47667]]},"properties":{"kind":"trail","id":"404","name":"CC DIVIDE","bmp":27.614,"emp":32.8,"mvum_symbol_name":"Trails open to vehicles 50\" or less in width, Seasonal","seasonal":"seasonal","atv_datesopen":"05/16-10/14","motorcycle_datesopen":"05/16-10/14","otherwheeled_ohv_datesopen":"05/16-10/14","tracked_ohv_lt50_datesopen":"05/16-10/14","other_ohv_lt50_datesopen":"05/16-10/14","districtname":"Superior Ranger District","trailclass":"TC3 - DEVELOPED"}},{"type":"Feature","geometry":{"type":"LineString","coordinates":[[-115.385172,47.427735],[-115.385175,47.427734],[-115.385383,47.427623],[-115.385788,47.427402],[-115.386005,47.427167],[-115.386083,47.427095],[-115.386182,47.427011],[-115.386325,47.426915],[-115.386713,47.426642],[-115.386803,47.426576],[-115.386926,47.426474],[-115.38725,47.426198],[-115.387347,47.426125],[-115.38736,47.426117],[-115.387435,47.426075],[-115.387513,47.426043],[-115.387604,47.426016],[-115.387677,47.426007],[-115.387789,47.426004],[-115.387917,47.42601],[-115.388173,47.426025],[-115.388669,47.426085],[-115.388871,47.426126],[-115.38906,47.426177],[-115.389192,47.426218],[-115.389305,47.426261],[-115.389393,47.426312],[-115.389547,47.426423],[-115.389818,47.42664],[-115.389834,47.426652],[-115.389938,47.42671],[-115.390017,47.426752],[-115.390091,47.426784],[-115.39012,47.426793],[-115.390208,47.426821],[-115.390376,47.42686],[-115.390486,47.426872],[-115.390644,47.426885],[-115.390712,47.426884],[-115.390772,47.426891],[-115.390838,47.426908],[-115.390973,47.426946],[-115.39114,47.427009],[-115.391332,47.42709],[-115.391456,47.427157],[-115.391593,47.427247],[-115.391736,47.427359],[-115.391844,47.42746],[-115.391907,47.42755],[-115.391973,47.427674],[-115.392022,47.427851],[-115.392034,47.427924],[-115.392029,47.427978],[-115.39202,47.428003],[-115.391991,47.428043],[-115.391938,47.428101],[-115.391036,47.429101],[-115.390988,47.429148],[-115.390972,47.429164],[-115.390932,47.429203],[-115.390789,47.429327],[-115.390685,47.429433],[-115.390585,47.42955],[-115.390534,47.429629],[-115.390521,47.429677],[-115.390525,47.42971],[-115.390561,47.429734],[-115.390615,47.429751],[-115.39069,47.429755],[-115.390754,47.429752],[-115.390871,47.429736],[-115.391396,47.429678],[-115.391634,47.429641],[-115.392098,47.429541],[-115.392322,47.429512],[-115.392719,47.429454],[-115.392863,47.429433],[-115.393047,47.429404],[-115.393302,47.429348],[-115.393389,47.429325],[-115.393462,47.429307],[-115.393576,47.429291],[-115.393684,47.429288],[-115.393823,47.429296],[-115.393922,47.429308],[-115.394002,47.42933],[-115.394053,47.42935],[-115.394071,47.42936],[-115.39418,47.429063],[-115.394398,47.428894],[-115.394474,47.428818],[-115.394697,47.428729],[-115.394804,47.428661],[-115.394965,47.428608],[-115.395071,47.428615],[-115.395237,47.428739],[-115.39524,47.428744],[-115.39525,47.428749],[-115.395266,47.428757],[-115.395294,47.428758],[-115.395329,47.428751],[-115.395349,47.428743],[-115.395351,47.428742],[-115.395368,47.428726],[-115.395377,47.428712],[-115.395389,47.428693],[-115.395391,47.428684],[-115.395525,47.428422],[-115.396002,47.428158],[-115.396245,47.428154],[-115.396366,47.428257],[-115.396454,47.429125],[-115.395873,47.429765],[-115.394943,47.43102],[-115.394739,47.431404],[-115.394677,47.431789],[-115.394134,47.432774],[-115.394053,47.433174],[-115.39409,47.433291],[-115.394502,47.433569],[-115.395512,47.435538],[-115.395805,47.43595],[-115.39589,47.436281],[-115.395875,47.436504],[-115.395712,47.436939],[-115.395341,47.437574],[-115.394732,47.438292],[-115.393795,47.438973],[-115.39345,47.43929],[-115.393108,47.439679],[-115.392783,47.440441],[-115.392725,47.44123],[-115.393138,47.442749],[-115.393218,47.444202],[-115.393558,47.445141],[-115.393515,47.445589],[-115.393386,47.445739],[-115.392724,47.446204],[-115.392247,47.446647],[-115.391799,47.447321],[-115.391664,47.447716],[-115.391285,47.44809],[-115.390734,47.448457],[-115.390286,47.448955],[-115.389963,47.449582],[-115.389858,47.450316],[-115.389745,47.450605],[-115.389322,47.451105],[-115.389025,47.451384],[-115.388579,47.451674],[-115.387359,47.452185],[-115.387026,47.452397],[-115.38651,47.452896],[-115.386256,47.453533],[-115.386,47.453923],[-115.385713,47.45423],[-115.384585,47.454328],[-115.384495,47.454427],[-115.38506,47.454804],[-115.385328,47.455102],[-115.385399,47.455304],[-115.385559,47.456882],[-115.385532,47.457772],[-115.385299,47.458556],[-115.3849,47.459377],[-115.385004,47.460243],[-115.385233,47.461062],[-115.385192,47.461496],[-115.38503,47.461746],[-115.384704,47.461988],[-115.384228,47.462191],[-115.383534,47.462334],[-115.382053,47.462542],[-115.381996,47.462611],[-115.382116,47.462783],[-115.382853,47.463139],[-115.382997,47.463261],[-115.383062,47.463414],[-115.383039,47.463605],[-115.382829,47.46405],[-115.38261,47.464235],[-115.382139,47.464338],[-115.380224,47.464104],[-115.379043,47.464128],[-115.377439,47.464513],[-115.377174,47.464644],[-115.377206,47.464753],[-115.377467,47.464797],[-115.378037,47.464787],[-115.379374,47.464887],[-115.379825,47.464963],[-115.380665,47.465299],[-115.380991,47.465609],[-115.380974,47.465704],[-115.380698,47.465853],[-115.379235,47.465972],[-115.378764,47.46607],[-115.37831,47.466294],[-115.377833,47.466706],[-115.37765,47.466957],[-115.377326,47.467653],[-115.377211,47.468475],[-115.377346,47.469216],[-115.377775,47.469871],[-115.378463,47.470584],[-115.378988,47.471549],[-115.37955,47.472667],[-115.379721,47.473184],[-115.379931,47.474193],[-115.379466,47.476507],[-115.379286,47.476896],[-115.378898,47.477339],[-115.378671,47.477925],[-115.378558,47.478047],[-115.378347,47.478151],[-115.377791,47.478259],[-115.377513,47.478633],[-115.37715,47.478622],[-115.377012,47.478841],[-115.376695,47.479159],[-115.376534,47.479203],[-115.376034,47.479224],[-115.372837,47.479232],[-115.372046,47.479402],[-115.371553,47.479606],[-115.370722,47.480193],[-115.370219,47.480444],[-115.368731,47.48085],[-115.367081,47.481181],[-115.363728,47.482255]]},"properties":{"kind":"trail","id":"263","name":"SAVENAC CREEK","bmp":0,"emp":6.2,"mvum_symbol_name":"Trails open to motorcycles, Yearlong","seasonal":"yearlong","motorcycle_datesopen":"01/01-12/31","districtname":"Superior Ranger District","trailclass":"TC3 - DEVELOPED"}},{"type":"Feature","geometry":{"type":"LineString","coordinates":[[-115.082467,47.595277],[-115.081504,47.596029],[-115.080474,47.59687],[-115.079469,47.597469],[-115.078735,47.597745],[-115.078063,47.59764],[-115.07734,47.597056],[-115.076302,47.596383],[-115.075305,47.595606],[-115.073747,47.594821],[-115.072305,47.59465],[-115.071065,47.594951],[-115.069456,47.595613],[-115.068574,47.595931],[-115.068133,47.59609],[-115.067602,47.595875],[-115.067017,47.595146],[-115.066482,47.594415],[-115.065434,47.59364],[-115.063869,47.592787],[-115.06268,47.592313]]},"properties":{"kind":"trail","id":"535","name":"SHEEP CAMP","bmp":0,"emp":1.221,"mvum_symbol_name":"Trails open to motorcycles, Yearlong","seasonal":"yearlong","motorcycle_datesopen":"01/01-12/31","districtname":"Plains/Thompson Falls Ranger District","trailclass":"TC2 - MODERATELY DEVELOPED"}},{"type":"Feature","geometry":{"type":"LineString","coordinates":[[-114.453148,46.821448],[-114.452095,46.821318],[-114.451533,46.821257],[-114.45109,46.821276],[-114.450151,46.821121],[-114.449114,46.820884],[-114.448406,46.820591],[-114.447889,46.820265],[-114.447401,46.819794],[-114.447142,46.819548],[-114.446913,46.819185],[-114.446829,46.818869],[-114.446778,46.818771],[-114.446222,46.818476],[-114.445536,46.818267],[-114.445311,46.818172],[-114.444841,46.818197],[-114.443999,46.818262],[-114.443676,46.818228],[-114.443226,46.818253],[-114.442678,46.818334],[-114.442217,46.818463],[-114.441937,46.818366],[-114.441761,46.818273],[-114.441607,46.818113],[-114.441523,46.818021],[-114.441164,46.817822],[-114.440832,46.817693],[-114.440648,46.81751],[-114.440538,46.817443],[-114.440426,46.817281],[-114.440267,46.81715],[-114.440232,46.81707],[-114.439957,46.816953],[-114.439796,46.81686],[-114.439607,46.816696],[-114.439469,46.816554],[-114.439061,46.816357],[-114.438896,46.816216],[-114.438721,46.816129],[-114.438473,46.815929],[-114.43827,46.81569],[-114.43824,46.815515],[-114.438248,46.8153],[-114.438063,46.815021],[-114.438016,46.814894],[-114.437936,46.814554],[-114.437909,46.814489],[-114.437714,46.814406],[-114.437373,46.814025],[-114.437304,46.813952],[-114.437236,46.813821],[-114.437038,46.813701],[-114.436847,46.813523],[-114.436741,46.813346],[-114.436648,46.813097],[-114.436512,46.812898],[-114.436407,46.812592],[-114.4364,46.812359],[-114.436443,46.812223],[-114.436351,46.812051],[-114.436456,46.811917],[-114.436481,46.811735],[-114.436444,46.81155],[-114.436474,46.811353],[-114.436478,46.811172],[-114.436362,46.810973],[-114.436357,46.810963],[-114.436239,46.810681],[-114.436211,46.810453],[-114.436123,46.810252],[-114.436168,46.809615],[-114.436187,46.809442],[-114.43616,46.8093],[-114.436069,46.809142],[-114.436088,46.808817],[-114.43609,46.808688],[-114.436048,46.808608],[-114.436024,46.808423],[-114.435975,46.808321],[-114.435963,46.808296],[-114.435961,46.808291],[-114.435918,46.808242],[-114.436038,46.808196],[-114.436209,46.808131],[-114.436356,46.808142],[-114.436705,46.808229],[-114.436897,46.808242],[-114.437118,46.808228],[-114.437553,46.808264],[-114.437689,46.808272],[-114.437826,46.808247],[-114.437926,46.80821],[-114.438003,46.808211],[-114.438164,46.808264],[-114.438271,46.808254],[-114.438371,46.808212],[-114.438462,46.808172],[-114.438584,46.808138],[-114.438703,46.808071],[-114.43886,46.808043],[-114.43897,46.807957],[-114.439138,46.807926],[-114.439205,46.807865],[-114.439288,46.80786],[-114.439629,46.807739],[-114.440237,46.80751],[-114.440885,46.807331],[-114.441393,46.807156],[-114.441858,46.807012],[-114.442198,46.807007],[-114.442833,46.807],[-114.443414,46.806942],[-114.443839,46.806929],[-114.444971,46.806955],[-114.445608,46.807037],[-114.445791,46.806986],[-114.4459,46.806928],[-114.446158,46.806823],[-114.446567,46.806644],[-114.446655,46.806562],[-114.446845,46.806554],[-114.447039,46.806502],[-114.447148,46.806387],[-114.447504,46.806346],[-114.447686,46.806227],[-114.447905,46.806225],[-114.448144,46.806107],[-114.448161,46.806003],[-114.448467,46.805825],[-114.448517,46.805737],[-114.448731,46.805692],[-114.448925,46.805583],[-114.448939,46.805507],[-114.449039,46.805406],[-114.449175,46.8053],[-114.449476,46.805169],[-114.449612,46.805174],[-114.449642,46.805104],[-114.449744,46.805086],[-114.449955,46.804944],[-114.450042,46.804926],[-114.45009,46.804874],[-114.450159,46.804831],[-114.450284,46.804715],[-114.450482,46.804603],[-114.450629,46.8045],[-114.450833,46.804401],[-114.451048,46.80424],[-114.451153,46.804162],[-114.451264,46.804103],[-114.451398,46.803915],[-114.451526,46.80377],[-114.451771,46.803491],[-114.4519,46.803306],[-114.45205,46.803178],[-114.452368,46.802896],[-114.452659,46.802661],[-114.452889,46.802558],[-114.453028,46.802373],[-114.453002,46.802195],[-114.452883,46.801928],[-114.452852,46.801647],[-114.452706,46.80136],[-114.452581,46.801251],[-114.452631,46.801119],[-114.452841,46.801014],[-114.453276,46.801099],[-114.453532,46.801166],[-114.453928,46.8012],[-114.454571,46.801185],[-114.455118,46.80091],[-114.455649,46.800642],[-114.456427,46.800051],[-114.456815,46.79982],[-114.457291,46.799653],[-114.457636,46.799254],[-114.457884,46.798966],[-114.458235,46.798717],[-114.458552,46.798532],[-114.458795,46.798149],[-114.459037,46.797986],[-114.459093,46.797764],[-114.459262,46.797644],[-114.459535,46.797436],[-114.459879,46.797324],[-114.460011,46.79717],[-114.459932,46.796943],[-114.459853,46.796776],[-114.459738,46.796613],[-114.459619,46.796492],[-114.459399,46.79617],[-114.459548,46.795992],[-114.45967,46.795591],[-114.459812,46.79547],[-114.459927,46.794759],[-114.459711,46.794525],[-114.459572,46.793996],[-114.459614,46.793775],[-114.459617,46.793431],[-114.459394,46.793121],[-114.459296,46.792963],[-114.459095,46.792824],[-114.459037,46.79265],[-114.458739,46.792357],[-114.458555,46.792012],[-114.458607,46.791752],[-114.458444,46.791534],[-114.458318,46.790818]]},"properties":{"kind":"trail","id":"322","name":"NORTH FORK HOWARD CREEK","bmp":0,"emp":3.472,"mvum_symbol_name":"Trails open to motorcycles, Seasonal","seasonal":"seasonal","motorcycle_datesopen":"05/16-10/15","districtname":"Missoula Ranger District","trailclass":"TC2 - MODERATELY DEVELOPED"}},{"type":"Feature","geometry":{"type":"LineString","coordinates":[[-115.500056,47.450516],[-115.500013,47.450589],[-115.500243,47.450856],[-115.500556,47.451163],[-115.500798,47.451341],[-115.50071,47.45165],[-115.500594,47.451852],[-115.500408,47.452038],[-115.500111,47.452282],[-115.499706,47.45254],[-115.499534,47.452703],[-115.499413,47.452891],[-115.499398,47.453043],[-115.499349,47.453329],[-115.499244,47.453549],[-115.499163,47.453768],[-115.499074,47.453982],[-115.499028,47.454256],[-115.498882,47.454613],[-115.498744,47.455003],[-115.498608,47.455453],[-115.498511,47.455771],[-115.498116,47.456933],[-115.498109,47.457373],[-115.498207,47.457701],[-115.498417,47.458053],[-115.498643,47.458577],[-115.498977,47.459597],[-115.499058,47.45995],[-115.499026,47.460279],[-115.498979,47.460683],[-115.498938,47.461106],[-115.498904,47.461457],[-115.498972,47.461731],[-115.499204,47.462131],[-115.499522,47.462684],[-115.499749,47.463073],[-115.500007,47.46353],[-115.500193,47.463776],[-115.500347,47.464054],[-115.500356,47.464356],[-115.500276,47.464866],[-115.500324,47.465142],[-115.500324,47.465466],[-115.500196,47.465805],[-115.500212,47.466228],[-115.500286,47.466557],[-115.50044,47.46706],[-115.500475,47.467328],[-115.500403,47.467588],[-115.500182,47.467822],[-115.49986,47.468312],[-115.499737,47.468546],[-115.499658,47.468743],[-115.499498,47.468974],[-115.499272,47.469272],[-115.499125,47.469519],[-115.499029,47.469744],[-115.499047,47.47004],[-115.49912,47.470292],[-115.499198,47.470445],[-115.499262,47.470614],[-115.499216,47.470784],[-115.499088,47.471294],[-115.498903,47.471705],[-115.498693,47.47289],[-115.49862,47.47318],[-115.498549,47.473872],[-115.498518,47.474206],[-115.498558,47.475315],[-115.498633,47.475506],[-115.498792,47.475907],[-115.498922,47.476231],[-115.499053,47.476499],[-115.499296,47.476992],[-115.499425,47.47731],[-115.499579,47.477563],[-115.499852,47.478038],[-115.500065,47.478407],[-115.50032,47.478813],[-115.500436,47.479089],[-115.500499,47.47935],[-115.500554,47.479704],[-115.500542,47.479927],[-115.500511,47.480131],[-115.500466,47.480324],[-115.500446,47.480527],[-115.500487,47.48066],[-115.500696,47.480779],[-115.501036,47.480907],[-115.501246,47.481021],[-115.50144,47.481159],[-115.501739,47.481466],[-115.501809,47.481761],[-115.501962,47.482147],[-115.502099,47.482602],[-115.502255,47.482945],[-115.502514,47.483325],[-115.502938,47.483958],[-115.503214,47.484526],[-115.503506,47.485063],[-115.503756,47.485518],[-115.503764,47.485798],[-115.503536,47.485931],[-115.503278,47.486052],[-115.502669,47.48605],[-115.502324,47.486005]]},"properties":{"kind":"trail","id":"266","name":"PACKER CREEK","bmp":0,"emp":3.1,"mvum_symbol_name":"Trails open to motorcycles, Yearlong","seasonal":"yearlong","motorcycle_datesopen":"01/01-12/31","districtname":"Superior Ranger District","trailclass":"TC3 - DEVELOPED"}},{"type":"Feature","geometry":{"type":"LineString","coordinates":[[-115.009852,47.310833],[-115.009788,47.31084],[-115.009184,47.310858],[-115.008094,47.310872],[-115.00735,47.310982],[-115.006641,47.311082],[-115.00586,47.311114],[-115.005359,47.311152],[-115.004474,47.311156],[-115.003827,47.311184],[-115.003279,47.31132],[-115.003021,47.311445],[-115.002941,47.311567],[-115.002979,47.311706],[-115.003086,47.311758],[-115.003544,47.311885],[-115.003866,47.311913],[-115.004232,47.311934],[-115.004432,47.31199],[-115.004576,47.312099],[-115.004577,47.312182],[-115.004456,47.312347],[-115.004309,47.312445],[-115.004132,47.312527],[-115.003826,47.312545],[-115.002924,47.312461],[-115.002357,47.31245],[-115.001528,47.312245],[-115.001104,47.312169],[-115.000721,47.312189],[-115.000583,47.312226],[-115.000457,47.312264],[-115.000264,47.312331],[-115.000116,47.312401],[-114.999896,47.312494],[-114.999665,47.312648],[-114.99936,47.312802],[-114.999089,47.312938],[-114.998828,47.31306],[-114.998542,47.313103],[-114.998285,47.313129],[-114.997921,47.313128],[-114.997598,47.313175],[-114.997416,47.313189],[-114.997219,47.31326],[-114.996951,47.313368],[-114.996768,47.31346],[-114.996509,47.313613],[-114.99621,47.313696],[-114.995867,47.313778],[-114.995542,47.313797],[-114.995221,47.313823],[-114.9948,47.313868],[-114.994196,47.313889],[-114.99391,47.313935],[-114.993642,47.313994],[-114.993545,47.314076],[-114.993473,47.314237],[-114.993334,47.314345],[-114.993211,47.314458],[-114.992906,47.314651],[-114.992326,47.31486],[-114.992022,47.314971],[-114.991625,47.315119],[-114.991223,47.315218],[-114.990939,47.315246],[-114.990617,47.315261],[-114.990028,47.315234],[-114.989709,47.315192],[-114.989249,47.315043],[-114.988964,47.31495],[-114.988579,47.314823],[-114.98828,47.314702],[-114.98765,47.314512],[-114.987337,47.314419],[-114.987169,47.314465],[-114.986857,47.314627],[-114.98668,47.314692],[-114.986645,47.314792],[-114.986624,47.314892],[-114.986535,47.314991],[-114.986542,47.315089],[-114.986489,47.315219],[-114.986445,47.31533],[-114.986226,47.315421],[-114.986123,47.315448],[-114.985867,47.315471],[-114.985722,47.315545],[-114.985327,47.315782],[-114.985184,47.31595],[-114.984581,47.316339],[-114.984291,47.316465],[-114.984088,47.31653],[-114.983944,47.316625],[-114.983783,47.316707],[-114.983404,47.316838],[-114.983041,47.316959],[-114.982299,47.317135],[-114.982025,47.317178],[-114.981647,47.317312],[-114.981227,47.317398],[-114.980856,47.317449],[-114.980314,47.317516],[-114.979749,47.31757],[-114.979136,47.317701],[-114.978741,47.317783],[-114.978203,47.317784],[-114.977532,47.317783],[-114.977088,47.317785],[-114.976766,47.317718],[-114.976348,47.317664],[-114.975757,47.317461],[-114.974951,47.317093],[-114.974491,47.316749],[-114.97392,47.316419],[-114.973475,47.316146],[-114.97295,47.315833],[-114.972308,47.315449],[-114.972008,47.315202],[-114.971823,47.315054],[-114.971401,47.314764],[-114.971219,47.314687],[-114.970936,47.314533],[-114.970732,47.314468],[-114.970571,47.31444],[-114.970331,47.314232],[-114.970184,47.314096],[-114.970025,47.314002],[-114.969602,47.313821],[-114.968812,47.313527],[-114.968313,47.313278],[-114.967993,47.313071],[-114.967829,47.312933],[-114.967562,47.312649],[-114.967426,47.312512],[-114.967201,47.312364],[-114.96708,47.312254],[-114.966933,47.312118],[-114.966839,47.311952],[-114.966716,47.311854],[-114.966192,47.311634],[-114.965804,47.311433],[-114.965683,47.311323],[-114.965424,47.311201],[-114.965158,47.311131],[-114.96478,47.310954],[-114.964556,47.310819],[-114.96411,47.31057],[-114.963384,47.310149],[-114.962701,47.309601],[-114.962234,47.309299],[-114.961571,47.308987],[-114.960942,47.308767],[-114.960683,47.308724],[-114.960079,47.308701],[-114.95937,47.308685],[-114.958829,47.30873],[-114.958364,47.308802],[-114.958119,47.308855],[-114.9577,47.308949],[-114.957499,47.308994],[-114.956974,47.308967],[-114.956532,47.308872],[-114.956209,47.30883],[-114.955951,47.308801],[-114.955564,47.308844],[-114.955224,47.308847],[-114.955043,47.308806],[-114.954741,47.308587],[-114.954517,47.308452],[-114.954257,47.308357],[-114.954033,47.308301],[-114.953372,47.308314],[-114.953089,47.308357],[-114.952703,47.308373],[-114.952524,47.308329],[-114.95222,47.308083],[-114.952017,47.307716],[-114.951579,47.307245],[-114.951029,47.307135],[-114.95075,47.307082],[-114.950467,47.30711],[-114.950222,47.307181],[-114.950027,47.307279],[-114.949674,47.307538],[-114.948993,47.307924],[-114.948586,47.308213],[-114.948286,47.308561],[-114.948222,47.308571],[-114.948145,47.30855]]},"properties":{"kind":"trail","id":"1718.1","name":"MILL CREEK","bmp":2.545,"emp":6.2,"mvum_symbol_name":"Trails open to motorcycles, Yearlong","seasonal":"yearlong","motorcycle_datesopen":"01/01-12/31","districtname":"Superior Ranger District","trailclass":"TC3 - DEVELOPED"}},{"type":"Feature","geometry":{"type":"LineString","coordinates":[[-115.355868,47.37558],[-115.355976,47.375512],[-115.35607,47.375336],[-115.355878,47.375279],[-115.355591,47.375266],[-115.355441,47.37512],[-115.355619,47.374815],[-115.355848,47.374655],[-115.35584,47.374267],[-115.356019,47.374093],[-115.356045,47.373792],[-115.355792,47.373542],[-115.355557,47.373027],[-115.355429,47.372375],[-115.355305,47.372103],[-115.355389,47.371876],[-115.355328,47.371315],[-115.355111,47.371139],[-115.354918,47.370861],[-115.354631,47.370714],[-115.354315,47.370405],[-115.353886,47.370219],[-115.352891,47.3696],[-115.352316,47.369031],[-115.352176,47.368807],[-115.352213,47.368775],[-115.35346,47.368786],[-115.353825,47.368685],[-115.354164,47.36851],[-115.354111,47.36846],[-115.353597,47.36835],[-115.35339,47.368263],[-115.353091,47.368014],[-115.353115,47.367962],[-115.353409,47.367915],[-115.353674,47.367622],[-115.353636,47.366767],[-115.353702,47.366244],[-115.353587,47.365755],[-115.353445,47.365339],[-115.353187,47.365021],[-115.352949,47.364543],[-115.352785,47.36436],[-115.35284,47.363733],[-115.352798,47.36341],[-115.352247,47.362477],[-115.352219,47.362173],[-115.352091,47.361865],[-115.352145,47.361526],[-115.352091,47.36134],[-115.352099,47.361126],[-115.352008,47.360874],[-115.351882,47.360581],[-115.351816,47.360277],[-115.351513,47.359981],[-115.350783,47.359741],[-115.35029,47.359447],[-115.349339,47.35896],[-115.348946,47.358692],[-115.348851,47.358524],[-115.348474,47.358185],[-115.348367,47.357955],[-115.348569,47.357772],[-115.34871,47.357581],[-115.348849,47.357395],[-115.348937,47.35719],[-115.349097,47.356941],[-115.34919,47.35654],[-115.349174,47.355982],[-115.349232,47.355779],[-115.34941,47.355613],[-115.34966,47.355255],[-115.349706,47.354833],[-115.349648,47.354476],[-115.34968,47.354287],[-115.349768,47.354165],[-115.349814,47.353876],[-115.349765,47.353507],[-115.349864,47.353347],[-115.349959,47.353269],[-115.350001,47.353119],[-115.349971,47.352991],[-115.349911,47.352793],[-115.349942,47.352584],[-115.35,47.352458],[-115.350145,47.352304],[-115.350192,47.352102],[-115.35012,47.351875],[-115.350271,47.351808],[-115.350447,47.351802],[-115.350478,47.351724],[-115.350375,47.351606],[-115.350245,47.351561],[-115.350211,47.351431],[-115.350231,47.351283],[-115.350301,47.351196],[-115.350514,47.351331],[-115.350675,47.351326],[-115.35058,47.351213],[-115.350531,47.35106],[-115.35057,47.350956],[-115.350787,47.350963],[-115.350953,47.350806],[-115.351068,47.350565],[-115.35107,47.350561],[-115.351259,47.35031],[-115.351401,47.350128],[-115.351584,47.349996],[-115.351872,47.349891],[-115.351964,47.349842],[-115.351969,47.349775],[-115.351884,47.349613],[-115.351682,47.349435],[-115.351524,47.349348],[-115.351296,47.349178],[-115.351097,47.348932],[-115.351011,47.348715],[-115.350852,47.348589],[-115.350567,47.348475],[-115.35048,47.348314],[-115.35049,47.348082],[-115.350415,47.347888],[-115.350297,47.347754],[-115.350161,47.347546],[-115.350136,47.347314],[-115.350227,47.347101],[-115.350198,47.347039],[-115.349883,47.346995],[-115.349751,47.346937],[-115.349754,47.346837],[-115.349888,47.346729],[-115.349911,47.346604],[-115.349775,47.346495],[-115.349677,47.346445],[-115.349701,47.346292],[-115.349591,47.346137],[-115.349446,47.346037],[-115.349308,47.345857],[-115.349315,47.345669],[-115.34939,47.345561],[-115.349593,47.345514],[-115.349658,47.345476],[-115.349693,47.345397],[-115.349641,47.345322],[-115.349561,47.345267],[-115.349569,47.345224],[-115.349612,47.345193],[-115.349577,47.34515],[-115.349476,47.345103],[-115.349358,47.345091],[-115.349314,47.345064],[-115.349321,47.345027],[-115.349316,47.344921],[-115.349342,47.344846],[-115.349307,47.34476],[-115.349257,47.344709],[-115.349265,47.344674],[-115.349269,47.344654],[-115.349302,47.344631],[-115.349329,47.344613],[-115.349348,47.344538],[-115.349297,47.344432],[-115.349186,47.344306],[-115.34896,47.344093],[-115.348398,47.34369],[-115.347949,47.343299],[-115.347865,47.343233],[-115.347807,47.343132],[-115.347608,47.342676],[-115.347282,47.34237],[-115.346891,47.34187],[-115.346876,47.341808],[-115.347041,47.341552],[-115.347103,47.340805],[-115.347192,47.340343],[-115.347312,47.340111],[-115.347254,47.33948],[-115.347305,47.339229],[-115.34743,47.339058],[-115.347672,47.338729],[-115.347796,47.33835],[-115.347793,47.338122],[-115.347679,47.337953],[-115.347151,47.337524],[-115.346764,47.336999],[-115.346268,47.336472],[-115.346153,47.336397],[-115.346037,47.336287],[-115.346054,47.336234],[-115.346096,47.336197],[-115.346263,47.336117],[-115.346499,47.336051],[-115.346821,47.335922],[-115.347098,47.33574],[-115.347152,47.335647],[-115.347166,47.335468],[-115.347115,47.335288],[-115.346962,47.33511],[-115.346537,47.334855],[-115.346107,47.33463],[-115.345971,47.334502],[-115.345894,47.334381],[-115.345751,47.334293],[-115.345236,47.333568],[-115.345009,47.333477],[-115.344727,47.33347],[-115.344661,47.333439],[-115.344637,47.333365],[-115.344729,47.333341],[-115.344818,47.3333],[-115.344883,47.333253],[-115.344925,47.333201],[-115.344956,47.33314],[-115.345009,47.333026],[-115.345132,47.332838],[-115.345166,47.332779],[-115.345178,47.332709],[-115.345187,47.332379],[-115.345202,47.332277],[-115.345204,47.332208],[-115.345203,47.332111],[-115.345187,47.332006],[-115.345156,47.331901],[-115.345106,47.331803],[-115.345056,47.331699],[-115.344991,47.331599],[-115.344824,47.33141],[-115.344575,47.331241],[-115.344354,47.331114],[-115.344113,47.33101],[-115.343988,47.330961],[-115.343838,47.330887],[-115.343475,47.330735],[-115.343315,47.330682],[-115.343164,47.330652],[-115.343057,47.330643],[-115.342936,47.33064],[-115.342839,47.330648],[-115.342754,47.330664],[-115.342622,47.330703],[-115.342539,47.330719],[-115.342481,47.330718],[-115.34244,47.330701],[-115.342423,47.330658],[-115.342434,47.330623],[-115.342481,47.330577],[-115.34254,47.330539],[-115.342807,47.330405],[-115.342939,47.330349],[-115.343087,47.330306],[-115.344125,47.330084],[-115.344383,47.330044],[-115.344445,47.330038],[-115.344651,47.330044],[-115.344753,47.330041],[-115.344857,47.330029],[-115.34533,47.329922],[-115.34542,47.32991],[-115.345439,47.329907],[-115.345556,47.3299],[-115.345719,47.329868],[-115.345818,47.329857],[-115.345958,47.329857],[-115.346391,47.329894],[-115.346561,47.329923],[-115.346697,47.329952],[-115.347002,47.330041],[-115.347113,47.330086],[-115.347227,47.330149],[-115.347553,47.330425],[-115.347659,47.330559],[-115.347925,47.331037],[-115.347999,47.331212],[-115.348036,47.331341],[-115.34805,47.331418],[-115.34806,47.331497],[-115.348077,47.331539],[-115.34811,47.331581],[-115.348167,47.331606],[-115.348244,47.331607],[-115.348295,47.331589],[-115.348336,47.331547],[-115.348413,47.33137],[-115.3485,47.331122],[-115.348516,47.331045],[-115.34854,47.330916],[-115.348547,47.330833],[-115.348542,47.330324],[-115.348552,47.330219],[-115.348552,47.330159],[-115.348522,47.330017],[-115.348251,47.329458],[-115.34817,47.329348],[-115.347876,47.329043],[-115.347637,47.328738],[-115.347284,47.328393],[-115.347144,47.328239],[-115.347059,47.328135],[-115.346975,47.328008],[-115.346907,47.327883],[-115.346879,47.327798],[-115.346858,47.32767],[-115.346854,47.327574],[-115.346869,47.327469],[-115.346932,47.32721],[-115.346933,47.327132],[-115.346937,47.327041],[-115.346899,47.326885],[-115.346829,47.326706],[-115.346784,47.326623],[-115.346672,47.326526],[-115.346577,47.326462],[-115.346343,47.326314],[-115.346214,47.326238],[-115.346133,47.326178],[-115.346079,47.326114],[-115.346028,47.326022],[-115.346016,47.325941],[-115.346036,47.325872],[-115.346215,47.325519],[-115.346347,47.325181],[-115.34651,47.324923],[-115.346562,47.324811],[-115.3466,47.324691],[-115.346623,47.32458],[-115.34663,47.32445],[-115.346625,47.324308],[-115.346692,47.324093],[-115.346879,47.323729],[-115.347028,47.323486],[-115.347208,47.323302],[-115.347325,47.323206],[-115.347614,47.323027],[-115.347825,47.322912],[-115.348079,47.32281],[-115.348339,47.322734],[-115.348456,47.322724],[-115.348599,47.322707],[-115.348728,47.322676],[-115.34924,47.322545],[-115.349385,47.322502],[-115.349473,47.322455],[-115.349561,47.322383],[-115.349638,47.322301],[-115.349853,47.322003],[-115.350088,47.321678],[-115.350153,47.321572],[-115.350185,47.321497],[-115.350186,47.321437],[-115.350144,47.321047],[-115.35017,47.320955],[-115.35024,47.320843],[-115.350387,47.320727],[-115.350503,47.320659],[-115.350672,47.320576],[-115.351008,47.320464],[-115.351606,47.320288],[-115.352015,47.320156],[-115.352147,47.320113],[-115.352291,47.320082],[-115.352416,47.320069],[-115.352895,47.320045],[-115.353238,47.320036],[-115.353426,47.320021],[-115.353582,47.320001],[-115.353682,47.319974],[-115.35381,47.319941],[-115.354219,47.319779],[-115.354416,47.319657],[-115.354568,47.319564],[-115.354738,47.319444],[-115.354833,47.319331],[-115.354898,47.319225],[-115.354976,47.319051],[-115.355037,47.3189],[-115.355094,47.318779],[-115.355225,47.318612],[-115.355376,47.318437],[-115.355507,47.318324],[-115.355633,47.318226],[-115.355801,47.318123],[-115.356085,47.317961],[-115.356292,47.317845],[-115.356417,47.317766],[-115.356558,47.31768],[-115.35673,47.317562],[-115.35688,47.317457],[-115.356991,47.317364],[-115.357072,47.317288],[-115.357133,47.317204],[-115.357179,47.317118],[-115.357335,47.316717],[-115.357424,47.316581],[-115.357522,47.316436],[-115.357695,47.316237],[-115.357813,47.316097],[-115.358082,47.31581],[-115.35832,47.3156],[-115.358541,47.315438],[-115.358744,47.315256],[-115.358854,47.315139],[-115.358968,47.315008],[-115.359026,47.314902],[-115.359065,47.314788],[-115.3591,47.31466],[-115.359109,47.314554],[-115.359103,47.314455],[-115.359075,47.31437],[-115.359025,47.314266],[-115.358895,47.314017],[-115.35873,47.313775],[-115.358647,47.313687],[-115.3585,47.313567],[-115.358402,47.313495],[-115.358219,47.313391],[-115.357964,47.313259],[-115.357731,47.313165],[-115.357594,47.313125],[-115.357454,47.313094],[-115.357322,47.313076],[-115.356803,47.31305],[-115.356289,47.313016],[-115.356055,47.312996],[-115.355922,47.31299],[-115.355766,47.312986],[-115.355364,47.313004],[-115.355141,47.313005],[-115.354966,47.312997],[-115.354328,47.312971],[-115.354089,47.312958],[-115.353889,47.312953],[-115.353752,47.312966],[-115.353593,47.312996],[-115.353189,47.31312],[-115.352675,47.313283],[-115.352365,47.313385],[-115.352256,47.313448],[-115.351859,47.313701],[-115.351681,47.313786],[-115.351451,47.313886],[-115.351247,47.313958],[-115.351075,47.314011],[-115.35089,47.314056],[-115.350729,47.314084],[-115.350469,47.314115],[-115.350074,47.31415],[-115.349792,47.314173],[-115.349572,47.314179],[-115.349383,47.314174],[-115.349212,47.314164],[-115.348972,47.314138],[-115.348808,47.314116],[-115.348643,47.314087],[-115.348488,47.314044],[-115.34839,47.314003],[-115.348317,47.313942],[-115.348247,47.313872],[-115.34823,47.313813],[-115.348232,47.313736],[-115.348284,47.313551],[-115.348444,47.313425],[-115.348651,47.313297],[-115.349002,47.313123],[-115.349631,47.312819],[-115.349928,47.312651],[-115.350084,47.312583],[-115.350522,47.312413],[-115.350852,47.3123],[-115.351145,47.312208],[-115.351301,47.312175],[-115.351568,47.312128],[-115.35172,47.3121],[-115.352095,47.311983],[-115.352391,47.311905]]},"properties":{"kind":"trail","id":"250","name":"UP UP RIDGE","bmp":0,"emp":8.314,"mvum_symbol_name":"Trails open to motorcycles, Yearlong","seasonal":"yearlong","motorcycle_datesopen":"01/01-12/31","districtname":"Superior Ranger District","trailclass":"TC3 - DEVELOPED"}},{"type":"Feature","geometry":{"type":"LineString","coordinates":[[-114.520364,46.812085],[-114.520373,46.812071],[-114.520469,46.811921],[-114.520526,46.811806],[-114.520555,46.811645],[-114.52055,46.811379],[-114.520589,46.81119],[-114.520628,46.811059],[-114.520669,46.810983],[-114.520702,46.810861],[-114.520772,46.81071],[-114.520788,46.810632],[-114.520797,46.810549],[-114.520791,46.81045],[-114.52078,46.810368],[-114.52082,46.810205],[-114.520869,46.810128],[-114.520967,46.810017],[-114.521036,46.809948],[-114.521127,46.809892],[-114.521244,46.809815],[-114.521343,46.809761],[-114.521469,46.80969],[-114.521619,46.80959],[-114.522294,46.809104],[-114.522445,46.808883],[-114.522467,46.808775],[-114.522474,46.808681],[-114.522435,46.808389],[-114.522502,46.808287],[-114.52258,46.808231],[-114.522748,46.808144],[-114.522891,46.808088],[-114.523164,46.807974],[-114.523426,46.807781],[-114.523442,46.807687],[-114.523388,46.807588],[-114.523316,46.807501],[-114.523178,46.807353],[-114.523122,46.80727],[-114.523036,46.807117],[-114.52302,46.806986],[-114.523021,46.806876],[-114.523086,46.806326],[-114.523141,46.806104],[-114.523172,46.806009],[-114.523255,46.805863],[-114.523365,46.805756],[-114.523467,46.805653],[-114.523542,46.805559],[-114.523606,46.80543],[-114.523629,46.805335],[-114.523645,46.805241],[-114.523655,46.805134],[-114.523661,46.805034],[-114.523637,46.804733],[-114.523615,46.804412],[-114.523544,46.804256],[-114.523433,46.804108],[-114.523373,46.803984],[-114.523343,46.803849],[-114.523339,46.803699],[-114.523354,46.803596],[-114.523419,46.803438],[-114.523566,46.803147],[-114.523672,46.803021],[-114.523798,46.802884],[-114.523901,46.80272],[-114.523995,46.802539],[-114.524083,46.802246],[-114.524127,46.802018],[-114.524158,46.801842],[-114.524136,46.801738],[-114.524111,46.80164],[-114.524062,46.801541],[-114.524014,46.801458],[-114.523996,46.801294],[-114.52384,46.801153],[-114.523711,46.801027],[-114.523651,46.80095],[-114.52361,46.800853],[-114.523583,46.800788],[-114.523549,46.800709],[-114.523494,46.800642],[-114.523444,46.800556],[-114.523432,46.800487],[-114.52339,46.800379],[-114.523323,46.800294],[-114.523129,46.799981],[-114.523111,46.799905],[-114.523101,46.799741],[-114.523116,46.799554],[-114.523156,46.799413],[-114.523334,46.799039],[-114.523375,46.79891],[-114.523375,46.798796],[-114.523347,46.798666],[-114.523294,46.798558],[-114.523186,46.798431],[-114.523065,46.798334],[-114.523012,46.798278],[-114.522907,46.798122],[-114.522733,46.797797],[-114.522676,46.797649],[-114.522615,46.797502],[-114.522292,46.796843],[-114.522256,46.796742],[-114.521936,46.796362],[-114.521879,46.796266],[-114.521797,46.796165],[-114.521719,46.796061],[-114.52164,46.795985],[-114.521552,46.795901],[-114.521462,46.795831],[-114.521362,46.795742],[-114.52117,46.795574],[-114.521167,46.795371],[-114.521249,46.795183],[-114.52144,46.79487],[-114.521801,46.794494],[-114.521986,46.794291],[-114.52219,46.794076],[-114.522504,46.79376],[-114.522744,46.793507],[-114.522967,46.793236],[-114.523126,46.793056],[-114.523372,46.792738],[-114.523541,46.79253],[-114.523615,46.792422],[-114.523685,46.792312],[-114.523764,46.792179],[-114.523822,46.792075],[-114.523872,46.79196],[-114.523924,46.791839],[-114.523974,46.791735],[-114.524005,46.791638],[-114.52403,46.791521],[-114.524053,46.791416],[-114.52407,46.791303],[-114.524078,46.791214],[-114.524085,46.791082],[-114.524101,46.790952],[-114.524119,46.790798],[-114.524133,46.790605],[-114.524152,46.790469],[-114.524216,46.789958],[-114.524255,46.789355],[-114.524305,46.788943],[-114.524329,46.78856],[-114.524352,46.788381],[-114.524433,46.788006],[-114.524502,46.787846],[-114.524559,46.787775],[-114.524696,46.787651],[-114.524831,46.787595]]},"properties":{"kind":"trail","id":"26","name":"TEEPEE RIDGE","bmp":0,"emp":1.8,"mvum_symbol_name":"Trails open to vehicles 50\" or less in width, Seasonal","seasonal":"seasonal","atv_datesopen":"06/16-10/14","motorcycle_datesopen":"06/16-10/14","otherwheeled_ohv_datesopen":"06/16-10/14","tracked_ohv_lt50_datesopen":"06/16-10/14","other_ohv_lt50_datesopen":"06/16-10/14","districtname":"Missoula Ranger District","trailclass":"TC2 - MODERATELY DEVELOPED"}},{"type":"Feature","geometry":{"type":"LineString","coordinates":[[-115.429109,47.556837],[-115.429407,47.556745],[-115.4296,47.556661],[-115.429796,47.556596],[-115.430338,47.556392],[-115.430554,47.55629],[-115.430921,47.556125],[-115.431203,47.555993],[-115.431456,47.5559],[-115.432003,47.555745],[-115.432208,47.555685],[-115.432517,47.555614],[-115.432825,47.555467],[-115.43305,47.555301],[-115.433157,47.555166],[-115.433263,47.555023],[-115.433382,47.554824],[-115.433659,47.554541],[-115.433811,47.554448],[-115.434054,47.554369],[-115.434168,47.554336],[-115.434534,47.554265],[-115.434656,47.554267],[-115.435204,47.554299],[-115.435811,47.554353],[-115.436048,47.554366],[-115.43647,47.55436],[-115.436704,47.55431],[-115.436986,47.554144],[-115.437093,47.554048],[-115.437297,47.553839],[-115.437431,47.553662],[-115.437612,47.553465],[-115.4377,47.553345],[-115.437839,47.553135],[-115.438074,47.552807],[-115.438195,47.552622],[-115.438356,47.552319],[-115.438493,47.552089],[-115.43864,47.551809],[-115.438776,47.551536],[-115.438938,47.551316],[-115.439126,47.55118],[-115.439418,47.550925],[-115.439547,47.550844],[-115.439725,47.550582],[-115.439942,47.550345],[-115.440082,47.550253],[-115.440192,47.550193],[-115.440355,47.550159],[-115.440681,47.550093],[-115.441005,47.550049],[-115.441319,47.54995],[-115.441545,47.549837],[-115.44171,47.549677],[-115.441831,47.549456],[-115.442033,47.549407],[-115.442414,47.549401],[-115.44263,47.549407],[-115.443046,47.549418],[-115.443702,47.549439],[-115.44404,47.549452],[-115.444334,47.549352],[-115.444488,47.549281],[-115.444776,47.549062],[-115.444843,47.548968],[-115.444892,47.548825],[-115.444923,47.548524],[-115.444876,47.54829],[-115.444843,47.548212],[-115.444794,47.548102],[-115.44463,47.547838],[-115.444527,47.54772],[-115.444391,47.547553],[-115.444168,47.547345],[-115.444016,47.547182],[-115.443959,47.547072],[-115.443837,47.546815],[-115.443846,47.546605],[-115.443905,47.546446],[-115.443978,47.546299],[-115.44408,47.54609],[-115.444154,47.545957],[-115.444137,47.545766],[-115.444139,47.545609],[-115.44409,47.545383],[-115.443951,47.545165],[-115.443863,47.545026],[-115.443717,47.544811],[-115.443701,47.544603],[-115.443699,47.544435],[-115.443771,47.544143],[-115.444,47.543501],[-115.444176,47.543047],[-115.444366,47.542641],[-115.444807,47.541983],[-115.445028,47.541562],[-115.445116,47.541368],[-115.445238,47.541188],[-115.445391,47.541035],[-115.445674,47.54088],[-115.445829,47.540742],[-115.445916,47.540546],[-115.446097,47.540344],[-115.446234,47.540191],[-115.446535,47.539801],[-115.446697,47.53951],[-115.446874,47.539383],[-115.447159,47.539318],[-115.44731,47.539294],[-115.447456,47.539251],[-115.44757,47.539149],[-115.447659,47.538963],[-115.447787,47.53873],[-115.44799,47.538478],[-115.448163,47.538282],[-115.448451,47.5381],[-115.448786,47.537942],[-115.448978,47.53788],[-115.449295,47.53774],[-115.449522,47.537514],[-115.449619,47.537371],[-115.449665,47.53713],[-115.449724,47.536714],[-115.449789,47.536318],[-115.449814,47.535785],[-115.449835,47.53554],[-115.44987,47.53531],[-115.449916,47.535068],[-115.450015,47.534827],[-115.450136,47.534603],[-115.450282,47.534428],[-115.450413,47.534289],[-115.450655,47.534059],[-115.450897,47.533868],[-115.451278,47.533642],[-115.451513,47.533495],[-115.452013,47.533214],[-115.452525,47.532962],[-115.45309,47.532721],[-115.453454,47.532562],[-115.454077,47.532287],[-115.454525,47.532086],[-115.454781,47.53191],[-115.454919,47.531799],[-115.455252,47.531553],[-115.45573,47.531284],[-115.4559,47.531179],[-115.456319,47.53097],[-115.456514,47.530855],[-115.456894,47.530665],[-115.457074,47.530565],[-115.457544,47.530307],[-115.457995,47.530023],[-115.458166,47.529923],[-115.45861,47.529683],[-115.458959,47.529502],[-115.459299,47.52938],[-115.459638,47.529256],[-115.459948,47.529165],[-115.460221,47.529096],[-115.460498,47.529041],[-115.460918,47.52898],[-115.461233,47.528964],[-115.46147,47.528946],[-115.462114,47.528968],[-115.462619,47.52898],[-115.463243,47.529006],[-115.463831,47.529033],[-115.464473,47.529077],[-115.464699,47.529101],[-115.465097,47.529171],[-115.4653,47.52921],[-115.465751,47.529324],[-115.466117,47.529473],[-115.466454,47.529615],[-115.466595,47.529638],[-115.466749,47.529635],[-115.466997,47.529608],[-115.467194,47.52962],[-115.467369,47.529664],[-115.467696,47.529757],[-115.467863,47.529866],[-115.468025,47.52997],[-115.468244,47.530075],[-115.468504,47.530075],[-115.468741,47.530057],[-115.468869,47.530081],[-115.469031,47.530141],[-115.469102,47.530058],[-115.469336,47.53001],[-115.46976,47.529982],[-115.469938,47.529976],[-115.470162,47.529953],[-115.470608,47.529911],[-115.470846,47.529893],[-115.471185,47.529837],[-115.471509,47.529795],[-115.471736,47.529723],[-115.471863,47.529695],[-115.472147,47.529592],[-115.472431,47.529481],[-115.472648,47.529349],[-115.472818,47.529208],[-115.472974,47.529043],[-115.473192,47.528817],[-115.473311,47.528643],[-115.473468,47.528418],[-115.473523,47.528291],[-115.473596,47.528186],[-115.473627,47.528027],[-115.473684,47.527816],[-115.47378,47.527657],[-115.474087,47.527506],[-115.474405,47.527445],[-115.474567,47.527371],[-115.475116,47.527232],[-115.47549,47.527089],[-115.475823,47.526984],[-115.476353,47.526794],[-115.47702,47.526551],[-115.477547,47.526397],[-115.478045,47.526245],[-115.478459,47.526069],[-115.478668,47.525943],[-115.478798,47.525867],[-115.47913,47.525679],[-115.47939,47.525542],[-115.479607,47.525448],[-115.479934,47.525321],[-115.480223,47.525224],[-115.480427,47.525164],[-115.480791,47.525082],[-115.48163,47.524923],[-115.482013,47.524828],[-115.482191,47.524783],[-115.482603,47.524663],[-115.483177,47.524498],[-115.483681,47.524324],[-115.484302,47.524105],[-115.48449,47.52401],[-115.484794,47.523829],[-115.485118,47.523606],[-115.485225,47.523473],[-115.485347,47.523335],[-115.485533,47.523111],[-115.485703,47.522929],[-115.485846,47.522759],[-115.486043,47.522529],[-115.486187,47.522294],[-115.4863,47.522139],[-115.486496,47.521903],[-115.486652,47.521716],[-115.486889,47.521498],[-115.487188,47.521212],[-115.487409,47.521042],[-115.487627,47.520849],[-115.488038,47.520548],[-115.488171,47.520469],[-115.488482,47.520206],[-115.488748,47.520005],[-115.488958,47.519857],[-115.489063,47.519746],[-115.489358,47.519509],[-115.489697,47.519178],[-115.490133,47.518789],[-115.490488,47.518448],[-115.490975,47.51809],[-115.491184,47.517926],[-115.491434,47.517734],[-115.491871,47.517433],[-115.492116,47.517231],[-115.492277,47.517082],[-115.492366,47.516973],[-115.492437,47.516846],[-115.492469,47.516621],[-115.492456,47.516363],[-115.492407,47.516149],[-115.492364,47.515909],[-115.492322,47.515545],[-115.492315,47.515337],[-115.492341,47.515063],[-115.492493,47.514722],[-115.492485,47.51423],[-115.492776,47.513863],[-115.493376,47.513687],[-115.493815,47.513368],[-115.494081,47.513038],[-115.494206,47.512804],[-115.494373,47.512593],[-115.494861,47.512167],[-115.495322,47.511914],[-115.495645,47.511658],[-115.496003,47.511359],[-115.496453,47.511],[-115.497364,47.51056],[-115.49768,47.510395],[-115.497788,47.510255],[-115.497845,47.50987],[-115.498206,47.509513],[-115.49855,47.509128],[-115.49904,47.508807],[-115.499702,47.508425],[-115.500104,47.508023],[-115.500352,47.507672],[-115.5007,47.507324],[-115.501022,47.507076],[-115.501197,47.506939],[-115.501439,47.506786],[-115.501607,47.506703],[-115.501841,47.506608],[-115.502118,47.506528],[-115.502408,47.506416],[-115.502608,47.506346],[-115.502893,47.506188],[-115.50332,47.505937],[-115.503957,47.505626],[-115.504352,47.505403],[-115.504711,47.505188],[-115.505122,47.504907],[-115.505599,47.504556],[-115.505895,47.504291],[-115.506193,47.503992],[-115.506614,47.50359],[-115.506985,47.503317],[-115.507713,47.502803],[-115.508064,47.502566],[-115.508491,47.502296],[-115.508839,47.50215],[-115.509331,47.501985],[-115.509897,47.501863],[-115.510565,47.501718],[-115.511012,47.50161],[-115.511621,47.501484],[-115.512231,47.501401],[-115.512504,47.501339],[-115.512669,47.501282],[-115.512782,47.501242],[-115.512941,47.50113],[-115.513047,47.500952],[-115.513317,47.500312],[-115.513433,47.499936],[-115.513473,47.49983],[-115.513572,47.499698],[-115.513629,47.499519],[-115.513685,47.499299],[-115.513685,47.49909],[-115.513678,47.49892],[-115.51367,47.498744],[-115.51362,47.498618],[-115.513602,47.498432],[-115.513619,47.498296],[-115.513708,47.49811],[-115.513756,47.497967],[-115.513871,47.497796],[-115.513976,47.497648],[-115.514059,47.497555],[-115.51413,47.497466],[-115.514202,47.497319],[-115.51422,47.497192],[-115.514333,47.496903],[-115.514449,47.49646],[-115.514528,47.496227],[-115.514514,47.49603],[-115.514446,47.495866],[-115.514255,47.49568],[-115.514012,47.495542],[-115.513807,47.495454],[-115.513536,47.495317],[-115.5133,47.495307],[-115.512994,47.495224],[-115.512677,47.495147],[-115.512449,47.495038],[-115.512183,47.494873],[-115.51195,47.494605],[-115.511578,47.494192],[-115.511269,47.493862],[-115.511022,47.493578],[-115.510745,47.49332],[-115.510502,47.493113],[-115.510213,47.492853],[-115.509898,47.492581],[-115.509679,47.4924],[-115.509362,47.49229],[-115.50895,47.492097],[-115.508668,47.491933],[-115.508248,47.49163],[-115.507956,47.491412],[-115.507413,47.490956],[-115.507116,47.490664],[-115.506801,47.490353],[-115.506614,47.490099],[-115.506234,47.489797],[-115.505767,47.489502],[-115.505377,47.489245],[-115.50482,47.488919],[-115.504537,47.488783],[-115.504163,47.488563],[-115.503518,47.488206],[-115.502703,47.487707],[-115.501811,47.48714],[-115.50162,47.48696],[-115.501245,47.486554],[-115.5011,47.486413],[-115.501036,47.4863],[-115.501036,47.486202],[-115.501044,47.486093]]},"properties":{"kind":"trail","id":"590","name":"TABLE TOP MOUNTAIN","bmp":0,"emp":8.2,"mvum_symbol_name":"Trails open to motorcycles, Seasonal","seasonal":"seasonal","motorcycle_datesopen":"12/01-10/15","districtname":"Plains/Thompson Falls Ranger District","trailclass":"TC2 - MODERATELY DEVELOPED"}},{"type":"Feature","geometry":{"type":"LineString","coordinates":[[-114.798202,47.867187],[-114.798261,47.867321],[-114.798405,47.867539],[-114.798471,47.867709],[-114.798633,47.867936],[-114.798734,47.868126],[-114.798895,47.868264],[-114.799113,47.868405],[-114.799374,47.868567],[-114.799587,47.868648],[-114.799752,47.868703],[-114.800311,47.868779],[-114.800476,47.868758],[-114.800695,47.868704],[-114.80085,47.868581],[-114.801136,47.868456],[-114.801365,47.868423],[-114.801568,47.868367],[-114.802087,47.86866],[-114.802193,47.868779],[-114.802408,47.869005],[-114.802537,47.869114],[-114.80278,47.869334],[-114.802929,47.869476],[-114.803101,47.869641],[-114.80336,47.869866],[-114.803474,47.870019],[-114.803594,47.870201],[-114.803798,47.87048],[-114.804078,47.870704],[-114.804313,47.870962],[-114.804413,47.871103],[-114.804605,47.871353],[-114.804722,47.871498],[-114.804852,47.871696],[-114.805014,47.871878],[-114.805273,47.872059],[-114.805746,47.872339],[-114.805887,47.872437],[-114.806116,47.87252],[-114.806349,47.872564],[-114.806841,47.872624],[-114.80702,47.872613],[-114.807509,47.872608],[-114.807826,47.872596],[-114.808185,47.87259],[-114.808656,47.87264],[-114.809071,47.87275],[-114.809445,47.872849],[-114.809848,47.872915],[-114.810285,47.87292],[-114.810751,47.872921],[-114.811313,47.872826],[-114.812064,47.872822],[-114.812323,47.872881],[-114.812675,47.87297],[-114.812986,47.87309],[-114.813463,47.873409],[-114.813726,47.873551],[-114.81406,47.873703],[-114.814526,47.873902],[-114.814907,47.874121],[-114.815143,47.874231],[-114.815527,47.874394],[-114.815989,47.874604],[-114.81626,47.874778],[-114.816514,47.874948],[-114.816704,47.875163],[-114.816764,47.875219],[-114.816843,47.875262],[-114.817212,47.875414],[-114.817422,47.875495],[-114.817622,47.875547],[-114.817766,47.87558],[-114.817947,47.875603],[-114.818091,47.875608],[-114.818211,47.87561],[-114.818379,47.875594],[-114.818523,47.875588],[-114.818616,47.875577],[-114.818771,47.875577],[-114.818904,47.875592],[-114.819001,47.875599],[-114.819097,47.875621],[-114.819237,47.875685],[-114.819327,47.87577],[-114.81939,47.875833],[-114.819511,47.875926],[-114.819606,47.875968],[-114.820562,47.875754],[-114.821223,47.875876],[-114.822925,47.876025],[-114.823482,47.876036],[-114.824532,47.875798],[-114.824861,47.875563],[-114.825402,47.875328],[-114.825531,47.875262],[-114.825635,47.875208],[-114.82572,47.875158],[-114.825832,47.875093],[-114.826055,47.874947],[-114.826193,47.874856],[-114.826382,47.874713],[-114.826583,47.874602],[-114.826725,47.874504],[-114.827017,47.874323],[-114.827333,47.874262],[-114.827531,47.874245],[-114.827702,47.874234],[-114.827914,47.874235],[-114.82805,47.87424],[-114.828166,47.874383],[-114.828339,47.874592],[-114.828501,47.874788],[-114.828657,47.874948],[-114.828697,47.87502],[-114.828772,47.875069],[-114.828853,47.875106],[-114.82895,47.875135],[-114.829043,47.875161],[-114.82913,47.875212],[-114.829235,47.875281],[-114.829303,47.875342],[-114.829346,47.875398],[-114.829395,47.87547],[-114.829499,47.875784],[-114.831004,47.876593],[-114.831917,47.877106],[-114.83257,47.877485],[-114.833112,47.878014],[-114.83462,47.879229],[-114.83502,47.879336],[-114.835109,47.879368],[-114.835215,47.879408],[-114.835381,47.879464],[-114.835553,47.879506],[-114.83565,47.879535],[-114.83578,47.879563],[-114.835919,47.879598],[-114.836067,47.879636],[-114.836215,47.879684],[-114.836321,47.879724],[-114.836428,47.879769],[-114.836528,47.879818],[-114.837132,47.88019],[-114.837359,47.880344],[-114.837469,47.880457],[-114.837532,47.880529],[-114.837589,47.880611],[-114.837668,47.880742],[-114.837697,47.880834],[-114.83771,47.881174],[-114.837722,47.881277],[-114.837757,47.881407],[-114.837822,47.881518],[-114.838259,47.881765],[-114.838432,47.881827],[-114.838607,47.881884],[-114.838799,47.881923],[-114.838975,47.881958],[-114.83911,47.881997],[-114.839381,47.882102],[-114.839554,47.88218],[-114.839734,47.882279],[-114.839787,47.882348],[-114.840209,47.883119],[-114.840286,47.883205],[-114.840371,47.883246],[-114.840479,47.883284],[-114.840597,47.883303],[-114.840798,47.88331],[-114.841003,47.883314],[-114.84119,47.883308],[-114.841441,47.883289],[-114.841728,47.883259],[-114.842128,47.883221],[-114.842314,47.883215],[-114.842482,47.883221],[-114.84263,47.883236],[-114.842793,47.883232],[-114.842946,47.883216],[-114.843176,47.883189],[-114.843332,47.88316],[-114.843509,47.883138],[-114.843681,47.883106],[-114.843833,47.883079],[-114.844053,47.883072],[-114.844192,47.883079],[-114.845033,47.883216],[-114.845197,47.883235],[-114.845419,47.883274],[-114.845576,47.883303],[-114.845751,47.883309],[-114.845962,47.883302],[-114.846111,47.883286],[-114.846459,47.883221],[-114.84659,47.883182],[-114.846698,47.883149],[-114.84681,47.883128],[-114.846943,47.883116],[-114.847054,47.883128],[-114.847306,47.883188],[-114.847448,47.883236],[-114.847554,47.883298],[-114.847617,47.883364],[-114.8478,47.883656],[-114.847888,47.883815],[-114.847962,47.883896],[-114.848062,47.883974],[-114.848177,47.884046],[-114.848266,47.8841],[-114.84836,47.8842],[-114.848741,47.884647],[-114.848845,47.884752],[-114.848966,47.884878],[-114.849043,47.884976],[-114.84909,47.885048],[-114.849167,47.885278],[-114.849156,47.885531],[-114.849147,47.885614],[-114.84915,47.885685],[-114.849178,47.885826],[-114.849217,47.885964],[-114.849247,47.886084],[-114.849258,47.886193],[-114.849264,47.886412],[-114.849506,47.886631],[-114.849612,47.886719],[-114.849761,47.886847],[-114.850068,47.887065],[-114.850197,47.887145],[-114.850552,47.887317],[-114.850848,47.887472],[-114.851068,47.887585],[-114.851265,47.887689],[-114.851615,47.887832],[-114.851898,47.887921],[-114.852171,47.888026],[-114.852464,47.888117],[-114.852728,47.888223],[-114.852893,47.888325],[-114.852984,47.888428],[-114.852992,47.888516],[-114.853032,47.888629],[-114.853053,47.888744],[-114.853193,47.888789],[-114.853405,47.888865],[-114.853586,47.888914],[-114.853762,47.888964],[-114.853984,47.889058],[-114.854187,47.889161],[-114.854367,47.889249],[-114.854523,47.88933],[-114.854645,47.889412],[-114.854749,47.889506],[-114.854888,47.889626],[-114.855045,47.889765],[-114.855165,47.889864],[-114.855359,47.889929],[-114.855794,47.890013],[-114.856223,47.890083],[-114.856461,47.890191],[-114.856492,47.890347],[-114.856503,47.890581],[-114.856623,47.890804],[-114.856664,47.891413],[-114.85718,47.891768],[-114.857507,47.891993],[-114.857575,47.892171],[-114.857633,47.892305],[-114.857658,47.892396],[-114.857663,47.892512],[-114.857629,47.892603],[-114.857572,47.892664],[-114.857362,47.892804],[-114.857242,47.892915],[-114.857215,47.892975],[-114.857224,47.893062],[-114.85724,47.893139],[-114.857276,47.893206],[-114.857346,47.893293],[-114.857607,47.893534],[-114.857911,47.893748],[-114.858073,47.893856],[-114.858545,47.894235],[-114.858744,47.894377],[-114.858963,47.894669],[-114.859346,47.895113],[-114.859406,47.895272],[-114.859745,47.895588],[-114.860243,47.895825],[-114.861006,47.896137],[-114.861141,47.8962],[-114.86209,47.896637],[-114.863651,47.897173],[-114.865795,47.897941],[-114.867707,47.898548],[-114.869082,47.898947],[-114.870628,47.899339],[-114.872074,47.89959],[-114.872971,47.899828],[-114.873053,47.89985],[-114.873151,47.899876]]},"properties":{"kind":"trail","id":"245","name":"TEEPEE MOUNTAIN","bmp":0,"emp":4.7,"mvum_symbol_name":"Trails open to motorcycles, Yearlong","seasonal":"yearlong","motorcycle_datesopen":"01/01-12/31","districtname":"Plains/Thompson Falls Ranger District","trailclass":"TC2 - MODERATELY DEVELOPED"}},{"type":"Feature","geometry":{"type":"LineString","coordinates":[[-114.612767,46.648998],[-114.61211,46.649013],[-114.611928,46.649024],[-114.611694,46.64904],[-114.611473,46.649072],[-114.611336,46.649144],[-114.611265,46.649315],[-114.611282,46.649661],[-114.611354,46.650001],[-114.611544,46.650319],[-114.611809,46.650711],[-114.612183,46.651162],[-114.612587,46.651597],[-114.613026,46.652055],[-114.613354,46.652483],[-114.613569,46.65302],[-114.613508,46.653427],[-114.613371,46.653778],[-114.613387,46.653894],[-114.613323,46.654047],[-114.613218,46.654189],[-114.613079,46.654289],[-114.612959,46.654413],[-114.612952,46.654754],[-114.613055,46.65517],[-114.613133,46.655653],[-114.613142,46.656037],[-114.61304,46.656146],[-114.612894,46.656246],[-114.612784,46.656388],[-114.612763,46.656541],[-114.612825,46.656694],[-114.612826,46.656876],[-114.612746,46.656953],[-114.612642,46.657074],[-114.612571,46.657202],[-114.612593,46.657397],[-114.612667,46.657594],[-114.6128,46.657775],[-114.612952,46.657988],[-114.613074,46.658307],[-114.613122,46.658516],[-114.613154,46.658806],[-114.613129,46.659129],[-114.612986,46.659432],[-114.612772,46.6597],[-114.61258,46.659942],[-114.612476,46.660118],[-114.612468,46.660283],[-114.612464,46.660448],[-114.612439,46.660523],[-114.612349,46.660579],[-114.612248,46.66065],[-114.612078,46.660754],[-114.61185,46.660912],[-114.611698,46.661079],[-114.611561,46.661362],[-114.611453,46.661604],[-114.611395,46.661713],[-114.611253,46.661813],[-114.611055,46.661915],[-114.610647,46.662159],[-114.610236,46.662362],[-114.609949,46.662493],[-114.609731,46.66264],[-114.60955,46.662876],[-114.609359,46.663091],[-114.609103,46.6633],[-114.60889,46.66336],[-114.60853,46.663398],[-114.608163,46.663442],[-114.607751,46.663515],[-114.607313,46.663612],[-114.607023,46.663752],[-114.606785,46.66385],[-114.606594,46.663859],[-114.606371,46.663822],[-114.606142,46.663755],[-114.605855,46.663686],[-114.605574,46.663624],[-114.605359,46.663626],[-114.605178,46.663659],[-114.604865,46.663728],[-114.604587,46.663817],[-114.604331,46.6639],[-114.604079,46.664057],[-114.603864,46.66424],[-114.603726,46.664502],[-114.60357,46.664789],[-114.603457,46.66503],[-114.603336,46.665275],[-114.60325,46.665672],[-114.60322,46.665901],[-114.603267,46.6661],[-114.603361,46.666291],[-114.603547,46.666527],[-114.603659,46.666783],[-114.603713,46.667052],[-114.603715,46.667283],[-114.603769,46.667476],[-114.603819,46.66766],[-114.603763,46.667836],[-114.603659,46.667915],[-114.603508,46.668001],[-114.603324,46.668084],[-114.603101,46.668215],[-114.602903,46.668402],[-114.602721,46.668584],[-114.60256,46.668736],[-114.602383,46.668901],[-114.602218,46.669043],[-114.602084,46.669148],[-114.601993,46.66929],[-114.601929,46.669411],[-114.601892,46.669572],[-114.601883,46.669811],[-114.601908,46.669983],[-114.601973,46.670167],[-114.602093,46.670376],[-114.60221,46.670558],[-114.602332,46.670755],[-114.602404,46.670881],[-114.602498,46.671034],[-114.602601,46.671189],[-114.602717,46.67131],[-114.602875,46.671434],[-114.602981,46.6715],[-114.603123,46.671611],[-114.603184,46.671653],[-114.60328,46.671783],[-114.603341,46.671894],[-114.603349,46.671985],[-114.603383,46.672054],[-114.603388,46.672168],[-114.603393,46.672662],[-114.603387,46.672839],[-114.603378,46.672877],[-114.603352,46.672945],[-114.603344,46.673003],[-114.603346,46.67305],[-114.603374,46.673084],[-114.603456,46.673178],[-114.60353,46.673255],[-114.603602,46.673351],[-114.603706,46.67358],[-114.60371,46.673665],[-114.6037,46.67373],[-114.603681,46.673839],[-114.603678,46.673916],[-114.603698,46.673957],[-114.603734,46.673998],[-114.603764,46.67405],[-114.603786,46.674129],[-114.603795,46.674148],[-114.603856,46.674263],[-114.603761,46.6743],[-114.603607,46.674466],[-114.603525,46.674546],[-114.603452,46.674587],[-114.603379,46.674618],[-114.603229,46.674725],[-114.603142,46.674774],[-114.603067,46.674809],[-114.602991,46.674847],[-114.602928,46.67487],[-114.602847,46.674883],[-114.602787,46.674924],[-114.602737,46.675001],[-114.602626,46.675092],[-114.60257,46.675134],[-114.602541,46.675169],[-114.602558,46.675213],[-114.602588,46.675253],[-114.602595,46.675307],[-114.602571,46.675373],[-114.602516,46.675462],[-114.602468,46.67558],[-114.602414,46.675647],[-114.602395,46.675703],[-114.602379,46.675779],[-114.602362,46.675832],[-114.602315,46.675908],[-114.602248,46.675987],[-114.602196,46.676115],[-114.602203,46.676127],[-114.602184,46.676169],[-114.602179,46.676199],[-114.602189,46.676231],[-114.602211,46.676274],[-114.602221,46.676312],[-114.60224,46.676346],[-114.602257,46.676397],[-114.602252,46.676489],[-114.60224,46.676545],[-114.602214,46.676592],[-114.602166,46.676625],[-114.602134,46.676663],[-114.602097,46.676712],[-114.602037,46.67677],[-114.601972,46.676812],[-114.601876,46.676877],[-114.601853,46.676898],[-114.601839,46.676946],[-114.601814,46.677008],[-114.60181,46.677035],[-114.60183,46.677057],[-114.601842,46.677077],[-114.601852,46.677115],[-114.601849,46.677159],[-114.601834,46.677188],[-114.601799,46.677231],[-114.601753,46.677282],[-114.601711,46.677316],[-114.601667,46.677345],[-114.601583,46.677383],[-114.601542,46.677409],[-114.601494,46.677428],[-114.601463,46.677452],[-114.601427,46.677485],[-114.601316,46.677596],[-114.601271,46.677648],[-114.601224,46.677716],[-114.601158,46.677779],[-114.601078,46.677868],[-114.601059,46.677901],[-114.601032,46.677968],[-114.600944,46.678143],[-114.600904,46.678259],[-114.60087,46.678329],[-114.600845,46.678362],[-114.600773,46.678469],[-114.600756,46.678493],[-114.600747,46.678525],[-114.600735,46.678557],[-114.600652,46.678682],[-114.60062,46.678741],[-114.600612,46.678786],[-114.600598,46.67882],[-114.600584,46.678836],[-114.600537,46.678863],[-114.600502,46.678894],[-114.600426,46.678937],[-114.600374,46.678955],[-114.600312,46.678965],[-114.600232,46.678983],[-114.600163,46.679004],[-114.600064,46.679036],[-114.599983,46.679076],[-114.599908,46.67909],[-114.599859,46.67911],[-114.599774,46.679129],[-114.599689,46.679167],[-114.599623,46.679193],[-114.599526,46.679212],[-114.599401,46.679251],[-114.599351,46.679278],[-114.599277,46.679316],[-114.599161,46.679335],[-114.599082,46.679347],[-114.59904,46.679364],[-114.599023,46.679387],[-114.598958,46.679441],[-114.598888,46.679486],[-114.598848,46.679521],[-114.598806,46.679573],[-114.598753,46.679642],[-114.598699,46.679691],[-114.598662,46.679755],[-114.59862,46.679798],[-114.598583,46.67984],[-114.598536,46.679868],[-114.598481,46.679887],[-114.598426,46.679916],[-114.598361,46.679948],[-114.598313,46.679972],[-114.59827,46.679984],[-114.598179,46.68004],[-114.598129,46.680069],[-114.598032,46.680112],[-114.597974,46.680136],[-114.597924,46.68017],[-114.597882,46.680205],[-114.597825,46.680234],[-114.597766,46.680278],[-114.597682,46.68031],[-114.597516,46.680353],[-114.597472,46.680364],[-114.597421,46.680392],[-114.597305,46.680473],[-114.597257,46.680507],[-114.5972,46.680553],[-114.597171,46.680582],[-114.597121,46.680625],[-114.59706,46.680642],[-114.59701,46.680655],[-114.596957,46.680697],[-114.596906,46.680737],[-114.596851,46.680793],[-114.596802,46.680836],[-114.596655,46.680908],[-114.596575,46.680966],[-114.596498,46.681021],[-114.59644,46.681054],[-114.596388,46.68111],[-114.596311,46.681157],[-114.596225,46.681202],[-114.596158,46.681238],[-114.596123,46.681246],[-114.596057,46.681251],[-114.595978,46.681269],[-114.595947,46.681288],[-114.595911,46.681302],[-114.595863,46.68131],[-114.595815,46.681338],[-114.595749,46.681372],[-114.595697,46.681389],[-114.595635,46.681395],[-114.59555,46.681398],[-114.595497,46.681409],[-114.595455,46.681433],[-114.595405,46.681462],[-114.59532,46.681501],[-114.595226,46.681542],[-114.595183,46.681574],[-114.595152,46.681605],[-114.595123,46.681617],[-114.595062,46.681631],[-114.594999,46.681662],[-114.594933,46.681697],[-114.594895,46.681738],[-114.594855,46.681787],[-114.594789,46.681841],[-114.594714,46.68191],[-114.59467,46.68199],[-114.594649,46.682014],[-114.594621,46.68202],[-114.594601,46.682028],[-114.594588,46.682046],[-114.594567,46.682083],[-114.594446,46.682183],[-114.594417,46.682224],[-114.59432,46.682349],[-114.594273,46.682382],[-114.594202,46.682477],[-114.594165,46.682526],[-114.594141,46.682577],[-114.594105,46.682607],[-114.594095,46.682623],[-114.594055,46.682654],[-114.594003,46.682717],[-114.593989,46.682748],[-114.593926,46.682814],[-114.593897,46.682859],[-114.593826,46.682915],[-114.593777,46.682944],[-114.593747,46.683004],[-114.593739,46.683114],[-114.593735,46.683181],[-114.593721,46.683216],[-114.593689,46.683247],[-114.593664,46.683284],[-114.593655,46.683322],[-114.593626,46.683385],[-114.593594,46.683425],[-114.593587,46.683464],[-114.593574,46.683506],[-114.593551,46.683557],[-114.593522,46.683589],[-114.593491,46.683615],[-114.593492,46.683635],[-114.593482,46.683683],[-114.59346,46.683723],[-114.593422,46.683758],[-114.593392,46.683782],[-114.593373,46.683813],[-114.593357,46.683836],[-114.593318,46.683862],[-114.593237,46.683902],[-114.593148,46.683956],[-114.59312,46.68399],[-114.59301,46.684097],[-114.592952,46.684178],[-114.592934,46.684247],[-114.59291,46.684303],[-114.592908,46.68434],[-114.592906,46.684419],[-114.592872,46.684472],[-114.592859,46.684508],[-114.592854,46.684531],[-114.592867,46.684563],[-114.592887,46.684591],[-114.592909,46.684626],[-114.592915,46.684678],[-114.59293,46.684721],[-114.59293,46.684747],[-114.592918,46.684785],[-114.592921,46.684829],[-114.592927,46.684925],[-114.592934,46.684984],[-114.592932,46.685032],[-114.592923,46.685071],[-114.592857,46.685195],[-114.592837,46.685221],[-114.592812,46.685272],[-114.5928,46.685322],[-114.592808,46.685393],[-114.592765,46.685482],[-114.592748,46.685509],[-114.592723,46.68555],[-114.592695,46.68558],[-114.592651,46.685653],[-114.592593,46.685688],[-114.592551,46.685726],[-114.592517,46.685776],[-114.592429,46.68583],[-114.592376,46.68587],[-114.592308,46.685934],[-114.592265,46.68599],[-114.592235,46.686051],[-114.592216,46.686084],[-114.592197,46.686117],[-114.592184,46.686161],[-114.592157,46.686211],[-114.592097,46.686269],[-114.592081,46.686292],[-114.59207,46.686337],[-114.592058,46.686368],[-114.592023,46.686424],[-114.59199,46.686459],[-114.591954,46.686499],[-114.591923,46.686514],[-114.591878,46.686534],[-114.591854,46.686562],[-114.591827,46.68661],[-114.591814,46.686643],[-114.591816,46.686674],[-114.591812,46.686714],[-114.591812,46.686777],[-114.591816,46.686893],[-114.591824,46.687059],[-114.591819,46.687088],[-114.591804,46.687113],[-114.591815,46.687153],[-114.591817,46.687188],[-114.591807,46.687224],[-114.591804,46.68726],[-114.591816,46.687303],[-114.591822,46.68733],[-114.591812,46.687372],[-114.591818,46.68741],[-114.591821,46.68744],[-114.591846,46.687454],[-114.591895,46.687487],[-114.591927,46.687517],[-114.592015,46.68756],[-114.592066,46.687591],[-114.592103,46.687625],[-114.592145,46.687657],[-114.592183,46.687676],[-114.592228,46.687709],[-114.592285,46.687744],[-114.592324,46.687777],[-114.592342,46.687811],[-114.592333,46.687858],[-114.592337,46.68789],[-114.592335,46.687932],[-114.592329,46.687976],[-114.592301,46.688007],[-114.592284,46.688047],[-114.59227,46.688098],[-114.592245,46.688183],[-114.592229,46.688251],[-114.592201,46.688368],[-114.592162,46.688443],[-114.592165,46.688495],[-114.592161,46.68855],[-114.59215,46.688575],[-114.592139,46.688611],[-114.592142,46.688653],[-114.592129,46.688689],[-114.592097,46.688762],[-114.592046,46.68885],[-114.592034,46.68889],[-114.592053,46.688941],[-114.592051,46.688974],[-114.592079,46.689033],[-114.592091,46.689086],[-114.592103,46.689156],[-114.592102,46.689245],[-114.592095,46.689337],[-114.592061,46.689427],[-114.592064,46.689482],[-114.59207,46.68954],[-114.592058,46.689606],[-114.592039,46.689707],[-114.591979,46.689965],[-114.591506,46.690131],[-114.591499,46.690166],[-114.59141,46.690229],[-114.591348,46.690308],[-114.591295,46.690364],[-114.591226,46.69042],[-114.591116,46.690467],[-114.591051,46.690477],[-114.590997,46.690491],[-114.590961,46.690525],[-114.590932,46.690567],[-114.59088,46.690599],[-114.590775,46.69065],[-114.590678,46.690723],[-114.590544,46.690806],[-114.590367,46.690906],[-114.590263,46.69097],[-114.590216,46.690993],[-114.59016,46.691001],[-114.590097,46.691013],[-114.590049,46.69104],[-114.590004,46.691048],[-114.589947,46.691053],[-114.589897,46.691061],[-114.5898,46.691079],[-114.589767,46.691098],[-114.589705,46.691106],[-114.589625,46.691114],[-114.589503,46.691135],[-114.589455,46.691143],[-114.589365,46.691144],[-114.589287,46.691157],[-114.589184,46.691174],[-114.589141,46.691188],[-114.589073,46.691184],[-114.588976,46.691195],[-114.588907,46.691219],[-114.588847,46.691243],[-114.588776,46.691253],[-114.588705,46.691253],[-114.588517,46.691244],[-114.588341,46.691233],[-114.588234,46.691246],[-114.588058,46.691295],[-114.587909,46.691319],[-114.587814,46.691337],[-114.587706,46.691376],[-114.587563,46.691455],[-114.587438,46.691527],[-114.587205,46.691654],[-114.587136,46.691681],[-114.587053,46.691725],[-114.586981,46.691776],[-114.586945,46.691839],[-114.586917,46.69188],[-114.586868,46.691919],[-114.586761,46.691987],[-114.5867,46.692049],[-114.586645,46.692124],[-114.586584,46.692206],[-114.586553,46.692276],[-114.586548,46.692324],[-114.586574,46.692396],[-114.58658,46.692431],[-114.586627,46.692452],[-114.586682,46.692488],[-114.586736,46.692566],[-114.586808,46.692716],[-114.586906,46.692841],[-114.586926,46.692917],[-114.586931,46.692971],[-114.586964,46.693004],[-114.586998,46.693054],[-114.587031,46.693144],[-114.587068,46.693241],[-114.58711,46.693291],[-114.587127,46.69332],[-114.587134,46.693392],[-114.587132,46.693498],[-114.587143,46.693613],[-114.587136,46.6937],[-114.587115,46.693771],[-114.587068,46.693848],[-114.587011,46.693898],[-114.586922,46.693923],[-114.586772,46.693943],[-114.586684,46.693945],[-114.586627,46.693929],[-114.586571,46.693913],[-114.586529,46.693932],[-114.586501,46.693977],[-114.586445,46.694063],[-114.586377,46.694164],[-114.586324,46.6942],[-114.586249,46.694246],[-114.586175,46.694306],[-114.58614,46.694351],[-114.586083,46.694407],[-114.586048,46.694432],[-114.586002,46.694496],[-114.585979,46.694528],[-114.585975,46.694597],[-114.585961,46.694634],[-114.585916,46.694684],[-114.585844,46.694733],[-114.58579,46.694791],[-114.58573,46.694867],[-114.585693,46.694913],[-114.585668,46.694972],[-114.58568,46.695038],[-114.585671,46.6951],[-114.585693,46.695181],[-114.585682,46.695224],[-114.585649,46.695263],[-114.585595,46.695291],[-114.585514,46.695353],[-114.585393,46.695441],[-114.585342,46.695507],[-114.585295,46.695579],[-114.585283,46.695634],[-114.585289,46.695723],[-114.585272,46.695788],[-114.585242,46.695842],[-114.585184,46.695877],[-114.585132,46.695943],[-114.585104,46.695996],[-114.585035,46.696036],[-114.584782,46.6962],[-114.584659,46.696274],[-114.584622,46.696305],[-114.584577,46.696316],[-114.584132,46.696301],[-114.584014,46.696334],[-114.583926,46.696399],[-114.583839,46.696436],[-114.583746,46.696451],[-114.583627,46.696524],[-114.583532,46.696596],[-114.583516,46.696639],[-114.583483,46.696719],[-114.583432,46.696777],[-114.583346,46.696826],[-114.583274,46.696875],[-114.583207,46.696935],[-114.583114,46.696971],[-114.582958,46.697014],[-114.58281,46.697077],[-114.582744,46.697149],[-114.582601,46.697243],[-114.582432,46.697435],[-114.582272,46.697643],[-114.582241,46.697697],[-114.582145,46.697868],[-114.582042,46.698164],[-114.582005,46.698455],[-114.582,46.698488],[-114.582012,46.698943],[-114.581985,46.699381],[-114.581858,46.699805],[-114.581709,46.700177],[-114.581551,46.700401],[-114.581311,46.700654],[-114.581095,46.700823],[-114.580873,46.701011],[-114.580624,46.701245],[-114.580395,46.701481],[-114.580132,46.701784],[-114.579892,46.702124],[-114.579701,46.702462],[-114.579485,46.702881],[-114.579318,46.703241],[-114.579302,46.703395],[-114.579158,46.703539],[-114.579133,46.703626],[-114.57912,46.703804],[-114.579119,46.703907],[-114.57913,46.704015],[-114.579127,46.704055],[-114.579086,46.704158],[-114.578961,46.704356],[-114.578674,46.704696],[-114.578497,46.705058],[-114.578355,46.70538],[-114.578308,46.705764],[-114.578384,46.706148],[-114.5785,46.70644],[-114.578665,46.706757],[-114.578875,46.706984],[-114.579118,46.707234],[-114.579358,46.707448],[-114.579624,46.70764],[-114.579869,46.707783],[-114.580069,46.70787],[-114.58038,46.707947],[-114.580689,46.708046],[-114.580947,46.708155],[-114.581112,46.708299],[-114.581199,46.708501],[-114.581187,46.708705],[-114.581097,46.708945],[-114.580963,46.709171],[-114.580741,46.709439],[-114.58053,46.709657],[-114.580308,46.709934],[-114.580084,46.710186],[-114.5798,46.710432],[-114.579488,46.710674],[-114.579272,46.710887],[-114.579222,46.710979],[-114.579168,46.711412],[-114.579137,46.711629],[-114.579015,46.711877],[-114.578761,46.712275],[-114.578159,46.712846],[-114.577742,46.713058],[-114.577194,46.713115],[-114.576427,46.713131],[-114.575895,46.713126],[-114.575258,46.713212],[-114.574595,46.713356],[-114.574161,46.713505],[-114.574023,46.713804],[-114.573927,46.714603]]},"properties":{"kind":"trail","id":"289","name":"GRANITE RIDGE","bmp":0,"emp":5.7780000000000005,"mvum_symbol_name":"Trails open to motorcycles, Seasonal","seasonal":"seasonal","motorcycle_datesopen":"05/16-10/15","districtname":"Missoula Ranger District","trailclass":"TC2 - MODERATELY DEVELOPED"}},{"type":"Feature","geometry":{"type":"LineString","coordinates":[[-115.156794,47.401811],[-115.156866,47.401883],[-115.157272,47.40196],[-115.157591,47.402109],[-115.157775,47.402217],[-115.158184,47.402454],[-115.158598,47.402563],[-115.159043,47.402643],[-115.159854,47.403034],[-115.160909,47.403146],[-115.161114,47.403171],[-115.161367,47.403266],[-115.161532,47.403317],[-115.161627,47.403383],[-115.161728,47.403466],[-115.161738,47.403521],[-115.161724,47.403634],[-115.161746,47.403691],[-115.161843,47.403688],[-115.16196,47.403634],[-115.162031,47.40356],[-115.162103,47.403503],[-115.162145,47.403367],[-115.162123,47.403257],[-115.162162,47.403233],[-115.162252,47.403258],[-115.162357,47.403342],[-115.162491,47.403448],[-115.162589,47.40355],[-115.162699,47.403603],[-115.162822,47.403604],[-115.162984,47.40356],[-115.163141,47.403558],[-115.16322,47.403582],[-115.163209,47.40362],[-115.163152,47.403664],[-115.163117,47.403744],[-115.163141,47.403792],[-115.163211,47.403804],[-115.163302,47.403835],[-115.163375,47.403889],[-115.163672,47.403981],[-115.164013,47.403999],[-115.164236,47.40397],[-115.164508,47.403912],[-115.164811,47.403788],[-115.164993,47.403616],[-115.165095,47.403444],[-115.165387,47.403237],[-115.166295,47.402791],[-115.166505,47.402637],[-115.166695,47.402451],[-115.166907,47.402303],[-115.167544,47.401974],[-115.167731,47.401931],[-115.168071,47.402048],[-115.168175,47.402037],[-115.168276,47.401953],[-115.168415,47.401632],[-115.168941,47.401301],[-115.169287,47.401197],[-115.170676,47.400811],[-115.171872,47.400679],[-115.173481,47.400763],[-115.174617,47.401019],[-115.175354,47.401282],[-115.176018,47.401658],[-115.176737,47.402308],[-115.177165,47.402586],[-115.17734,47.40279],[-115.177889,47.403184],[-115.178762,47.403539],[-115.179403,47.403944],[-115.179675,47.404186],[-115.179947,47.404486],[-115.180325,47.405294],[-115.180631,47.405586],[-115.181103,47.405761],[-115.181484,47.405711],[-115.181741,47.405801],[-115.182114,47.406035],[-115.182679,47.406104],[-115.183057,47.40608],[-115.183519,47.405982],[-115.18393,47.405985],[-115.184307,47.405923],[-115.184898,47.405898],[-115.185409,47.406024],[-115.185955,47.406002],[-115.186721,47.405819],[-115.187009,47.405806],[-115.187336,47.405701],[-115.187744,47.405686],[-115.188078,47.405583],[-115.188551,47.405384],[-115.189153,47.405297],[-115.18945,47.405299],[-115.189936,47.40515],[-115.190779,47.405061],[-115.191615,47.405046],[-115.192413,47.404861],[-115.193264,47.404478],[-115.193759,47.404222],[-115.193815,47.404146],[-115.194189,47.403991],[-115.194643,47.4038],[-115.19512,47.403776],[-115.195848,47.403851],[-115.196025,47.403834],[-115.196623,47.403447],[-115.197041,47.403327],[-115.198833,47.403165],[-115.199227,47.403292],[-115.199735,47.403358],[-115.200413,47.403525],[-115.201292,47.403597],[-115.202421,47.403614],[-115.202662,47.4036],[-115.202972,47.403485],[-115.203149,47.403484],[-115.203694,47.403277],[-115.204227,47.403199],[-115.204837,47.403215],[-115.208127,47.402767],[-115.208696,47.402826],[-115.209395,47.402746],[-115.209892,47.402753],[-115.210774,47.402539],[-115.211141,47.40233],[-115.211745,47.402076],[-115.21213,47.402018],[-115.213167,47.401363],[-115.213967,47.40077],[-115.214908,47.400468],[-115.215341,47.400427],[-115.216642,47.400538],[-115.217138,47.400499],[-115.217612,47.40038],[-115.218707,47.400349],[-115.219231,47.400279],[-115.219947,47.400066],[-115.221037,47.399607],[-115.221702,47.399392],[-115.222631,47.398897],[-115.223064,47.398717],[-115.223265,47.398646],[-115.223356,47.398491],[-115.223404,47.398394],[-115.223573,47.398313],[-115.223925,47.39825],[-115.224205,47.39828],[-115.224259,47.398229],[-115.224401,47.398215],[-115.224583,47.398115],[-115.224654,47.398004],[-115.224799,47.397882],[-115.224954,47.39778],[-115.225125,47.397705],[-115.225327,47.39765],[-115.225392,47.397553],[-115.225548,47.397432],[-115.225822,47.397274],[-115.226084,47.397201],[-115.226234,47.397177],[-115.22631,47.397129],[-115.226348,47.397028],[-115.226434,47.396968],[-115.226588,47.396927],[-115.226721,47.396878],[-115.226728,47.3968],[-115.226778,47.396763],[-115.226971,47.396727],[-115.227119,47.396671],[-115.227239,47.396522],[-115.227421,47.396458],[-115.22755,47.396455],[-115.227723,47.39641],[-115.227903,47.39628],[-115.227968,47.396182],[-115.22811,47.396093],[-115.228265,47.396089],[-115.228347,47.396037],[-115.228358,47.395966],[-115.228507,47.395864],[-115.228686,47.39585],[-115.228822,47.395732],[-115.228924,47.395502],[-115.228995,47.395433],[-115.229166,47.395336],[-115.229459,47.395216],[-115.229671,47.395091],[-115.229802,47.394923],[-115.229898,47.394639],[-115.230045,47.3945],[-115.230193,47.394399],[-115.23039,47.394098],[-115.230472,47.393694],[-115.23069,47.393469],[-115.230862,47.393329],[-115.231256,47.393204],[-115.231827,47.393146],[-115.232275,47.393193],[-115.232605,47.393151],[-115.232773,47.393086],[-115.233042,47.392997],[-115.233268,47.392843],[-115.233404,47.392748],[-115.233516,47.392588],[-115.233687,47.392533],[-115.233938,47.392446],[-115.234214,47.392443],[-115.234774,47.39248],[-115.234991,47.392437],[-115.235152,47.392371],[-115.235278,47.392247],[-115.235442,47.392193],[-115.235732,47.392123],[-115.23594,47.392071],[-115.23611,47.391932],[-115.236322,47.391711],[-115.236588,47.391567],[-115.236956,47.391489],[-115.237099,47.391408],[-115.237179,47.391281],[-115.237434,47.391061],[-115.237787,47.390894],[-115.238031,47.390813],[-115.238146,47.39075],[-115.238214,47.390626],[-115.238379,47.390508],[-115.238598,47.390436],[-115.238925,47.390315],[-115.239122,47.390167],[-115.239142,47.390073],[-115.239203,47.389991],[-115.239335,47.389909],[-115.239508,47.389857],[-115.239741,47.389664],[-115.239957,47.389391],[-115.240188,47.389107],[-115.240733,47.38875],[-115.240823,47.38868],[-115.240944,47.388652],[-115.24111,47.388643],[-115.241202,47.388597],[-115.241424,47.388485],[-115.241619,47.388409],[-115.241985,47.388347],[-115.242468,47.388271],[-115.242669,47.388224],[-115.242758,47.388154],[-115.24295,47.388104],[-115.24332,47.388104],[-115.243689,47.388143],[-115.244757,47.388097],[-115.245,47.387973],[-115.245965,47.387828],[-115.246612,47.387634],[-115.247132,47.387551],[-115.24763,47.387637],[-115.247989,47.387627],[-115.248543,47.38758],[-115.248796,47.387586],[-115.248907,47.387501],[-115.248997,47.387467]]},"properties":{"kind":"trail","id":"253","name":"FLAT ROCK CREEK","bmp":0,"emp":5.48,"mvum_symbol_name":"Trails open to motorcycles, Yearlong","seasonal":"yearlong","motorcycle_datesopen":"01/01-12/31","districtname":"Superior Ranger District","trailclass":"TC3 - DEVELOPED"}},{"type":"Feature","geometry":{"type":"LineString","coordinates":[[-114.852433,47.741012],[-114.852569,47.742033],[-114.852662,47.742757],[-114.85259,47.743007],[-114.852452,47.743728],[-114.852332,47.744253],[-114.85194,47.744947],[-114.851052,47.745508],[-114.849018,47.746342],[-114.847631,47.746718],[-114.846534,47.746925],[-114.845746,47.746948],[-114.844491,47.746915],[-114.843648,47.746967],[-114.843195,47.747247],[-114.841939,47.747396],[-114.840816,47.747344],[-114.838927,47.74734],[-114.837406,47.747184],[-114.837209,47.747265],[-114.836824,47.747423],[-114.83662,47.747507]]},"properties":{"kind":"trail","id":"310","name":"NORTH FORK LITTLE THOMPSON","bmp":0,"emp":0.9,"mvum_symbol_name":"Trails open to motorcycles, Yearlong","seasonal":"yearlong","motorcycle_datesopen":"01/01-12/31","districtname":"Plains/Thompson Falls Ranger District","trailclass":"TC2 - MODERATELY DEVELOPED"}},{"type":"Feature","geometry":{"type":"LineString","coordinates":[[-115.405875,47.527839],[-115.405707,47.527745],[-115.405472,47.527568],[-115.405355,47.527436],[-115.405258,47.527186],[-115.405193,47.527005],[-115.405163,47.526663],[-115.405146,47.526438],[-115.405075,47.526274],[-115.40496,47.526148],[-115.404783,47.526061],[-115.404669,47.526017],[-115.404393,47.525946],[-115.404169,47.525902],[-115.403893,47.525826],[-115.40365,47.525764],[-115.403351,47.525661],[-115.403204,47.525545],[-115.402929,47.525408],[-115.402687,47.525313],[-115.402259,47.525225],[-115.402071,47.525144],[-115.401843,47.525068],[-115.401609,47.52486],[-115.401596,47.524673],[-115.401659,47.524475],[-115.401763,47.524244],[-115.401934,47.523988],[-115.40204,47.523812],[-115.402203,47.523674],[-115.402323,47.523512],[-115.40239,47.523351],[-115.402388,47.523263],[-115.402323,47.523187],[-115.402065,47.523054],[-115.401925,47.523004],[-115.401756,47.522944],[-115.401451,47.522866],[-115.401231,47.522825],[-115.401051,47.522807],[-115.400899,47.522831],[-115.400763,47.522885],[-115.400624,47.522983],[-115.40043,47.523026],[-115.400145,47.522878],[-115.400034,47.522823],[-115.39988,47.522757],[-115.399669,47.52276],[-115.399619,47.522966],[-115.399629,47.523201],[-115.399505,47.523323],[-115.399215,47.523267],[-115.398777,47.523163],[-115.398388,47.52313],[-115.39813,47.523256],[-115.398122,47.523334],[-115.39818,47.523526],[-115.398253,47.523668],[-115.398217,47.523788],[-115.398055,47.523898],[-115.397784,47.523975],[-115.397459,47.524008],[-115.397326,47.524023],[-115.397231,47.524078],[-115.397109,47.524188],[-115.396655,47.524297],[-115.396437,47.52438],[-115.396164,47.524484],[-115.395935,47.524573],[-115.395492,47.524681],[-115.395165,47.524731],[-115.394889,47.524736],[-115.394488,47.524707],[-115.394123,47.524674],[-115.393954,47.524647],[-115.393538,47.524594],[-115.393193,47.524554],[-115.392891,47.524511],[-115.39256,47.524454],[-115.392196,47.524357],[-115.392034,47.524324],[-115.391581,47.524229],[-115.39124,47.524154],[-115.390794,47.52405],[-115.390673,47.524015],[-115.390255,47.523912],[-115.389969,47.523817],[-115.389693,47.523713],[-115.389655,47.523588],[-115.389743,47.52354],[-115.389947,47.523516],[-115.390369,47.523511],[-115.390692,47.523533],[-115.390885,47.52355],[-115.391209,47.523583],[-115.391459,47.523639],[-115.391624,47.523661],[-115.391666,47.523505],[-115.390861,47.523148],[-115.390035,47.522852],[-115.388673,47.522503],[-115.387283,47.522434],[-115.38649,47.522435],[-115.387133,47.522143],[-115.388823,47.521738],[-115.389185,47.521561],[-115.388473,47.521497],[-115.38767,47.521419],[-115.386998,47.521453],[-115.385797,47.521495],[-115.38528,47.521601],[-115.38587,47.521093],[-115.38611,47.520602],[-115.385973,47.52056],[-115.385668,47.520449],[-115.385392,47.520301],[-115.385035,47.520264],[-115.384896,47.520296],[-115.384468,47.520384],[-115.38409,47.520455],[-115.383675,47.520488],[-115.383328,47.52047],[-115.383002,47.52042],[-115.38276,47.520356],[-115.382436,47.520251],[-115.382214,47.520193],[-115.382011,47.520177],[-115.381682,47.520211],[-115.381482,47.52036],[-115.381258,47.520578],[-115.381145,47.520615],[-115.380727,47.520556],[-115.380598,47.520584],[-115.380539,47.520646],[-115.380455,47.520704],[-115.380359,47.520719],[-115.380189,47.52069]]},"properties":{"kind":"trail","id":"274","name":"DRY CREEK-HILL 7","bmp":0,"emp":2.3112,"mvum_symbol_name":"Trails open to motorcycles, Seasonal","seasonal":"seasonal","motorcycle_datesopen":"05/15-10/15","districtname":"Plains/Thompson Falls Ranger District","trailclass":"TC2 - MODERATELY DEVELOPED"}},{"type":"Feature","geometry":{"type":"LineString","coordinates":[[-115.17248,47.279356],[-115.172318,47.279298],[-115.171959,47.279156],[-115.17184,47.27912],[-115.171155,47.279023],[-115.170212,47.278934],[-115.169635,47.278902],[-115.16915,47.278868],[-115.168858,47.278853],[-115.168546,47.278841],[-115.168344,47.278809],[-115.168024,47.278792],[-115.167709,47.27872],[-115.167451,47.278656],[-115.167258,47.27866],[-115.167021,47.278677],[-115.166702,47.278786],[-115.16646,47.278826],[-115.166127,47.278853],[-115.165798,47.278836],[-115.164985,47.278819],[-115.16459,47.278797],[-115.164216,47.278813],[-115.163582,47.278891],[-115.163316,47.278896],[-115.16288,47.278972],[-115.162654,47.279005],[-115.162439,47.279],[-115.161996,47.278978],[-115.161592,47.278978],[-115.161293,47.278976],[-115.160971,47.278984],[-115.160664,47.278988],[-115.160408,47.279009],[-115.160179,47.279026],[-115.159922,47.279039],[-115.159778,47.279016],[-115.159592,47.278934],[-115.159333,47.278818],[-115.159076,47.278715],[-115.158867,47.278692],[-115.158674,47.278658],[-115.158415,47.278621],[-115.158087,47.278571],[-115.157852,47.278561],[-115.157521,47.278533],[-115.157222,47.27857],[-115.156903,47.278569],[-115.156676,47.278525],[-115.156315,47.278395],[-115.155934,47.278273],[-115.155727,47.278226],[-115.155491,47.278169],[-115.155186,47.278154],[-115.154485,47.27813],[-115.15404,47.278119],[-115.153543,47.278081],[-115.153157,47.278026],[-115.152809,47.277982],[-115.152537,47.277927],[-115.152133,47.277818],[-115.151883,47.277709],[-115.151498,47.277461],[-115.151221,47.277291],[-115.151043,47.277181],[-115.150773,47.277104],[-115.150553,47.277049],[-115.150271,47.276978],[-115.150086,47.276912],[-115.149974,47.276808],[-115.149895,47.276633],[-115.149814,47.276365],[-115.149723,47.276117],[-115.149621,47.275844],[-115.149493,47.275515],[-115.149411,47.275315],[-115.149339,47.275058],[-115.149266,47.274861],[-115.149096,47.274482],[-115.149024,47.274334],[-115.1488,47.274169],[-115.148662,47.274121],[-115.148454,47.274142],[-115.14818,47.274147],[-115.148024,47.274163],[-115.147736,47.274224],[-115.147543,47.274308],[-115.147398,47.274389],[-115.147138,47.274487],[-115.14693,47.274552],[-115.146648,47.274596],[-115.146414,47.274636],[-115.14619,47.274652],[-115.145833,47.274673],[-115.145634,47.274625],[-115.145405,47.274531],[-115.145245,47.274427],[-115.144955,47.274207],[-115.144803,47.274069],[-115.144682,47.273954],[-115.144536,47.273879],[-115.144289,47.273718],[-115.144408,47.27366],[-115.144587,47.27367],[-115.144813,47.273741],[-115.145038,47.273774],[-115.145334,47.273817],[-115.145574,47.273803],[-115.145875,47.273785],[-115.1461,47.273769],[-115.146303,47.273742],[-115.146493,47.27367],[-115.146665,47.27357],[-115.146768,47.273477],[-115.146866,47.273341],[-115.146954,47.273215],[-115.147036,47.273079],[-115.147142,47.272969],[-115.147252,47.272904],[-115.147405,47.272863],[-115.147597,47.272848],[-115.147785,47.272831],[-115.147912,47.272805],[-115.148027,47.27275],[-115.147906,47.272635],[-115.147767,47.272584],[-115.147583,47.272525],[-115.147235,47.272481],[-115.146962,47.272453],[-115.146714,47.272441],[-115.146271,47.272413],[-115.145995,47.272402],[-115.145618,47.272388],[-115.145457,47.272354],[-115.145255,47.272276],[-115.145112,47.272223],[-115.144908,47.272134],[-115.144661,47.27197],[-115.144466,47.271886],[-115.144224,47.271777],[-115.144046,47.271734],[-115.143796,47.271667],[-115.143565,47.271656],[-115.143219,47.271629],[-115.142976,47.271586],[-115.142798,47.271542],[-115.142597,47.271442],[-115.142435,47.27136],[-115.142324,47.271305],[-115.142097,47.271294],[-115.141815,47.271266],[-115.141527,47.271256],[-115.141283,47.271271],[-115.14114,47.2713],[-115.14098,47.27131],[-115.140901,47.271323],[-115.140846,47.271321],[-115.140813,47.271306],[-115.1408,47.271288],[-115.140804,47.271256],[-115.140826,47.271226],[-115.14084,47.271202],[-115.141066,47.270963],[-115.14118,47.270882],[-115.141364,47.27076],[-115.141435,47.270694],[-115.14151,47.270636],[-115.141533,47.2706],[-115.14153,47.27057],[-115.141514,47.270555],[-115.141474,47.270559],[-115.141426,47.270571],[-115.14134,47.270604],[-115.141263,47.270617],[-115.141172,47.270628],[-115.141044,47.270636],[-115.140924,47.270634],[-115.140794,47.270632],[-115.140633,47.270634],[-115.140574,47.270631],[-115.140528,47.270609],[-115.140462,47.270566]]},"properties":{"kind":"trail","id":"201","name":"NORTH FORK LITTLE JOE RIDGE","bmp":0,"emp":2.7,"mvum_symbol_name":"Trails open to motorcycles, Yearlong","seasonal":"yearlong","motorcycle_datesopen":"01/01-12/31","districtname":"Superior Ranger District","trailclass":"TC3 - DEVELOPED"}},{"type":"Feature","geometry":{"type":"LineString","coordinates":[[-115.41821,47.542716],[-115.418251,47.54266],[-115.41854,47.54238],[-115.418664,47.54231],[-115.418856,47.542252],[-115.41902,47.54222],[-115.419131,47.542181],[-115.419303,47.5421],[-115.419586,47.541954],[-115.419785,47.54184],[-115.419875,47.541784],[-115.420009,47.54168],[-115.420255,47.541459],[-115.420332,47.541401],[-115.420419,47.541351],[-115.420455,47.541312],[-115.420505,47.541276],[-115.420572,47.54125],[-115.420683,47.541222],[-115.421092,47.541167],[-115.421217,47.541112],[-115.421311,47.541041],[-115.421422,47.540892],[-115.421563,47.540734],[-115.42185,47.540464],[-115.422045,47.540253],[-115.42216,47.540113],[-115.422262,47.539922],[-115.42242,47.539694],[-115.422519,47.539608],[-115.422649,47.539508],[-115.422877,47.539372],[-115.422969,47.539277],[-115.423023,47.539095],[-115.423292,47.538717],[-115.423854,47.538326],[-115.42409,47.538074],[-115.424297,47.53786],[-115.424574,47.537508],[-115.424922,47.537168],[-115.425198,47.53684],[-115.425449,47.536506],[-115.425667,47.536242],[-115.425942,47.535914],[-115.426273,47.535606],[-115.426574,47.535211],[-115.426808,47.534871],[-115.426908,47.534712],[-115.427494,47.534223],[-115.428197,47.533354],[-115.428917,47.532577],[-115.429115,47.532314],[-115.429626,47.531765],[-115.430001,47.53124],[-115.430642,47.530621],[-115.430932,47.530276],[-115.430947,47.530154],[-115.431151,47.53005],[-115.43153,47.529882],[-115.431709,47.529777],[-115.431982,47.529576],[-115.432073,47.529475],[-115.432243,47.529224],[-115.432324,47.529041],[-115.432371,47.528841],[-115.43242,47.528445],[-115.43251,47.528017],[-115.432573,47.527791],[-115.432614,47.527577],[-115.432713,47.527223],[-115.432794,47.527079],[-115.432884,47.526832],[-115.433004,47.526526],[-115.433078,47.526393],[-115.433198,47.526192],[-115.433318,47.525966],[-115.433416,47.525861],[-115.433634,47.525671],[-115.433806,47.525533],[-115.434024,47.525308],[-115.434354,47.52492],[-115.434631,47.524567],[-115.434712,47.524349],[-115.434833,47.524125],[-115.434946,47.523866],[-115.435045,47.523668],[-115.43518,47.5235],[-115.435326,47.52328],[-115.435449,47.523142],[-115.435612,47.522897],[-115.435692,47.522703],[-115.435774,47.522457],[-115.435863,47.522205],[-115.435944,47.522058],[-115.43604,47.521899],[-115.436298,47.521701],[-115.436589,47.521546],[-115.436833,47.521448],[-115.437091,47.521355],[-115.437417,47.521228],[-115.437732,47.521064],[-115.437911,47.520928],[-115.438159,47.520709],[-115.438323,47.520582],[-115.438646,47.520384],[-115.438866,47.520285],[-115.439017,47.520186],[-115.439351,47.519979],[-115.439561,47.519864],[-115.439716,47.519721],[-115.439941,47.519556],[-115.440125,47.519392],[-115.440548,47.519112],[-115.44079,47.518915],[-115.441034,47.518735],[-115.44123,47.518565],[-115.441348,47.518389],[-115.441529,47.518192],[-115.441712,47.518092],[-115.441906,47.517978],[-115.442006,47.51789],[-115.442205,47.517676],[-115.442425,47.517428],[-115.442628,47.517286],[-115.442808,47.517117],[-115.442895,47.516745],[-115.44317,47.516559],[-115.443602,47.516319],[-115.444319,47.516277],[-115.444898,47.516086],[-115.445067,47.516031],[-115.445432,47.515874],[-115.445629,47.515793],[-115.445786,47.515675],[-115.446029,47.515398],[-115.446518,47.515041],[-115.44695,47.514768],[-115.44722,47.514684],[-115.447603,47.514613],[-115.447769,47.514594],[-115.448193,47.514561],[-115.448467,47.514539],[-115.448838,47.514502],[-115.448998,47.514485],[-115.449292,47.514466],[-115.449427,47.514423],[-115.449492,47.514325],[-115.449466,47.51411],[-115.449501,47.513913],[-115.449532,47.513762],[-115.449693,47.513595],[-115.450141,47.513371],[-115.450502,47.513253],[-115.450766,47.513162],[-115.451106,47.513079],[-115.451405,47.51303],[-115.45169,47.513002],[-115.452045,47.512986],[-115.452418,47.513019],[-115.452623,47.513102],[-115.452722,47.513158],[-115.4528,47.513274],[-115.452853,47.513363],[-115.453052,47.51352],[-115.453378,47.513671],[-115.45364,47.513742],[-115.453943,47.513727],[-115.454249,47.51364],[-115.454375,47.5136],[-115.454705,47.513492],[-115.454953,47.513427],[-115.455311,47.513398],[-115.455578,47.513387],[-115.456113,47.513381],[-115.456678,47.51336],[-115.457366,47.513371],[-115.457505,47.513372],[-115.457975,47.513353],[-115.458258,47.513328],[-115.458497,47.513293],[-115.458822,47.51326],[-115.459179,47.513255],[-115.459594,47.513256],[-115.460172,47.513212],[-115.46038,47.51324],[-115.460814,47.513281],[-115.461103,47.513334],[-115.461405,47.513401],[-115.462105,47.51353],[-115.462355,47.513583],[-115.462739,47.51367],[-115.462914,47.513683],[-115.463148,47.513698],[-115.463448,47.51369],[-115.463618,47.513649],[-115.463731,47.513506],[-115.463849,47.513437],[-115.464077,47.513334],[-115.464206,47.513294],[-115.464422,47.5133],[-115.464714,47.513348],[-115.464977,47.513447],[-115.465286,47.513566],[-115.465451,47.513604],[-115.465596,47.513637],[-115.465846,47.513698],[-115.466037,47.513765],[-115.466354,47.513849],[-115.466597,47.513872],[-115.466918,47.513882],[-115.467136,47.513871],[-115.467585,47.513828],[-115.467883,47.513756],[-115.468171,47.513714],[-115.468451,47.513644],[-115.468727,47.513569],[-115.468924,47.513522],[-115.469327,47.513443],[-115.469914,47.513335],[-115.470181,47.513288],[-115.470438,47.513219],[-115.470672,47.51311],[-115.470951,47.51303],[-115.471126,47.512958],[-115.471854,47.512791],[-115.47237,47.512717],[-115.472598,47.51262],[-115.472761,47.512546],[-115.473091,47.512462],[-115.47335,47.51238],[-115.473594,47.512315],[-115.473917,47.51226],[-115.474216,47.512253],[-115.47433,47.512258],[-115.474748,47.512291],[-115.474993,47.512303],[-115.475292,47.512255],[-115.475576,47.512188],[-115.475914,47.512057],[-115.476069,47.512003],[-115.47664,47.511797],[-115.476864,47.511717],[-115.477157,47.511567],[-115.477343,47.511411],[-115.477172,47.511222],[-115.477267,47.511135],[-115.477436,47.510942],[-115.477599,47.510798],[-115.4778,47.510574],[-115.477888,47.51041],[-115.478078,47.510172],[-115.478337,47.510029],[-115.478621,47.509733],[-115.478678,47.509552],[-115.47879,47.50929],[-115.478873,47.509138],[-115.478861,47.509001],[-115.478875,47.508783],[-115.478962,47.508616],[-115.479078,47.508481],[-115.479266,47.508248],[-115.479625,47.507903],[-115.479784,47.507748],[-115.480009,47.50753],[-115.480286,47.507291],[-115.480413,47.507166],[-115.480514,47.506968],[-115.480616,47.506792],[-115.480704,47.506614],[-115.480783,47.506483],[-115.480843,47.506233],[-115.48087,47.506106],[-115.480782,47.505794],[-115.480696,47.505603],[-115.48066,47.505407],[-115.480667,47.505219],[-115.480776,47.504974],[-115.480853,47.504858],[-115.481048,47.504596],[-115.481198,47.504399],[-115.481233,47.504158],[-115.481239,47.504067],[-115.481231,47.503763],[-115.481244,47.503539],[-115.481298,47.503413],[-115.481424,47.503186],[-115.481575,47.502922],[-115.481646,47.502778],[-115.481803,47.502396],[-115.481841,47.502206],[-115.481883,47.501972],[-115.481927,47.501619],[-115.481952,47.501485],[-115.482009,47.501418],[-115.482306,47.501248],[-115.482478,47.501115],[-115.482647,47.500891],[-115.482728,47.50071],[-115.48279,47.500506],[-115.482777,47.500353],[-115.482741,47.500071],[-115.482672,47.499939],[-115.482566,47.499722],[-115.482492,47.499388],[-115.482493,47.49922],[-115.482507,47.499054],[-115.482533,47.498962],[-115.482613,47.498807],[-115.482693,47.498726],[-115.482854,47.498643],[-115.483091,47.498587],[-115.483487,47.498533],[-115.483826,47.498482],[-115.484141,47.498433],[-115.484472,47.498347],[-115.484879,47.498213],[-115.485073,47.498137],[-115.485541,47.497934],[-115.486105,47.497649],[-115.486536,47.497407],[-115.486769,47.497276],[-115.486859,47.497217],[-115.486918,47.497084],[-115.486925,47.497007],[-115.486876,47.496897],[-115.486689,47.496788],[-115.486455,47.49669],[-115.486226,47.49657],[-115.485984,47.496404],[-115.485815,47.496272],[-115.485636,47.496087],[-115.485466,47.495873],[-115.485313,47.495702],[-115.485134,47.495555],[-115.484841,47.495375],[-115.484518,47.49521],[-115.484283,47.495101],[-115.484177,47.494991],[-115.483961,47.494766],[-115.483797,47.494645],[-115.483452,47.494355],[-115.483161,47.494147],[-115.482728,47.49384],[-115.482649,47.493674],[-115.48251,47.493417],[-115.482374,47.493111],[-115.482213,47.492797],[-115.482065,47.492497],[-115.48165,47.491773],[-115.481449,47.491459],[-115.4814,47.491313],[-115.481345,47.491082],[-115.481312,47.490752],[-115.481297,47.490582],[-115.481256,47.490227],[-115.481245,47.48998],[-115.481183,47.48954],[-115.481026,47.488943],[-115.480873,47.488489],[-115.480736,47.488067],[-115.48062,47.487683],[-115.480426,47.487151],[-115.480387,47.486919],[-115.480409,47.486718],[-115.480477,47.486563],[-115.480621,47.486404],[-115.480708,47.48635],[-115.480821,47.486311],[-115.480944,47.486283],[-115.481001,47.486181],[-115.481,47.486093],[-115.481064,47.486021],[-115.481282,47.485938],[-115.48151,47.485805],[-115.481799,47.485631],[-115.481956,47.48551],[-115.482124,47.485383],[-115.482304,47.485143],[-115.482425,47.484993],[-115.482504,47.484835],[-115.482542,47.484704],[-115.482543,47.484605],[-115.482505,47.484519],[-115.482367,47.484336],[-115.482253,47.484194],[-115.48214,47.483952],[-115.482067,47.483733],[-115.481978,47.483487],[-115.481871,47.483185],[-115.481781,47.483],[-115.48167,47.482698],[-115.4815,47.482269],[-115.481448,47.482099],[-115.481377,47.481902],[-115.481303,47.481782],[-115.481231,47.481689],[-115.480989,47.481556],[-115.480731,47.481421],[-115.480373,47.481239],[-115.480146,47.481091],[-115.479822,47.480883],[-115.479465,47.48056],[-115.479386,47.480438],[-115.479329,47.480323],[-115.479319,47.480202],[-115.47937,47.480081],[-115.479457,47.479956],[-115.479646,47.479759],[-115.479805,47.479588],[-115.480055,47.479397],[-115.480184,47.479283],[-115.480324,47.47905],[-115.480428,47.478921],[-115.480485,47.478816],[-115.480517,47.478704],[-115.480507,47.478584],[-115.480469,47.478503],[-115.480386,47.478376],[-115.48034,47.478257],[-115.480371,47.478135],[-115.480523,47.478008],[-115.480599,47.477928],[-115.480639,47.477818],[-115.480639,47.47767],[-115.480508,47.477484],[-115.480322,47.477241],[-115.480127,47.476907],[-115.479909,47.476599],[-115.479683,47.476215],[-115.47934,47.475766],[-115.47923,47.475505],[-115.479108,47.475252],[-115.478927,47.474869],[-115.47863,47.474287],[-115.478556,47.474068],[-115.47854,47.473923],[-115.478539,47.473767],[-115.478589,47.473602],[-115.478654,47.473425],[-115.478708,47.47326],[-115.478791,47.472987],[-115.478831,47.472729],[-115.478822,47.472614],[-115.478732,47.472467],[-115.478594,47.472246],[-115.47848,47.472137],[-115.478359,47.472033],[-115.477998,47.47178]]},"properties":{"kind":"trail","id":"584","name":"WILKES CREEK","bmp":0,"emp":7.2,"mvum_symbol_name":"Trails open to motorcycles, Yearlong","seasonal":"yearlong","motorcycle_datesopen":"01/01-12/31","districtname":"Plains/Thompson Falls Ranger District","trailclass":"TC2 - MODERATELY DEVELOPED"}},{"type":"Feature","geometry":{"type":"LineString","coordinates":[[-115.716315,47.576661],[-115.716465,47.57643],[-115.716668,47.575933],[-115.716495,47.575204],[-115.716327,47.574509],[-115.716046,47.573892],[-115.715685,47.573477],[-115.715245,47.572973],[-115.71486,47.572502],[-115.714276,47.571959],[-115.713887,47.571745],[-115.713342,47.571528],[-115.713027,47.571358],[-115.712873,47.571225],[-115.712769,47.571079],[-115.71274,47.570975],[-115.712882,47.570861],[-115.713398,47.570974],[-115.713589,47.570975],[-115.713658,47.570831],[-115.713574,47.570707],[-115.713333,47.570567],[-115.713051,47.570383],[-115.712792,47.570092],[-115.712521,47.569718],[-115.712698,47.569547],[-115.712861,47.569481],[-115.713315,47.569503],[-115.713801,47.56987],[-115.714166,47.570068],[-115.714622,47.570217],[-115.715084,47.570447],[-115.715139,47.570467]]},"properties":{"kind":"trail","id":"522","name":"BLOSSOM LAKE","bmp":0,"emp":0.8553000000000001,"mvum_symbol_name":"Trails open to motorcycles, Yearlong","seasonal":"yearlong","motorcycle_datesopen":"01/01-12/31","districtname":"Plains/Thompson Falls Ranger District","trailclass":"TC3 - DEVELOPED"}},{"type":"Feature","geometry":{"type":"LineString","coordinates":[[-114.18948,46.814498],[-114.189555,46.814454],[-114.189671,46.814383],[-114.189805,46.814329],[-114.189854,46.8143],[-114.189892,46.814265],[-114.18993,46.814213],[-114.190001,46.814096],[-114.190049,46.814055],[-114.190113,46.814022],[-114.190271,46.813961],[-114.190551,46.813877],[-114.190621,46.813848],[-114.19067,46.813811],[-114.190727,46.813754],[-114.190776,46.813725],[-114.190906,46.813672],[-114.190979,46.813641],[-114.191119,46.81357],[-114.191196,46.813534],[-114.191302,46.813515],[-114.191401,46.8135],[-114.191497,46.813492],[-114.191661,46.81348],[-114.191747,46.813464],[-114.191816,46.813454],[-114.191895,46.813454],[-114.191965,46.813462],[-114.192038,46.813467],[-114.192083,46.813461],[-114.19214,46.813445],[-114.192214,46.813417],[-114.192449,46.813353],[-114.192515,46.813326],[-114.192691,46.813267],[-114.192759,46.813246],[-114.192849,46.813228],[-114.192935,46.813206],[-114.193091,46.813166],[-114.193342,46.813111],[-114.193457,46.813096],[-114.193589,46.81307],[-114.193683,46.813037],[-114.193709,46.813002],[-114.193727,46.812963],[-114.193763,46.812928],[-114.193876,46.812887],[-114.194262,46.812745],[-114.194717,46.812553],[-114.194924,46.812463],[-114.195044,46.812394],[-114.195222,46.812286],[-114.195473,46.812186],[-114.195598,46.812128],[-114.195708,46.812066],[-114.195815,46.811988],[-114.195918,46.811944],[-114.196163,46.811851],[-114.196296,46.811784],[-114.196688,46.811591],[-114.196879,46.81148],[-114.197218,46.811281],[-114.197396,46.811206],[-114.19768,46.811096],[-114.19855,46.810782],[-114.198785,46.810736],[-114.198955,46.810695],[-114.199058,46.810648],[-114.199194,46.810571]]},"properties":{"kind":"trail","id":"6.07","name":"LOOKOUT SPUR","bmp":0,"emp":0.5471,"mvum_symbol_name":"Trails open to motorcycles, Seasonal","seasonal":"seasonal","motorcycle_datesopen":"05/01-11/30","districtname":"Missoula Ranger District","trailclass":"TC4 - HIGHLY DEVELOPED"}},{"type":"Feature","geometry":{"type":"LineString","coordinates":[[-115.697383,47.438876],[-115.69771,47.438671],[-115.698032,47.43844],[-115.698264,47.438138],[-115.698427,47.437656],[-115.698508,47.43752],[-115.698628,47.437475],[-115.698831,47.437547],[-115.699138,47.437777],[-115.699477,47.437968],[-115.699865,47.438068],[-115.700084,47.438034],[-115.700228,47.437777],[-115.700367,47.437541],[-115.700611,47.437173],[-115.700893,47.436635],[-115.700892,47.436209],[-115.700925,47.435869],[-115.701125,47.435429],[-115.701586,47.434661],[-115.701828,47.434274],[-115.702952,47.432764],[-115.703422,47.432133],[-115.703437,47.431888],[-115.703395,47.43142],[-115.70337,47.43114],[-115.703374,47.430758],[-115.703451,47.430484],[-115.703454,47.430127],[-115.703468,47.429936],[-115.703485,47.429704],[-115.703446,47.429541],[-115.703063,47.42932],[-115.702984,47.429195],[-115.702943,47.429084],[-115.702917,47.4288],[-115.702556,47.428552],[-115.702352,47.428508],[-115.70219,47.42847],[-115.701965,47.428213],[-115.701966,47.427841],[-115.702007,47.427567],[-115.702345,47.427029],[-115.702765,47.426497],[-115.702967,47.426151],[-115.703248,47.42574],[-115.703734,47.425328],[-115.703993,47.425048],[-115.704258,47.424885],[-115.704503,47.42483],[-115.704627,47.424713],[-115.70473,47.424623],[-115.704804,47.424528],[-115.70516,47.424352],[-115.705404,47.424259],[-115.705702,47.424067],[-115.705845,47.423947]]},"properties":{"kind":"trail","id":"265","name":"COPPER LAKE","bmp":0,"emp":0.9800000000000001,"mvum_symbol_name":"Wheeled OHV <50\", Seasonal","seasonal":"seasonal","atv_datesopen":"12/02-10/14","motorcycle_datesopen":"12/02-10/14","otherwheeled_ohv_datesopen":"12/02-10/14","districtname":"Superior Ranger District","trailclass":"TC3 - DEVELOPED"}},{"type":"Feature","geometry":{"type":"LineString","coordinates":[[-114.849761,47.757081],[-114.849485,47.757462],[-114.849012,47.758043],[-114.848728,47.758374],[-114.848504,47.758695],[-114.848159,47.758822],[-114.84792,47.758889],[-114.847522,47.759137],[-114.847144,47.759449],[-114.847095,47.759773],[-114.847072,47.760355],[-114.8472,47.76068],[-114.847439,47.761019],[-114.84742,47.761369],[-114.847376,47.762274],[-114.847372,47.76278],[-114.847225,47.763477],[-114.846896,47.764137],[-114.846077,47.764681],[-114.844778,47.765339],[-114.843781,47.766002],[-114.843403,47.766185],[-114.843055,47.766385],[-114.84265,47.766698],[-114.842235,47.767187],[-114.841631,47.76797],[-114.841368,47.768469],[-114.841303,47.769043],[-114.841397,47.769425],[-114.841158,47.769897],[-114.840695,47.770314],[-114.840304,47.770636],[-114.839974,47.771157],[-114.839612,47.771487],[-114.839052,47.77189],[-114.838233,47.772296],[-114.837153,47.772686],[-114.836688,47.772818],[-114.836009,47.772996],[-114.83481,47.77342],[-114.833663,47.773832],[-114.833079,47.774135],[-114.832838,47.774311],[-114.832199,47.774884],[-114.831694,47.775285],[-114.831333,47.775771],[-114.831076,47.776335],[-114.830838,47.776815],[-114.830623,47.77712],[-114.830384,47.777324],[-114.830208,47.777608],[-114.829793,47.778235],[-114.829481,47.77893],[-114.829267,47.779244],[-114.829161,47.779544],[-114.829204,47.779836],[-114.829193,47.780131],[-114.829221,47.780277],[-114.829504,47.780503],[-114.82967,47.780938],[-114.82973,47.781257],[-114.82985,47.7815],[-114.830082,47.781627],[-114.830329,47.781773],[-114.83047,47.781959],[-114.830569,47.782121],[-114.830598,47.782276],[-114.830564,47.78248],[-114.830702,47.782768],[-114.830813,47.78292],[-114.830943,47.783254],[-114.831064,47.783773],[-114.831243,47.784465],[-114.831417,47.784972],[-114.831773,47.785527],[-114.832417,47.786353],[-114.83304,47.787107],[-114.833618,47.787688],[-114.834105,47.788181],[-114.834563,47.788528],[-114.835128,47.789119],[-114.835611,47.789566],[-114.836058,47.789932],[-114.836705,47.79039],[-114.837133,47.79084],[-114.83732,47.791338],[-114.83742,47.791784],[-114.837526,47.792295],[-114.837452,47.792906],[-114.837323,47.793529],[-114.837315,47.793684],[-114.836699,47.793968],[-114.835603,47.794653],[-114.834501,47.795731],[-114.833578,47.796801],[-114.833278,47.797626],[-114.83319,47.79788],[-114.833166,47.798087],[-114.833125,47.798334],[-114.833013,47.798586],[-114.832987,47.798659],[-114.832923,47.798832],[-114.832817,47.799068],[-114.832765,47.799244],[-114.83267,47.79947],[-114.832573,47.799678],[-114.832442,47.799879],[-114.832295,47.800079],[-114.832214,47.800208],[-114.832044,47.800378],[-114.83184,47.800616],[-114.831646,47.800757],[-114.831336,47.800955],[-114.831057,47.801103],[-114.8308,47.801263],[-114.830587,47.801372],[-114.830195,47.801568],[-114.829902,47.801738],[-114.82966,47.801848],[-114.829327,47.80202],[-114.829072,47.8022],[-114.828815,47.802398],[-114.828635,47.802558],[-114.828341,47.802835],[-114.828073,47.803007],[-114.827851,47.803193],[-114.827534,47.803444],[-114.827355,47.803565],[-114.827146,47.80372],[-114.826965,47.803863],[-114.826867,47.803983],[-114.826771,47.804163],[-114.826658,47.804333],[-114.826545,47.804509],[-114.82649,47.804608],[-114.826454,47.804777],[-114.826378,47.80508],[-114.826308,47.805391],[-114.826243,47.805671],[-114.826135,47.806022],[-114.826062,47.806221],[-114.825965,47.806555],[-114.825892,47.806762],[-114.825859,47.806997],[-114.825777,47.807278],[-114.825729,47.807525],[-114.825649,47.807743],[-114.825536,47.80804],[-114.825397,47.808277],[-114.825258,47.808473],[-114.825134,47.808704],[-114.825016,47.80894],[-114.824988,47.809148],[-114.824923,47.80923],[-114.824826,47.809399],[-114.824695,47.809636],[-114.824509,47.809942],[-114.824169,47.810325],[-114.823933,47.81054],[-114.823678,47.81076],[-114.82337,47.811055],[-114.823102,47.811265],[-114.822866,47.811435],[-114.822646,47.811599],[-114.822264,47.811817],[-114.821989,47.811956],[-114.82141,47.812247],[-114.821196,47.812388],[-114.821136,47.812803],[-114.82106,47.813546],[-114.82109,47.81416],[-114.821092,47.815064],[-114.821102,47.815569],[-114.82101,47.815705],[-114.820856,47.815836],[-114.820637,47.815975],[-114.820359,47.81609],[-114.820187,47.816205],[-114.819994,47.816354],[-114.81988,47.81648],[-114.819804,47.81661],[-114.819701,47.81684],[-114.819651,47.817037],[-114.819643,47.817274],[-114.819618,47.81747],[-114.819651,47.817757],[-114.819668,47.817965],[-114.81971,47.818139],[-114.819732,47.818399],[-114.819756,47.818634],[-114.819756,47.819044],[-114.819645,47.819351],[-114.819537,47.819653],[-114.819495,47.819844],[-114.819456,47.82006],[-114.819373,47.82029],[-114.819186,47.820504],[-114.818977,47.820695],[-114.818877,47.820876],[-114.81883,47.821012],[-114.818839,47.821108],[-114.818862,47.821206],[-114.818676,47.821308],[-114.818535,47.821364],[-114.818339,47.821403],[-114.818153,47.82142],[-114.81794,47.821416],[-114.817604,47.821434],[-114.817243,47.821456],[-114.816848,47.821469],[-114.816498,47.82148],[-114.816125,47.821499],[-114.815664,47.821534],[-114.81532,47.821567],[-114.814961,47.821605],[-114.814676,47.821654],[-114.8144,47.821705],[-114.814019,47.821692],[-114.813471,47.821682],[-114.813041,47.82166],[-114.812709,47.821645],[-114.812285,47.821615],[-114.812039,47.821604],[-114.811861,47.821577],[-114.811745,47.821637],[-114.811706,47.821738],[-114.811731,47.821825],[-114.811853,47.821978],[-114.811992,47.822066],[-114.812073,47.82218],[-114.812193,47.822312],[-114.812217,47.822473],[-114.812186,47.822614],[-114.81208,47.822773],[-114.811853,47.822905],[-114.811674,47.822998],[-114.811185,47.823081],[-114.810696,47.823246],[-114.810468,47.82329],[-114.810198,47.823327],[-114.809989,47.823399],[-114.809899,47.823475],[-114.809866,47.823556],[-114.809842,47.823645],[-114.80984,47.823738],[-114.809859,47.823925],[-114.809882,47.824072],[-114.809896,47.824258],[-114.809881,47.824429],[-114.809802,47.824573],[-114.809713,47.824659],[-114.809509,47.82479],[-114.80928,47.824896],[-114.809069,47.824999],[-114.808791,47.825191],[-114.808611,47.825306],[-114.808345,47.825503],[-114.80806,47.82571],[-114.807806,47.825898],[-114.807497,47.826151],[-114.807253,47.826407],[-114.80704,47.826678],[-114.80677,47.826995],[-114.806504,47.827268],[-114.806265,47.827576],[-114.806072,47.82784],[-114.805779,47.828332],[-114.805606,47.828683],[-114.805436,47.82898],[-114.805224,47.829182],[-114.805061,47.829351],[-114.804964,47.829518],[-114.804728,47.829812],[-114.804458,47.830082],[-114.804207,47.8303],[-114.803948,47.830565],[-114.803498,47.830926],[-114.803179,47.831199],[-114.802782,47.831508],[-114.802261,47.831848],[-114.801811,47.832198],[-114.801519,47.832418],[-114.801258,47.832625],[-114.800845,47.832938],[-114.800434,47.833273],[-114.800054,47.833634],[-114.799832,47.833902],[-114.799563,47.834222],[-114.799272,47.834543],[-114.799059,47.834808],[-114.798789,47.835093],[-114.798571,47.835394],[-114.798181,47.835821],[-114.797901,47.8362],[-114.79773,47.836408],[-114.79751,47.836693],[-114.797357,47.837032],[-114.797249,47.837339],[-114.797072,47.837647],[-114.796818,47.837928],[-114.79669,47.838107],[-114.79656,47.838278],[-114.79637,47.838503],[-114.796234,47.838688],[-114.796037,47.838837],[-114.795744,47.839051],[-114.795351,47.839243],[-114.795084,47.839348],[-114.794781,47.839417],[-114.794537,47.839505],[-114.794308,47.839543],[-114.794034,47.839583],[-114.793733,47.839545],[-114.793456,47.839433],[-114.793081,47.839269],[-114.79282,47.839155],[-114.792696,47.8391],[-114.792452,47.839023],[-114.791989,47.838973],[-114.791663,47.838935],[-114.791491,47.838886],[-114.791297,47.838826],[-114.791182,47.838771],[-114.791068,47.83866],[-114.790842,47.838478],[-114.790319,47.838316],[-114.789978,47.838293],[-114.789662,47.838271],[-114.789294,47.838261],[-114.788836,47.838336],[-114.788723,47.838435],[-114.78851,47.838709],[-114.788397,47.838923],[-114.78834,47.839164],[-114.788318,47.839434],[-114.78822,47.839637],[-114.788307,47.83985],[-114.788365,47.84002],[-114.788413,47.840216],[-114.788471,47.840387],[-114.788464,47.840595],[-114.788495,47.840825],[-114.788518,47.841058],[-114.788552,47.841232],[-114.788559,47.841385],[-114.788566,47.841577],[-114.788553,47.841765],[-114.788495,47.841877],[-114.788349,47.842214],[-114.788248,47.84235],[-114.788242,47.842532],[-114.788211,47.842707],[-114.788176,47.842887],[-114.788136,47.8431],[-114.788102,47.843294],[-114.788087,47.843545],[-114.788064,47.84376],[-114.788047,47.843917],[-114.788071,47.844073],[-114.788109,47.844209],[-114.788149,47.844369],[-114.788247,47.844647],[-114.788264,47.844855],[-114.788345,47.845261],[-114.788331,47.845564],[-114.788337,47.845707],[-114.788354,47.845832],[-114.788314,47.846002],[-114.788335,47.846215],[-114.788452,47.846397],[-114.788525,47.846561],[-114.788525,47.846643],[-114.788475,47.846918],[-114.78854,47.847033],[-114.788572,47.847229],[-114.788596,47.847346],[-114.788599,47.84745],[-114.788582,47.847531],[-114.788533,47.847651],[-114.788409,47.847761],[-114.788262,47.847796],[-114.788116,47.847805],[-114.78798,47.847833],[-114.787871,47.847932],[-114.787888,47.848096],[-114.787969,47.84821],[-114.788106,47.84836],[-114.788205,47.848408],[-114.788466,47.848528],[-114.788721,47.848662],[-114.788881,47.848759],[-114.789084,47.848945],[-114.789279,47.849181],[-114.789426,47.849342],[-114.789517,47.849436],[-114.7896,47.849531],[-114.789711,47.849663]]},"properties":{"kind":"trail","id":"290","name":"RESERVATION DIVIDE","bmp":0,"emp":8.238,"mvum_symbol_name":"Trails open to motorcycles, Yearlong","seasonal":"yearlong","motorcycle_datesopen":"01/01-12/31","districtname":"Plains/Thompson Falls Ranger District","trailclass":"TC2 - MODERATELY DEVELOPED"}},{"type":"Feature","geometry":{"type":"LineString","coordinates":[[-115.190964,47.867658],[-115.191004,47.867725],[-115.191053,47.867797],[-115.19115,47.8679],[-115.191214,47.86796],[-115.191298,47.868022],[-115.191638,47.868219],[-115.191835,47.868339],[-115.192006,47.868416],[-115.192486,47.868617],[-115.193178,47.868861],[-115.193817,47.869025],[-115.193993,47.869068],[-115.194115,47.869101],[-115.194328,47.869145],[-115.194475,47.869177],[-115.194687,47.869248],[-115.195054,47.86936],[-115.195235,47.869403],[-115.195369,47.86944],[-115.196079,47.869727],[-115.196228,47.869786],[-115.196398,47.869846],[-115.196594,47.869919],[-115.197059,47.870138],[-115.198092,47.870664],[-115.198297,47.870784],[-115.198494,47.870903],[-115.19876,47.871058],[-115.198948,47.871167],[-115.199087,47.871245],[-115.199244,47.871375],[-115.19934,47.871502],[-115.199437,47.871607],[-115.199505,47.871667],[-115.200791,47.872225],[-115.201019,47.872329],[-115.201183,47.872412],[-115.201347,47.872456],[-115.201573,47.872511],[-115.201778,47.872591],[-115.201982,47.872658],[-115.202207,47.872741],[-115.202511,47.872871],[-115.202697,47.872961],[-115.20292,47.873058],[-115.203171,47.873191],[-115.203675,47.873466],[-115.203822,47.873541],[-115.203986,47.873618],[-115.204118,47.873672],[-115.204264,47.873733],[-115.204426,47.873794],[-115.204573,47.873837],[-115.204712,47.873876],[-115.204914,47.87393],[-115.205094,47.873968],[-115.205223,47.873992],[-115.205942,47.874022],[-115.205721,47.873684],[-115.205583,47.873465],[-115.205511,47.873364],[-115.20542,47.873245],[-115.205206,47.872931],[-115.205094,47.872764],[-115.204979,47.872605],[-115.204883,47.8724],[-115.204851,47.872297],[-115.204785,47.872132],[-115.204549,47.871963],[-115.203539,47.871348],[-115.203294,47.8712],[-115.203064,47.871074],[-115.20268,47.870815],[-115.202348,47.870576],[-115.202183,47.87045],[-115.202117,47.870373],[-115.202055,47.870286],[-115.201997,47.870203],[-115.201939,47.870082],[-115.201865,47.869968],[-115.201768,47.869791],[-115.201612,47.86956],[-115.201533,47.869467],[-115.201426,47.869384],[-115.201311,47.869308],[-115.201133,47.869171],[-115.200962,47.869028],[-115.200791,47.86888],[-115.200661,47.868776],[-115.200464,47.86858],[-115.200202,47.868274],[-115.19991,47.867802],[-115.199844,47.867687],[-115.199786,47.867566],[-115.199748,47.867439],[-115.199722,47.867313],[-115.199649,47.866984],[-115.199648,47.86682],[-115.199672,47.866739],[-115.199712,47.86666],[-115.199797,47.866573],[-115.199903,47.866502],[-115.200015,47.866436],[-115.200097,47.866402],[-115.200219,47.86636],[-115.200341,47.866315],[-115.20069,47.866221],[-115.200772,47.866184],[-115.200848,47.866134],[-115.200903,47.866079],[-115.200954,47.866019],[-115.200975,47.865916],[-115.201008,47.865804],[-115.201056,47.865722],[-115.201173,47.865628],[-115.201294,47.865537],[-115.201424,47.865421],[-115.201524,47.865367],[-115.201668,47.865263],[-115.201801,47.865169],[-115.201872,47.865108],[-115.202094,47.864935],[-115.202343,47.864746],[-115.20303,47.864193],[-115.203281,47.863942],[-115.203321,47.863783],[-115.203266,47.863697],[-115.203211,47.863596],[-115.203199,47.863485],[-115.203215,47.863426],[-115.203204,47.86333],[-115.203195,47.863242],[-115.203251,47.863158],[-115.203255,47.863091],[-115.203275,47.862973],[-115.20334,47.862695],[-115.203377,47.862617],[-115.20348,47.862494],[-115.203483,47.862433],[-115.203451,47.862378],[-115.20326,47.862169],[-115.20323,47.862101],[-115.203136,47.861995],[-115.203148,47.86189]]},"properties":{"kind":"trail","id":"1104","name":"FISHTRAP LAKE","bmp":0,"emp":2.078,"mvum_symbol_name":"Trails open to motorcycles, Yearlong","seasonal":"yearlong","motorcycle_datesopen":"01/01-12/31","districtname":"Plains/Thompson Falls Ranger District","trailclass":"TC2 - MODERATELY DEVELOPED"}},{"type":"Feature","geometry":{"type":"LineString","coordinates":[[-114.773622,47.240239],[-114.775349,47.241036],[-114.775498,47.241138],[-114.775588,47.241347],[-114.775603,47.24175],[-114.775672,47.241953],[-114.775744,47.242059],[-114.775966,47.242052],[-114.77683,47.24191],[-114.777126,47.241933],[-114.777455,47.242019],[-114.778428,47.242098],[-114.778686,47.242104],[-114.778941,47.242234],[-114.779296,47.242267],[-114.779866,47.242131],[-114.780092,47.242063],[-114.78047,47.24206],[-114.780921,47.242181],[-114.781862,47.242371],[-114.782189,47.242513],[-114.782687,47.242684],[-114.782928,47.242731],[-114.783233,47.242779],[-114.783416,47.242777],[-114.783866,47.243087],[-114.785054,47.243123],[-114.786645,47.24289],[-114.78952,47.241683],[-114.790289,47.241196],[-114.790505,47.241112],[-114.791181,47.241125],[-114.792176,47.241368],[-114.792633,47.241597],[-114.793785,47.242442],[-114.794715,47.243037],[-114.795088,47.24319],[-114.795692,47.243195],[-114.795939,47.243139],[-114.796419,47.242967],[-114.796794,47.242913],[-114.797392,47.242869],[-114.797727,47.242807],[-114.798117,47.242694],[-114.798175,47.242677],[-114.798984,47.242442],[-114.799858,47.242071],[-114.79994,47.242037],[-114.799954,47.242031],[-114.79998,47.24202],[-114.80325,47.240012],[-114.803633,47.239664],[-114.80388,47.239493],[-114.804243,47.239336],[-114.805999,47.238766],[-114.806195,47.238625],[-114.806344,47.238327],[-114.80645,47.23802],[-114.806719,47.237729],[-114.807112,47.237464],[-114.807499,47.237298],[-114.809223,47.236869],[-114.810214,47.236735],[-114.81049,47.236703],[-114.811285,47.236751],[-114.81243,47.23666],[-114.812752,47.236691],[-114.812883,47.236763],[-114.812959,47.236926],[-114.812912,47.237047],[-114.812914,47.237159],[-114.812976,47.237255],[-114.813111,47.237345],[-114.813319,47.237454],[-114.813532,47.237507],[-114.813633,47.237489],[-114.813703,47.237422],[-114.813672,47.237273],[-114.813678,47.237087],[-114.813761,47.236947],[-114.81395,47.236826],[-114.813968,47.236742],[-114.813893,47.236556],[-114.813919,47.236417],[-114.813982,47.236374],[-114.81407,47.236358],[-114.814292,47.236382],[-114.815165,47.236648],[-114.815361,47.236675],[-114.815465,47.236626],[-114.815543,47.236559],[-114.815579,47.23645],[-114.81553,47.236351],[-114.814815,47.235845],[-114.814679,47.235624],[-114.814686,47.235461],[-114.814684,47.235305],[-114.814734,47.235116],[-114.814793,47.235067],[-114.815033,47.235046],[-114.815213,47.23506],[-114.815388,47.235204],[-114.815439,47.235258],[-114.815499,47.235261],[-114.815484,47.235206],[-114.81564,47.23475],[-114.815711,47.234551],[-114.815743,47.234368],[-114.815829,47.234124],[-114.81588,47.233994],[-114.815785,47.233958],[-114.815723,47.233936],[-114.815786,47.23383],[-114.815977,47.233778],[-114.8162,47.233718],[-114.81625,47.233672],[-114.816214,47.233627],[-114.81619,47.233572],[-114.816172,47.233479],[-114.81624,47.233434],[-114.816393,47.233334],[-114.81653,47.233227],[-114.816652,47.233189],[-114.816805,47.233197],[-114.816894,47.233239],[-114.816988,47.233339],[-114.817035,47.233387],[-114.817127,47.233368],[-114.817195,47.233257],[-114.817257,47.233033],[-114.817266,47.232964],[-114.817342,47.232935],[-114.817439,47.232963],[-114.817562,47.232986],[-114.817627,47.232951],[-114.817695,47.232891],[-114.81771,47.232779],[-114.817732,47.232681],[-114.817875,47.232592],[-114.818121,47.232527],[-114.818285,47.232487],[-114.818681,47.232357],[-114.818943,47.232227],[-114.819304,47.231843],[-114.819428,47.231775],[-114.819555,47.231734],[-114.819682,47.23175],[-114.819732,47.231807],[-114.819546,47.232302],[-114.819438,47.232551],[-114.819487,47.232619],[-114.819559,47.232615],[-114.819721,47.232542],[-114.819845,47.232334],[-114.820125,47.23202],[-114.820359,47.231703],[-114.820405,47.231599],[-114.820374,47.231453],[-114.820383,47.231307],[-114.820331,47.231019],[-114.82022,47.230608],[-114.820149,47.230453],[-114.820102,47.230354],[-114.820126,47.230271],[-114.820187,47.230224],[-114.820287,47.230207],[-114.820337,47.230242],[-114.820406,47.230331],[-114.820551,47.230532],[-114.820685,47.230795],[-114.820729,47.230946],[-114.820916,47.231458],[-114.820935,47.231574],[-114.820953,47.23168],[-114.82093,47.231839],[-114.820872,47.23203],[-114.820814,47.232217],[-114.820656,47.232519],[-114.820637,47.232554],[-114.820561,47.23267],[-114.820555,47.232678],[-114.820331,47.233018],[-114.820284,47.233089],[-114.8202,47.233313],[-114.820157,47.233429],[-114.820068,47.233675],[-114.820382,47.233805]]},"properties":{"kind":"trail","id":"157","name":"IDAHO GULCH","bmp":0,"emp":3.3,"mvum_symbol_name":"Trails open to motorcycles, Yearlong","seasonal":"yearlong","motorcycle_datesopen":"01/01-12/31","districtname":"Superior Ranger District","trailclass":"TC3 - DEVELOPED"}},{"type":"Feature","geometry":{"type":"LineString","coordinates":[[-113.853187,46.750233],[-113.853305,46.750494],[-113.853395,46.750706],[-113.853476,46.750871],[-113.85359,46.751092],[-113.853702,46.751338],[-113.853732,46.751502],[-113.853734,46.751634],[-113.853645,46.751712],[-113.8535,46.751745],[-113.853228,46.751749],[-113.853072,46.751794],[-113.853094,46.751908],[-113.853367,46.752025],[-113.853653,46.752157],[-113.853855,46.752279],[-113.854035,46.752432],[-113.854235,46.75268],[-113.854342,46.752866],[-113.854515,46.753079],[-113.85478,46.753284],[-113.855013,46.753454],[-113.855213,46.753642],[-113.855365,46.75384],[-113.855484,46.753976],[-113.855658,46.754153],[-113.855858,46.754306],[-113.856083,46.75446],[-113.856356,46.754719],[-113.856427,46.754824],[-113.856506,46.754939],[-113.856681,46.755235],[-113.856851,46.755553],[-113.857044,46.755906],[-113.857265,46.756269],[-113.857481,46.756558],[-113.857708,46.756937],[-113.857574,46.757134],[-113.85753,46.757241],[-113.857546,46.757439],[-113.857659,46.757712],[-113.857661,46.757974],[-113.857435,46.758293],[-113.857166,46.758518],[-113.856838,46.758714],[-113.856456,46.758874],[-113.856019,46.759105],[-113.8557,46.759301],[-113.855357,46.759563],[-113.855182,46.759817],[-113.854998,46.760052],[-113.854797,46.760332],[-113.854678,46.760595],[-113.854608,46.760903],[-113.854594,46.761222],[-113.854617,46.761557],[-113.854601,46.761799],[-113.854482,46.762056],[-113.854328,46.762285],[-113.854169,46.762533],[-113.854163,46.762764],[-113.85418,46.763071],[-113.854188,46.763373],[-113.854154,46.76363],[-113.854002,46.763982],[-113.853818,46.764327],[-113.853654,46.76462],[-113.85351,46.764927],[-113.853397,46.765261],[-113.853356,46.765601],[-113.85334,46.765992],[-113.853345,46.766198],[-113.853348,46.766382],[-113.853397,46.766779],[-113.85351,46.767154],[-113.853621,46.767541],[-113.853764,46.76797],[-113.853926,46.768439],[-113.854106,46.768874],[-113.854254,46.769172],[-113.854303,46.769267],[-113.854353,46.769362],[-113.854396,46.769446],[-113.854438,46.769528],[-113.854515,46.769684],[-113.854567,46.76979],[-113.854605,46.769854],[-113.85486,46.770279],[-113.855104,46.770668],[-113.855406,46.771041],[-113.855751,46.771438],[-113.856069,46.771756],[-113.856413,46.772048],[-113.856816,46.772376],[-113.857236,46.772673],[-113.857629,46.772875],[-113.85807,46.773089],[-113.858604,46.773314],[-113.859138,46.77353],[-113.859651,46.773739],[-113.860161,46.773967],[-113.860187,46.773982],[-113.860585,46.774214],[-113.861058,46.774565],[-113.86145,46.774962],[-113.861754,46.775369],[-113.862046,46.775762],[-113.862313,46.776092],[-113.862522,46.776438],[-113.862634,46.776739],[-113.862778,46.77703],[-113.862911,46.77725],[-113.863111,46.77755],[-113.86327,46.777841],[-113.863302,46.778036],[-113.863719,46.77834],[-113.864072,46.778648],[-113.864375,46.778939],[-113.864668,46.779246],[-113.865063,46.779712],[-113.865328,46.780018],[-113.865693,46.780374],[-113.865982,46.780681],[-113.866844,46.780839],[-113.868116,46.780991],[-113.868518,46.781061],[-113.868872,46.781191],[-113.869804,46.781627],[-113.870156,46.781735],[-113.870499,46.781722],[-113.870875,46.781608],[-113.871211,46.781516],[-113.871996,46.781436],[-113.872393,46.781449],[-113.873128,46.781521],[-113.87372,46.781627],[-113.874477,46.781841],[-113.874895,46.781854],[-113.875225,46.781691],[-113.875577,46.781527],[-113.875996,46.781433],[-113.876501,46.781549],[-113.876798,46.781613],[-113.877143,46.781776],[-113.877625,46.782072],[-113.877786,46.782302],[-113.877798,46.78299],[-113.877903,46.783206],[-113.877892,46.783663],[-113.87847,46.784151],[-113.878537,46.784242],[-113.878579,46.784342],[-113.878588,46.784363],[-113.878659,46.784457],[-113.87871,46.784498],[-113.878753,46.784522],[-113.878801,46.784561],[-113.878866,46.784424],[-113.878893,46.784374],[-113.878943,46.78436],[-113.878977,46.784382],[-113.87911,46.784478],[-113.879199,46.784541],[-113.879277,46.784555],[-113.879352,46.784549],[-113.879492,46.784513],[-113.879623,46.784467],[-113.879707,46.78439],[-113.879811,46.784305],[-113.879995,46.784214],[-113.880438,46.784069],[-113.880929,46.783911],[-113.881051,46.783883],[-113.881185,46.783866],[-113.881262,46.783865],[-113.881417,46.78389],[-113.881535,46.783893],[-113.881724,46.783869],[-113.881924,46.783816],[-113.882104,46.783802],[-113.882203,46.783784],[-113.882327,46.783729],[-113.882498,46.783688],[-113.882736,46.78364],[-113.882883,46.783607],[-113.883003,46.783541],[-113.883123,46.783524],[-113.883332,46.783537],[-113.883706,46.783564],[-113.883821,46.783571],[-113.883983,46.783548],[-113.884202,46.783511],[-113.884283,46.783484],[-113.884428,46.783343],[-113.884538,46.783295],[-113.884612,46.783259],[-113.884679,46.783195],[-113.884778,46.782995],[-113.884865,46.782913],[-113.884989,46.782863],[-113.885181,46.782784],[-113.885296,46.782665],[-113.885532,46.78253],[-113.885706,46.782497],[-113.88614,46.78237],[-113.886313,46.782283],[-113.886611,46.78218],[-113.886976,46.782021],[-113.887133,46.781939],[-113.887223,46.781897],[-113.887858,46.781727],[-113.888246,46.781695],[-113.888659,46.781675],[-113.888885,46.781709],[-113.889455,46.781682],[-113.889615,46.781721],[-113.890193,46.782078],[-113.890267,46.782142],[-113.890282,46.782199],[-113.890335,46.782268]]},"properties":{"kind":"trail","id":"512","name":"MILLER DIVIDE","bmp":0,"emp":3.9568000000000003,"mvum_symbol_name":"Trails open to motorcycles, Seasonal","seasonal":"seasonal","motorcycle_datesopen":"04/01-11/30","districtname":"Missoula Ranger District","trailclass":"TC2 - MODERATELY DEVELOPED"}},{"type":"Feature","geometry":{"type":"LineString","coordinates":[[-114.889274,47.838652],[-114.889032,47.838878],[-114.888882,47.839047],[-114.888721,47.839316],[-114.888555,47.839645],[-114.88846,47.839913],[-114.888377,47.84017],[-114.888345,47.840462],[-114.888385,47.840768],[-114.888481,47.841151],[-114.888556,47.84148],[-114.888635,47.841771],[-114.888659,47.842014],[-114.888602,47.842286],[-114.888594,47.842407],[-114.888605,47.842594],[-114.8887,47.842886],[-114.888733,47.843088],[-114.888716,47.843284],[-114.888644,47.843449],[-114.888488,47.843646],[-114.888308,47.843839],[-114.888097,47.844013],[-114.887764,47.844304],[-114.887477,47.844534],[-114.887078,47.844825],[-114.886603,47.845209],[-114.886302,47.845416],[-114.88619,47.84552],[-114.885944,47.845784],[-114.885864,47.84592],[-114.885799,47.8462],[-114.88578,47.846531],[-114.885757,47.846947],[-114.885757,47.847345],[-114.885746,47.847791],[-114.885697,47.848192],[-114.885577,47.848458],[-114.885468,47.848546],[-114.885142,47.848635],[-114.884355,47.848798],[-114.88389,47.848919],[-114.883578,47.849062],[-114.883326,47.849159],[-114.88306,47.849227],[-114.882839,47.849259],[-114.882382,47.849269],[-114.881674,47.849373],[-114.88129,47.84941],[-114.880916,47.849461],[-114.880599,47.84952],[-114.880051,47.849702],[-114.879937,47.849746],[-114.879726,47.849881],[-114.879563,47.85004],[-114.879295,47.850374],[-114.879031,47.850705],[-114.87877,47.850951],[-114.878537,47.851143],[-114.878291,47.851297],[-114.877877,47.851515],[-114.8774,47.851729],[-114.87707,47.851849],[-114.876807,47.85191],[-114.876465,47.851965],[-114.87602,47.852041],[-114.875906,47.852047],[-114.875817,47.852012],[-114.875662,47.851942],[-114.875414,47.851833],[-114.875185,47.851728],[-114.874939,47.851652],[-114.874711,47.851635],[-114.874463,47.851636],[-114.874348,47.851718],[-114.874231,47.851878],[-114.874174,47.851999],[-114.874141,47.852213],[-114.874129,47.852346],[-114.874157,47.852578],[-114.874095,47.852682]]},"properties":{"kind":"trail","id":"1215","name":"SNOWSTORM-ROCK CREEK","bmp":0,"emp":1.609,"mvum_symbol_name":"Trails open to motorcycles, Yearlong","seasonal":"yearlong","motorcycle_datesopen":"01/01-12/31","districtname":"Plains/Thompson Falls Ranger District","trailclass":"TC2 - MODERATELY DEVELOPED"}},{"type":"Feature","geometry":{"type":"LineString","coordinates":[[-115.514897,47.536111],[-115.514884,47.536094],[-115.514533,47.535975],[-115.514213,47.535694],[-115.514215,47.535557],[-115.514402,47.535272],[-115.514397,47.534781],[-115.514271,47.533827],[-115.514395,47.533431],[-115.514446,47.532845],[-115.514409,47.53259],[-115.514222,47.532142],[-115.513939,47.531733],[-115.513725,47.531184],[-115.513718,47.53083],[-115.513865,47.53049],[-115.513988,47.530381],[-115.514041,47.530252],[-115.513984,47.530049],[-115.513944,47.529845],[-115.513981,47.52958],[-115.513865,47.529301],[-115.513713,47.529127],[-115.513645,47.528854],[-115.513634,47.528603],[-115.513743,47.52838],[-115.513947,47.528095],[-115.514339,47.527971],[-115.514688,47.527886],[-115.514777,47.527711],[-115.514922,47.527445],[-115.515121,47.52731],[-115.51537,47.526888],[-115.515407,47.526542],[-115.515561,47.526144],[-115.515764,47.525819],[-115.515984,47.525511],[-115.516074,47.525374],[-115.515991,47.525145],[-115.515952,47.524979],[-115.515936,47.52459],[-115.516019,47.52425],[-115.516203,47.523723],[-115.516284,47.523301],[-115.516352,47.522536],[-115.516465,47.522178],[-115.516224,47.521519],[-115.51565,47.520265],[-115.515438,47.519644],[-115.515196,47.519057],[-115.514793,47.518366],[-115.51455,47.517944],[-115.514356,47.517778],[-115.513905,47.51734],[-115.513659,47.517144],[-115.513727,47.516693],[-115.515252,47.515649],[-115.516493,47.514945],[-115.51721,47.51461],[-115.517536,47.514268],[-115.518066,47.513526],[-115.518882,47.512768],[-115.519495,47.512086],[-115.51973,47.511618],[-115.519639,47.510986],[-115.519855,47.51035],[-115.519834,47.509695],[-115.520002,47.509241],[-115.522297,47.51016],[-115.522959,47.511165],[-115.523102,47.512419],[-115.523135,47.512714],[-115.52394,47.512078],[-115.524249,47.510949],[-115.524819,47.510177],[-115.525062,47.509422],[-115.524308,47.509535],[-115.523772,47.509638],[-115.523193,47.509371],[-115.522548,47.508514],[-115.523084,47.507447],[-115.523637,47.506527],[-115.52388,47.505772],[-115.523838,47.504438],[-115.523125,47.502991],[-115.521986,47.50164],[-115.521265,47.500119],[-115.521374,47.499149],[-115.522178,47.497548],[-115.523995,47.496191],[-115.524771,47.495786],[-115.526214,47.495034],[-115.526683,47.494789],[-115.526834,47.494187],[-115.525698,47.493624],[-115.525209,47.493381],[-115.524835,47.49278],[-115.524464,47.492184],[-115.524271,47.491872],[-115.523533,47.490203],[-115.523201,47.489595],[-115.522427,47.488182],[-115.522388,47.488118],[-115.522244,47.487884],[-115.522133,47.487621],[-115.522004,47.487199],[-115.521921,47.487008],[-115.521558,47.486416],[-115.52105,47.485769]]},"properties":{"kind":"trail","id":"604","name":"DAISY CREEK","bmp":0.9,"emp":5.9017,"mvum_symbol_name":"Trails open to motorcycles, Yearlong","seasonal":"yearlong","motorcycle_datesopen":"01/01-12/31","districtname":"Plains/Thompson Falls Ranger District","trailclass":"TC2 - MODERATELY DEVELOPED"}},{"type":"Feature","geometry":{"type":"LineString","coordinates":[[-115.389927,47.427367],[-115.389935,47.427925],[-115.390016,47.428108],[-115.389968,47.428294],[-115.389755,47.428638],[-115.389537,47.428864],[-115.389392,47.42894],[-115.389239,47.428912],[-115.389166,47.428841],[-115.389092,47.42843],[-115.388931,47.428293],[-115.388707,47.428287],[-115.387799,47.428824],[-115.386637,47.429741],[-115.386576,47.429828],[-115.386562,47.429847],[-115.385689,47.431098],[-115.385616,47.431168],[-115.385215,47.431544],[-115.384751,47.432059],[-115.384421,47.43248],[-115.384166,47.432719],[-115.383861,47.433161],[-115.383827,47.433412],[-115.383842,47.433568],[-115.383852,47.433688],[-115.383861,47.433785],[-115.383793,47.433966],[-115.383652,47.434092],[-115.383443,47.434206],[-115.38335,47.434256],[-115.383322,47.434326],[-115.383271,47.434453],[-115.383164,47.435102],[-115.383157,47.435155],[-115.383124,47.435374],[-115.383212,47.435631],[-115.383312,47.435718],[-115.383299,47.436126],[-115.383178,47.436795],[-115.383164,47.436974],[-115.382951,47.437301],[-115.382441,47.437545],[-115.382056,47.437633],[-115.381059,47.438072],[-115.379977,47.438795],[-115.379645,47.439315],[-115.37957,47.439809],[-115.379441,47.440173],[-115.378931,47.441312],[-115.378767,47.441516],[-115.377225,47.442846],[-115.376389,47.443681],[-115.3754,47.444473],[-115.374638,47.444762],[-115.373841,47.444975],[-115.373589,47.444977],[-115.373392,47.444924],[-115.372314,47.445189],[-115.371853,47.445243],[-115.37103,47.44531],[-115.369759,47.445298],[-115.369008,47.445176],[-115.368381,47.44495],[-115.36796,47.444928],[-115.367489,47.44496],[-115.366715,47.445137],[-115.366316,47.44516],[-115.364846,47.445056],[-115.364506,47.445068],[-115.364289,47.445159],[-115.363401,47.445774],[-115.361049,47.44679],[-115.359839,47.448048],[-115.358183,47.449237],[-115.357448,47.44955],[-115.356179,47.44995],[-115.354796,47.450603],[-115.353931,47.451357],[-115.353663,47.451684],[-115.353519,47.451958],[-115.353405,47.45283],[-115.353147,47.453467],[-115.352236,47.454943],[-115.351608,47.455563],[-115.350606,47.456107],[-115.349343,47.457009],[-115.348529,47.457785],[-115.348162,47.458276],[-115.347986,47.458662],[-115.348052,47.459302],[-115.348011,47.459807],[-115.348329,47.460553],[-115.348198,47.460769],[-115.347665,47.460895],[-115.347278,47.461134],[-115.347017,47.461409],[-115.346777,47.461809],[-115.34663,47.462682],[-115.346867,47.463613],[-115.346956,47.465374],[-115.346828,47.4659],[-115.346553,47.466423],[-115.345743,47.467234],[-115.345702,47.467376],[-115.345923,47.467541],[-115.346059,47.467561],[-115.346075,47.467671],[-115.344346,47.468649],[-115.343245,47.469728],[-115.342816,47.470069],[-115.341793,47.470497],[-115.340416,47.470837],[-115.338789,47.471167],[-115.338275,47.471209],[-115.337344,47.471182],[-115.336655,47.471223],[-115.335442,47.471364],[-115.335226,47.471468],[-115.334625,47.471931]]},"properties":{"kind":"trail","id":"812","name":"CAMERON PEAK","bmp":0,"emp":5,"mvum_symbol_name":"Trails open to motorcycles, Yearlong","seasonal":"yearlong","motorcycle_datesopen":"01/01-12/31","districtname":"Superior Ranger District","trailclass":"TC3 - DEVELOPED"}},{"type":"Feature","geometry":{"type":"LineString","coordinates":[[-115.344754,47.524782],[-115.344868,47.524571],[-115.344898,47.524272],[-115.344754,47.52399],[-115.344567,47.523773],[-115.34412,47.523383],[-115.343783,47.523038],[-115.343344,47.522759],[-115.342664,47.522185],[-115.342408,47.521962],[-115.341969,47.52152],[-115.341744,47.521329],[-115.341647,47.521229],[-115.341488,47.520906],[-115.341338,47.520532],[-115.341215,47.520277],[-115.341118,47.519932],[-115.341106,47.519822],[-115.341285,47.519491],[-115.341551,47.518964],[-115.341891,47.518225],[-115.34197,47.517954],[-115.341862,47.517554],[-115.341835,47.517306],[-115.341976,47.516894],[-115.342242,47.516017],[-115.342322,47.51527],[-115.342246,47.515074],[-115.342213,47.514891],[-115.342323,47.514701],[-115.342385,47.5144],[-115.342517,47.513951],[-115.342356,47.51348],[-115.342102,47.513106],[-115.341977,47.512756],[-115.341732,47.512461],[-115.341677,47.512012],[-115.341574,47.511635],[-115.341407,47.510917],[-115.341294,47.510754],[-115.341253,47.510544],[-115.341312,47.510182],[-115.341267,47.509401],[-115.341148,47.509102],[-115.34106,47.508966],[-115.340828,47.50871],[-115.340582,47.508535],[-115.340373,47.508408],[-115.340208,47.508179],[-115.339843,47.507961],[-115.339617,47.507795],[-115.339509,47.507683],[-115.339508,47.507348],[-115.339506,47.506915],[-115.339334,47.506626],[-115.339278,47.506408],[-115.339235,47.506063],[-115.338947,47.505706],[-115.338536,47.505425],[-115.337532,47.504804],[-115.336898,47.504526],[-115.336365,47.504288],[-115.335805,47.504142],[-115.335393,47.504067],[-115.334633,47.503832],[-115.333848,47.503623],[-115.333324,47.503477],[-115.332905,47.503287],[-115.332661,47.503173],[-115.332156,47.503009],[-115.331854,47.502925],[-115.331642,47.502813],[-115.331121,47.502363],[-115.330829,47.502224],[-115.330693,47.502059],[-115.330562,47.501937],[-115.330277,47.501739],[-115.330011,47.501541],[-115.329588,47.501329],[-115.329236,47.501135],[-115.329002,47.500987],[-115.328811,47.500815],[-115.328654,47.500626],[-115.328471,47.500439],[-115.328265,47.500139],[-115.328217,47.499985],[-115.328116,47.499815],[-115.327936,47.499618],[-115.32774,47.499444],[-115.327429,47.499211],[-115.3273,47.49911],[-115.327165,47.498914],[-115.327035,47.498764],[-115.326893,47.498663],[-115.325827,47.498084],[-115.325327,47.497947],[-115.32508,47.497922],[-115.324894,47.497837],[-115.324358,47.497504],[-115.324162,47.497324],[-115.324086,47.497125],[-115.324024,47.49687],[-115.323835,47.496606],[-115.323627,47.496191],[-115.323427,47.495812],[-115.323301,47.495525],[-115.322763,47.495017],[-115.322366,47.49461],[-115.321651,47.49399],[-115.321229,47.493721],[-115.320801,47.493489],[-115.320438,47.493273],[-115.319903,47.493209],[-115.319506,47.493097],[-115.318721,47.492785],[-115.318293,47.492623],[-115.317799,47.492403],[-115.317313,47.492188],[-115.316743,47.492045],[-115.316475,47.491965],[-115.316061,47.491937],[-115.315749,47.491901],[-115.314709,47.491933],[-115.314304,47.492026],[-115.313914,47.492162],[-115.313277,47.492565],[-115.312686,47.492944],[-115.312095,47.493285],[-115.311765,47.493454],[-115.311525,47.493545],[-115.310781,47.493722],[-115.309663,47.493999],[-115.309167,47.494106],[-115.308864,47.494142],[-115.308648,47.494128],[-115.308446,47.494078],[-115.308289,47.493989],[-115.308243,47.493898],[-115.308278,47.493799],[-115.308454,47.49366],[-115.308709,47.493581],[-115.309357,47.493349],[-115.310243,47.492878],[-115.310483,47.492708],[-115.310822,47.492343],[-115.311206,47.491816],[-115.311235,47.491712],[-115.311217,47.491631],[-115.311094,47.491518],[-115.310782,47.491371],[-115.310575,47.491312],[-115.310295,47.491278],[-115.309925,47.491121],[-115.30924,47.49085],[-115.308424,47.490577],[-115.308189,47.490483],[-115.307996,47.490335],[-115.307893,47.490168],[-115.307844,47.489971],[-115.307693,47.489727],[-115.307486,47.489553],[-115.307304,47.489441],[-115.307018,47.489356],[-115.305918,47.489215],[-115.305685,47.489205],[-115.305577,47.489153],[-115.305279,47.488836],[-115.30504,47.488654],[-115.304698,47.488378],[-115.304537,47.488253],[-115.304315,47.488146],[-115.304112,47.488081],[-115.303832,47.488007],[-115.303746,47.48796],[-115.303691,47.487863],[-115.30369,47.487567],[-115.303619,47.486599],[-115.30357,47.486472],[-115.303519,47.486371],[-115.30342,47.486283],[-115.303304,47.486207],[-115.303056,47.486101],[-115.302861,47.486029],[-115.302277,47.485953],[-115.301598,47.485908],[-115.301091,47.485922],[-115.300433,47.486061],[-115.300219,47.486062],[-115.300009,47.486022],[-115.299634,47.485898],[-115.299168,47.485674],[-115.298496,47.485287],[-115.298222,47.48515],[-115.297962,47.484848],[-115.297954,47.484776],[-115.298017,47.4847],[-115.298224,47.484554],[-115.298305,47.484435],[-115.298344,47.48426],[-115.298336,47.484112],[-115.298278,47.483943],[-115.298146,47.483714],[-115.298134,47.483608],[-115.298197,47.483527],[-115.298643,47.483205],[-115.298762,47.483105],[-115.298779,47.483017],[-115.298771,47.482908],[-115.298708,47.482735],[-115.298605,47.482542],[-115.298451,47.482346],[-115.298085,47.481978],[-115.29787,47.48168],[-115.297798,47.481557],[-115.297768,47.481446],[-115.297744,47.481263],[-115.297901,47.480986],[-115.297926,47.480891],[-115.297877,47.480488],[-115.297806,47.480361],[-115.297792,47.479914],[-115.29774,47.479596],[-115.297618,47.479542]]},"properties":{"kind":"trail","id":"571","name":"KNOX CREEK","bmp":0,"emp":4.3,"mvum_symbol_name":"Trails open to vehicles 50\" or less in width, Seasonal","seasonal":"seasonal","atv_datesopen":"05/15-12/01","motorcycle_datesopen":"05/15-12/01","otherwheeled_ohv_datesopen":"05/15-12/01","tracked_ohv_lt50_datesopen":"05/15-12/01","other_ohv_lt50_datesopen":"05/15-12/01","districtname":"Plains/Thompson Falls Ranger District","trailclass":"TC3 - DEVELOPED"}}]}